ID,SKU,name,description,current_price,current_stock,status,creation_date,last_update
1,P00001,Gillette Mach3 presentación familiar,Rastrillo para afeitar con tres hojas,174.35,129,1,2026-01-04 16:00:00,2026-02-09 02:00:00
2,P00002,Gillette Mach3 paquete con 2 piezas,Rastrillo para afeitar con tres hojas,189.17,106,0,2026-01-31 16:15:00,2026-02-10 00:15:00
3,P00003,Cinsa Olla de presión 6L modelo 2026,Olla de presión de aluminio de 6 litros,984.12,74,1,2026-05-12 12:00:00,2026-06-06 22:30:00
4,P00004,Kingston NV2 1TB versión estándar,Unidad SSD NVMe M.2 de 1 TB,1385.7,127,1,2026-04-16 11:00:00,2026-05-06 15:00:00
5,P00005,SanDisk Ultra microSD 128GB paquete con 2 piezas,Tarjeta microSD de 128 GB,319.92,5,1,2026-04-02 10:00:00,2026-05-12 22:15:00
6,P00006,JBL Go 4 paquete con 2 piezas,Bocina portátil Bluetooth,1163.83,52,1,2026-01-12 19:30:00,2026-01-19 04:15:00
7,P00007,Tefal Plancha Ultragliss versión estándar,Plancha de vapor para ropa,1092.66,134,1,2026-06-23 12:00:00,2026-07-07 00:30:00
8,P00008,Colgate Total 12 edición especial,Pasta dental de protección integral,71.08,130,1,2026-04-18 09:30:00,2026-04-28 18:00:00
9,P00009,Sterilite Caja organizadora 40L,Caja plástica con tapa para almacenamiento,359.45,26,1,2026-01-19 17:45:00,2026-02-26 01:45:00
10,P00010,Nike Revolution 7 versión estándar,Tenis deportivos para entrenamiento,1773.36,139,1,2026-03-09 12:30:00,2026-03-31 17:30:00
11,P00011,Tramontina Juego de cuchillos 6 piezas color rojo,Set de cuchillos para cocina,834.79,8,1,2026-09-17 10:00:00,2026-10-03 12:45:00
12,P00012,Logitech Teclado K120 versión estándar,Teclado alámbrico USB de tamaño completo,326.84,118,1,2026-07-17 10:00:00,2026-08-06 15:00:00
13,P00013,Pedigree Adulto 2kg color rojo,Alimento seco para perros adultos,172.74,115,1,2026-09-15 15:45:00,2026-09-30 22:15:00
14,P00014,Logitech Teclado K120 presentación familiar,Teclado alámbrico USB de tamaño completo,367.18,8,1,2026-01-27 11:00:00,2026-02-07 12:30:00
15,P00015,Sterilite Caja organizadora 40L modelo 2026,Caja plástica con tapa para almacenamiento,358.78,4,1,2026-07-14 12:15:00,2026-08-03 14:00:00
16,P00016,Sterilite Caja organizadora 40L edición especial,Caja plástica con tapa para almacenamiento,324.1,112,1,2026-06-07 16:30:00,2026-07-13 00:15:00
17,P00017,APC Back-UPS 600VA edición especial,Sistema de respaldo de energía de 600 VA,1721.62,26,1,2026-08-05 10:30:00,2026-08-24 22:00:00
18,P00018,Post-it Notas adhesivas 76x76mm modelo 2026,Bloc de notas adhesivas amarillas,76.79,128,0,2026-05-23 17:45:00,2026-07-05 01:15:00
19,P00019,Puma Essentials Hoodie color rojo,Sudadera deportiva con capucha,1014.08,68,1,2026-07-11 19:45:00,2026-07-29 06:15:00
20,P00020,Black+Decker Tostador 2 rebanadas color rojo,Tostador eléctrico de dos ranuras,534.37,141,1,2026-04-02 15:15:00,2026-05-06 02:30:00
21,P00021,Bosch Bujía de encendido,Bujía para motor de gasolina,128.7,45,1,2026-05-02 16:45:00,2026-05-20 20:15:00
22,P00022,Kingston NV2 1TB color negro,Unidad SSD NVMe M.2 de 1 TB,1267.49,119,1,2026-07-12 17:15:00,2026-07-30 21:45:00
23,P00023,Philips Hervidor HD9350 modelo 2026,Hervidor eléctrico de acero inoxidable,905.21,29,1,2026-09-01 13:15:00,2026-09-12 13:30:00
24,P00024,Logitech Webcam C920s paquete individual,Cámara web Full HD con micrófono estéreo,1408.6,10,1,2026-03-10 15:15:00,2026-03-24 22:30:00
25,P00025,Whiskas Adulto 1.5kg modelo 2026,Alimento seco para gatos adultos,146.92,115,1,2026-04-29 12:45:00,2026-05-11 20:30:00
26,P00026,Hamilton Beach Cafetera 12 tazas paquete con 2 piezas,Cafetera programable de 12 tazas,866.72,68,1,2026-03-10 11:00:00,2026-03-23 18:30:00
27,P00027,Colgate Total 12 edición especial,Pasta dental de protección integral,71.69,27,1,2026-08-07 16:30:00,2026-09-14 00:30:00
28,P00028,Vasconia Cacerola 24cm presentación familiar,Cacerola de aluminio con tapa,522.67,100,1,2026-06-02 08:00:00,2026-06-26 12:30:00
29,P00029,Bosch Bujía de encendido paquete con 2 piezas,Bujía para motor de gasolina,121.82,1,1,2026-03-07 09:45:00,2026-04-16 11:15:00
30,P00030,Castrol GTX 5W-30 1L paquete con 2 piezas,Aceite para motor de automóvil,176.16,95,1,2026-08-22 18:00:00,2026-10-02 21:00:00
31,P00031,Rubbermaid Contenedor 10L paquete individual,Contenedor plástico para almacenamiento,218.99,127,1,2026-05-23 15:15:00,2026-06-19 19:45:00
32,P00032,Wilson Pelota de tenis Championship paquete individual,Pelota de tenis para entrenamiento,128.18,92,1,2026-01-27 13:30:00,2026-02-18 21:45:00
33,P00033,TP-Link Archer C6 paquete individual,Router inalámbrico Gigabit AC1200,1116.48,138,1,2026-08-09 10:00:00,2026-09-16 16:45:00
34,P00034,Colgate Total 12 edición especial,Pasta dental de protección integral,66.22,60,1,2026-03-21 15:45:00,2026-05-04 19:45:00
35,P00035,Avery Etiquetas adhesivas presentación familiar,Paquete de etiquetas autoadhesivas,141.39,133,1,2026-02-11 12:45:00,2026-02-23 13:30:00
36,P00036,Kingston NV2 1TB,Unidad SSD NVMe M.2 de 1 TB,1331.84,36,1,2026-05-27 19:15:00,2026-06-17 04:15:00
37,P00037,Tefal Plancha Ultragliss presentación familiar,Plancha de vapor para ropa,1320.63,133,1,2026-02-23 17:00:00,2026-03-12 22:15:00
38,P00038,Bosch Bujía de encendido modelo 2026,Bujía para motor de gasolina,123.37,149,1,2026-06-16 10:30:00,2026-07-15 21:30:00
39,P00039,Kingston NV2 1TB color negro,Unidad SSD NVMe M.2 de 1 TB,1319.09,18,1,2026-04-05 12:45:00,2026-05-05 18:45:00
40,P00040,Logitech Teclado K120 versión estándar,Teclado alámbrico USB de tamaño completo,341.38,35,1,2026-04-24 19:45:00,2026-06-08 06:15:00
41,P00041,Nike Revolution 7 paquete individual,Tenis deportivos para entrenamiento,1748.0,72,1,2026-06-17 10:30:00,2026-06-29 14:00:00
42,P00042,Philips Hervidor HD9350 edición especial,Hervidor eléctrico de acero inoxidable,959.25,95,1,2026-09-08 14:30:00,2026-09-30 17:15:00
43,P00043,Tefal Plancha Ultragliss color azul,Plancha de vapor para ropa,1177.53,66,1,2026-05-27 09:30:00,2026-06-26 16:15:00
44,P00044,Logitech Mouse M185 presentación familiar,Mouse inalámbrico compacto con receptor USB,384.52,56,1,2026-09-02 09:30:00,2026-10-09 19:00:00
45,P00045,Cinsa Olla de presión 6L edición especial,Olla de presión de aluminio de 6 litros,1002.29,50,1,2026-06-09 08:45:00,2026-06-19 19:30:00
46,P00046,Tramontina Sartén 24cm color rojo,Sartén antiadherente de 24 centímetros,525.85,26,1,2026-06-16 14:00:00,2026-07-31 14:15:00
47,P00047,Vasconia Cacerola 24cm color rojo,Cacerola de aluminio con tapa,554.81,50,1,2026-08-30 10:00:00,2026-09-26 22:00:00
48,P00048,Hamilton Beach Cafetera 12 tazas edición especial,Cafetera programable de 12 tazas,805.89,14,1,2026-05-11 08:30:00,2026-05-28 16:30:00
49,P00049,Adidas Runfalcon 5 modelo 2026,Calzado deportivo para correr,1490.02,80,1,2026-09-11 08:00:00,2026-09-23 13:30:00
50,P00050,Sterilite Caja organizadora 40L color rojo,Caja plástica con tapa para almacenamiento,389.31,106,1,2026-08-17 19:45:00,2026-09-13 06:00:00
51,P00051,LG Monitor 24MP400-B edición especial,Monitor LED Full HD de 24 pulgadas,3120.71,5,1,2026-01-31 12:30:00,2026-03-10 21:45:00
52,P00052,Samsung Monitor T350 24 pulgadas modelo 2026,Monitor Full HD de 24 pulgadas con panel IPS,2939.17,144,1,2026-04-30 15:00:00,2026-05-20 17:15:00
53,P00053,JBL Go 4 presentación familiar,Bocina portátil Bluetooth,1004.39,100,1,2026-08-17 13:00:00,2026-09-09 17:00:00
54,P00054,Amazon Basics Cable HDMI 2m color azul,Cable HDMI de alta velocidad de 2 metros,206.02,18,1,2026-09-17 12:45:00,2026-10-25 17:30:00
55,P00055,Black+Decker Tostador 2 rebanadas modelo 2026,Tostador eléctrico de dos ranuras,514.36,85,1,2026-07-12 11:00:00,2026-08-19 14:15:00
56,P00056,Ninja Air Fryer 4L presentación familiar,Freidora de aire de 4 litros,1975.49,94,0,2026-07-20 18:30:00,2026-08-24 02:15:00
57,P00057,HP DeskJet 2875,Impresora multifuncional inalámbrica,1761.46,94,1,2026-04-19 14:30:00,2026-05-21 00:15:00
58,P00058,Wilson Pelota de tenis Championship paquete individual,Pelota de tenis para entrenamiento,124.12,101,1,2026-05-14 15:30:00,2026-05-15 20:15:00
59,P00059,Logitech Teclado K120 paquete con 2 piezas,Teclado alámbrico USB de tamaño completo,327.11,24,1,2026-05-25 10:00:00,2026-07-05 15:15:00
60,P00060,Logitech Mouse M185,Mouse inalámbrico compacto con receptor USB,325.92,98,1,2026-04-15 18:15:00,2026-05-29 02:15:00
61,P00061,Koblenz Aspiradora WD-2 color azul,Aspiradora para limpieza doméstica,1478.73,80,0,2026-02-28 17:30:00,2026-03-04 04:45:00
62,P00062,Samsung Monitor T350 24 pulgadas color azul,Monitor Full HD de 24 pulgadas con panel IPS,2767.5,113,1,2026-06-29 14:15:00,2026-07-17 20:15:00
63,P00063,LG Monitor 24MP400-B presentación familiar,Monitor LED Full HD de 24 pulgadas,2829.08,77,1,2026-07-07 16:15:00,2026-08-13 22:00:00
64,P00064,T-fal Juego de sartenes 3 piezas paquete con 2 piezas,Juego de sartenes antiadherentes,1201.08,14,1,2026-04-04 15:45:00,2026-04-11 23:30:00
65,P00065,Hamilton Beach Cafetera 12 tazas color negro,Cafetera programable de 12 tazas,770.52,120,1,2026-09-01 09:15:00,2026-09-29 14:45:00
66,P00066,Castrol GTX 5W-30 1L edición especial,Aceite para motor de automóvil,174.95,109,0,2026-09-11 15:15:00,2026-10-01 02:15:00
67,P00067,Oster Licuadora clásica edición especial,Licuadora de vaso para preparación de alimentos,976.05,36,1,2026-05-03 12:15:00,2026-05-15 21:45:00
68,P00068,Wilson Pelota de tenis Championship modelo 2026,Pelota de tenis para entrenamiento,140.29,142,1,2026-06-09 09:30:00,2026-07-12 19:00:00
69,P00069,Gillette Mach3,Rastrillo para afeitar con tres hojas,193.38,135,1,2026-07-15 15:45:00,2026-08-05 04:00:00
70,P00070,Puma Essentials Hoodie color azul,Sudadera deportiva con capucha,972.42,98,1,2026-05-10 11:00:00,2026-06-14 15:30:00
71,P00071,Logitech Mouse M185 presentación familiar,Mouse inalámbrico compacto con receptor USB,352.32,105,1,2026-08-21 11:45:00,2026-10-04 12:00:00
72,P00072,Pyrex Recipiente de vidrio 1L,Recipiente de vidrio resistente al calor,232.98,72,1,2026-09-01 17:00:00,2026-10-14 22:45:00
73,P00073,Logitech Mouse M185 versión estándar,Mouse inalámbrico compacto con receptor USB,382.21,130,1,2026-04-08 09:15:00,2026-04-18 10:45:00
74,P00074,JBL Tune 510BT presentación familiar,Audífonos inalámbricos Bluetooth,1002.86,115,1,2026-02-01 09:30:00,2026-02-13 16:00:00
75,P00075,Oster Licuadora clásica color azul,Licuadora de vaso para preparación de alimentos,979.37,74,1,2026-03-20 12:45:00,2026-04-29 17:45:00
76,P00076,Whiskas Adulto 1.5kg versión estándar,Alimento seco para gatos adultos,156.34,68,1,2026-03-25 10:30:00,2026-04-25 21:00:00
77,P00077,LG Monitor 24MP400-B modelo 2026,Monitor LED Full HD de 24 pulgadas,3013.79,56,1,2026-05-04 19:45:00,2026-05-28 02:15:00
78,P00078,Colgate Total 12 versión estándar,Pasta dental de protección integral,64.76,53,0,2026-03-27 08:15:00,2026-05-10 13:30:00
79,P00079,Logitech Mouse M185,Mouse inalámbrico compacto con receptor USB,343.15,90,1,2026-07-12 18:30:00,2026-08-10 00:15:00
80,P00080,Kingston DataTraveler Exodia 64GB,Memoria USB 3.2 de 64 GB,125.33,47,1,2026-02-08 17:30:00,2026-03-16 19:30:00
81,P00081,Logitech Teclado K120 paquete con 2 piezas,Teclado alámbrico USB de tamaño completo,335.38,14,1,2026-05-29 14:45:00,2026-06-01 15:00:00
82,P00082,Puma Essentials Hoodie paquete individual,Sudadera deportiva con capucha,1072.8,136,1,2026-05-17 16:45:00,2026-06-01 23:00:00
83,P00083,Everlast Guantes de boxeo 12 oz versión estándar,Guantes de boxeo para entrenamiento,637.51,137,0,2026-08-26 19:15:00,2026-09-28 01:30:00
84,P00084,Staedtler Lápiz Noris HB color azul,Lápiz de grafito HB,13.5,55,0,2026-01-01 08:15:00,2026-01-12 18:15:00
85,P00085,JBL Go 4 color azul,Bocina portátil Bluetooth,1190.61,69,1,2026-06-17 19:45:00,2026-07-10 05:00:00
86,P00086,Kingston NV2 1TB presentación familiar,Unidad SSD NVMe M.2 de 1 TB,1263.82,116,1,2026-07-03 11:45:00,2026-07-26 19:30:00
87,P00087,Oster Licuadora clásica paquete con 2 piezas,Licuadora de vaso para preparación de alimentos,998.79,14,0,2026-03-10 08:30:00,2026-03-18 13:00:00
88,P00088,Logitech Webcam C920s versión estándar,Cámara web Full HD con micrófono estéreo,1344.68,108,1,2026-06-23 17:30:00,2026-08-02 19:00:00
89,P00089,LG Monitor 24MP400-B color rojo,Monitor LED Full HD de 24 pulgadas,2652.31,116,1,2026-06-24 09:45:00,2026-06-29 15:15:00
90,P00090,LG Monitor 24MP400-B versión estándar,Monitor LED Full HD de 24 pulgadas,3115.82,97,1,2026-01-29 11:00:00,2026-01-29 16:00:00
91,P00091,LG Monitor 24MP400-B paquete con 2 piezas,Monitor LED Full HD de 24 pulgadas,2835.58,68,1,2026-05-24 13:00:00,2026-06-19 14:15:00
92,P00092,Spalding TF-1000 versión estándar,Balón de basquetbol para interiores,829.77,84,0,2026-07-22 14:45:00,2026-08-01 17:45:00
93,P00093,Whiskas Adulto 1.5kg color azul,Alimento seco para gatos adultos,137.77,146,1,2026-03-04 10:15:00,2026-03-19 15:15:00
94,P00094,SanDisk Ultra microSD 128GB,Tarjeta microSD de 128 GB,302.72,55,1,2026-07-23 17:30:00,2026-09-03 04:15:00
95,P00095,Vasconia Cacerola 24cm,Cacerola de aluminio con tapa,550.66,69,1,2026-01-25 14:15:00,2026-03-11 15:15:00
96,P00096,Amazon Basics Cable HDMI 2m versión estándar,Cable HDMI de alta velocidad de 2 metros,197.82,94,1,2026-08-07 11:30:00,2026-08-11 15:00:00
97,P00097,Dove Jabón corporal,Jabón corporal de uso diario,46.15,75,1,2026-03-14 09:45:00,2026-03-16 17:30:00
98,P00098,Tefal Plancha Ultragliss color azul,Plancha de vapor para ropa,1302.3,34,0,2026-04-13 16:00:00,2026-05-26 20:45:00
99,P00099,Oster Licuadora clásica versión estándar,Licuadora de vaso para preparación de alimentos,887.93,85,1,2026-04-12 16:00:00,2026-05-22 00:45:00
100,P00100,BIC Bolígrafo Cristal presentación familiar,Bolígrafo de tinta azul,12.23,11,0,2026-01-09 15:15:00,2026-02-14 15:45:00
101,P00101,Spalding TF-1000 color rojo,Balón de basquetbol para interiores,873.35,59,1,2026-01-08 08:30:00,2026-01-20 16:30:00
102,P00102,APC Back-UPS 600VA versión estándar,Sistema de respaldo de energía de 600 VA,1884.42,12,1,2026-07-28 10:45:00,2026-08-14 12:45:00
103,P00103,Nivea Crema corporal color azul,Crema hidratante para cuerpo,115.3,121,0,2026-06-09 13:15:00,2026-07-12 19:00:00
104,P00104,Kong Classic M paquete individual,Juguete resistente para perros,356.62,144,1,2026-06-29 11:00:00,2026-07-14 23:45:00
105,P00105,Oster Licuadora clásica edición especial,Licuadora de vaso para preparación de alimentos,995.11,108,0,2026-03-27 09:15:00,2026-03-29 17:30:00
106,P00106,Samsung Monitor T350 24 pulgadas color azul,Monitor Full HD de 24 pulgadas con panel IPS,2899.87,85,1,2026-03-21 15:30:00,2026-04-30 20:45:00
107,P00107,Kingston Fury Beast 8GB versión estándar,Memoria RAM DDR4 de 8 GB,539.92,7,1,2026-02-05 13:00:00,2026-03-11 23:45:00
108,P00108,SanDisk Ultra microSD 128GB color azul,Tarjeta microSD de 128 GB,323.62,75,1,2026-03-27 08:45:00,2026-05-04 19:45:00
109,P00109,UGREEN Adaptador USB-C versión estándar,Adaptador USB-C a USB 3.0,259.65,130,1,2026-02-23 19:15:00,2026-04-07 04:15:00
110,P00110,Oster Licuadora clásica versión estándar,Licuadora de vaso para preparación de alimentos,906.95,39,1,2026-04-11 19:45:00,2026-05-17 21:45:00
111,P00111,Logitech Webcam C920s color rojo,Cámara web Full HD con micrófono estéreo,1445.73,4,1,2026-08-14 17:30:00,2026-08-19 18:15:00
112,P00112,Tramontina Juego de cuchillos 6 piezas color negro,Set de cuchillos para cocina,850.92,141,1,2026-07-20 11:45:00,2026-08-18 11:45:00
113,P00113,Kingston Fury Beast 8GB versión estándar,Memoria RAM DDR4 de 8 GB,467.35,35,1,2026-07-19 14:00:00,2026-08-23 16:00:00
114,P00114,T-fal Juego de sartenes 3 piezas paquete individual,Juego de sartenes antiadherentes,1320.4,104,0,2026-01-02 13:00:00,2026-01-18 23:30:00
115,P00115,Pyrex Recipiente de vidrio 1L edición especial,Recipiente de vidrio resistente al calor,221.45,125,0,2026-08-21 09:15:00,2026-08-22 16:00:00
116,P00116,Koblenz Aspiradora WD-2 paquete individual,Aspiradora para limpieza doméstica,1731.75,26,1,2026-03-23 12:30:00,2026-03-31 00:15:00
117,P00117,Wilson Pelota de tenis Championship paquete con 2 piezas,Pelota de tenis para entrenamiento,136.38,133,1,2026-05-12 19:45:00,2026-05-22 05:00:00
118,P00118,Staedtler Lápiz Noris HB edición especial,Lápiz de grafito HB,15.39,90,1,2026-03-13 13:15:00,2026-04-24 01:15:00
119,P00119,SanDisk Ultra microSD 128GB color rojo,Tarjeta microSD de 128 GB,317.13,102,1,2026-09-12 12:45:00,2026-10-06 00:00:00
120,P00120,JBL Go 4 versión estándar,Bocina portátil Bluetooth,1027.99,38,1,2026-01-30 18:45:00,2026-02-04 06:30:00
121,P00121,Logitech Mouse M185 versión estándar,Mouse inalámbrico compacto con receptor USB,332.65,39,1,2026-08-31 17:00:00,2026-10-07 20:45:00
122,P00122,Whiskas Adulto 1.5kg paquete con 2 piezas,Alimento seco para gatos adultos,155.71,83,1,2026-05-18 18:15:00,2026-06-16 00:30:00
123,P00123,Pedigree Adulto 2kg presentación familiar,Alimento seco para perros adultos,153.8,147,1,2026-01-11 14:15:00,2026-02-15 16:45:00
124,P00124,APC Back-UPS 600VA paquete individual,Sistema de respaldo de energía de 600 VA,1860.94,78,1,2026-08-30 13:15:00,2026-09-19 20:45:00
125,P00125,Bosch Bujía de encendido color azul,Bujía para motor de gasolina,143.96,4,1,2026-03-28 11:30:00,2026-05-11 23:45:00
126,P00126,Kingston NV2 1TB paquete individual,Unidad SSD NVMe M.2 de 1 TB,1274.73,146,1,2026-04-07 17:30:00,2026-05-22 23:30:00
127,P00127,Everlast Guantes de boxeo 12 oz paquete con 2 piezas,Guantes de boxeo para entrenamiento,758.04,142,1,2026-01-12 17:00:00,2026-02-19 19:30:00
128,P00128,Castrol GTX 5W-30 1L color rojo,Aceite para motor de automóvil,154.61,4,1,2026-04-01 12:30:00,2026-04-01 12:45:00
129,P00129,Whiskas Adulto 1.5kg presentación familiar,Alimento seco para gatos adultos,146.96,50,0,2026-05-09 15:15:00,2026-06-12 23:30:00
130,P00130,Samsung Monitor T350 24 pulgadas modelo 2026,Monitor Full HD de 24 pulgadas con panel IPS,2771.0,136,1,2026-03-20 14:00:00,2026-04-17 16:15:00
131,P00131,Michelin Energy XM2+ color negro,Neumático para automóvil,1763.67,53,1,2026-05-10 10:00:00,2026-06-19 11:30:00
132,P00132,Post-it Notas adhesivas 76x76mm color rojo,Bloc de notas adhesivas amarillas,66.4,105,1,2026-06-20 19:30:00,2026-07-25 02:30:00
133,P00133,Tefal Plancha Ultragliss paquete con 2 piezas,Plancha de vapor para ropa,1114.47,70,1,2026-06-11 12:45:00,2026-07-06 15:45:00
134,P00134,Puma Essentials Hoodie paquete individual,Sudadera deportiva con capucha,1063.9,101,1,2026-01-22 11:45:00,2026-03-05 00:15:00
135,P00135,Post-it Notas adhesivas 76x76mm presentación familiar,Bloc de notas adhesivas amarillas,70.24,47,1,2026-04-11 11:45:00,2026-04-30 17:30:00
136,P00136,Tefal Plancha Ultragliss modelo 2026,Plancha de vapor para ropa,1327.02,27,1,2026-09-04 11:15:00,2026-09-13 13:45:00
137,P00137,Post-it Notas adhesivas 76x76mm versión estándar,Bloc de notas adhesivas amarillas,69.24,30,0,2026-05-27 14:15:00,2026-07-04 16:00:00
138,P00138,Whiskas Adulto 1.5kg,Alimento seco para gatos adultos,145.23,71,0,2026-03-02 16:15:00,2026-03-26 22:15:00
139,P00139,Sharpie Marcador permanente color azul,Marcador permanente de punta fina,32.45,136,1,2026-07-11 10:45:00,2026-08-09 11:15:00
140,P00140,Cinsa Olla de presión 6L edición especial,Olla de presión de aluminio de 6 litros,988.52,126,1,2026-09-11 15:00:00,2026-09-12 02:30:00
141,P00141,Samsung Monitor T350 24 pulgadas presentación familiar,Monitor Full HD de 24 pulgadas con panel IPS,2549.56,96,1,2026-02-18 09:45:00,2026-03-11 13:15:00
142,P00142,Philips Hervidor HD9350 presentación familiar,Hervidor eléctrico de acero inoxidable,1009.25,92,0,2026-05-24 08:30:00,2026-05-29 18:00:00
143,P00143,Everlast Guantes de boxeo 12 oz,Guantes de boxeo para entrenamiento,747.21,4,1,2026-02-06 08:00:00,2026-02-13 11:00:00
144,P00144,Pedigree Adulto 2kg color rojo,Alimento seco para perros adultos,177.08,33,1,2026-04-17 12:00:00,2026-05-17 22:15:00
145,P00145,Vasconia Cacerola 24cm paquete individual,Cacerola de aluminio con tapa,480.92,46,0,2026-03-01 10:00:00,2026-03-16 18:30:00
146,P00146,Pyrex Recipiente de vidrio 1L color negro,Recipiente de vidrio resistente al calor,228.87,125,1,2026-01-27 14:00:00,2026-02-18 19:15:00
147,P00147,BIC Bolígrafo Cristal versión estándar,Bolígrafo de tinta azul,12.94,23,1,2026-02-06 14:15:00,2026-02-23 22:30:00
148,P00148,Ninja Air Fryer 4L modelo 2026,Freidora de aire de 4 litros,1785.19,0,0,2026-07-18 12:00:00,2026-07-19 17:00:00
149,P00149,Tramontina Juego de cuchillos 6 piezas edición especial,Set de cuchillos para cocina,882.03,94,0,2026-09-02 09:45:00,2026-09-29 21:45:00
150,P00150,Logitech Webcam C920s presentación familiar,Cámara web Full HD con micrófono estéreo,1304.73,0,1,2026-02-12 09:30:00,2026-03-14 13:00:00
151,P00151,T-fal Juego de sartenes 3 piezas presentación familiar,Juego de sartenes antiadherentes,1151.19,30,1,2026-06-28 09:30:00,2026-08-07 18:00:00
152,P00152,Logitech Mouse M185 presentación familiar,Mouse inalámbrico compacto con receptor USB,373.59,98,1,2026-03-27 17:15:00,2026-04-08 21:45:00
153,P00153,Pilot G2 paquete con 2 piezas,Bolígrafo de gel de tinta negra,35.93,15,1,2026-08-23 08:15:00,2026-10-06 14:30:00
154,P00154,HP DeskJet 2875 modelo 2026,Impresora multifuncional inalámbrica,1876.99,133,1,2026-03-05 14:00:00,2026-03-06 16:00:00
155,P00155,Logitech Teclado K120 modelo 2026,Teclado alámbrico USB de tamaño completo,358.18,1,1,2026-08-11 13:30:00,2026-08-27 14:15:00
156,P00156,Gillette Mach3 paquete con 2 piezas,Rastrillo para afeitar con tres hojas,200.68,142,1,2026-03-22 14:00:00,2026-04-05 21:00:00
157,P00157,Dove Jabón corporal color negro,Jabón corporal de uso diario,44.19,111,1,2026-03-22 10:30:00,2026-04-30 21:30:00
158,P00158,Sharpie Marcador permanente presentación familiar,Marcador permanente de punta fina,37.74,15,1,2026-08-11 11:45:00,2026-09-22 22:45:00
159,P00159,Sharpie Marcador permanente paquete con 2 piezas,Marcador permanente de punta fina,33.62,90,1,2026-09-01 12:00:00,2026-09-25 22:00:00
160,P00160,Kingston NV2 1TB color azul,Unidad SSD NVMe M.2 de 1 TB,1505.19,73,0,2026-07-08 13:15:00,2026-08-05 22:15:00
161,P00161,JBL Go 4 modelo 2026,Bocina portátil Bluetooth,1059.87,0,1,2026-07-06 09:45:00,2026-08-07 18:30:00
162,P00162,Logitech Mouse M185 presentación familiar,Mouse inalámbrico compacto con receptor USB,314.72,95,1,2026-01-24 12:00:00,2026-02-06 16:15:00
163,P00163,Castrol GTX 5W-30 1L color negro,Aceite para motor de automóvil,168.23,106,1,2026-03-10 15:15:00,2026-04-19 17:30:00
164,P00164,Avery Etiquetas adhesivas modelo 2026,Paquete de etiquetas autoadhesivas,133.31,15,1,2026-07-25 09:15:00,2026-08-12 18:00:00
165,P00165,Adidas Runfalcon 5,Calzado deportivo para correr,1275.65,89,1,2026-05-10 12:00:00,2026-06-13 14:45:00
166,P00166,BIC Bolígrafo Cristal versión estándar,Bolígrafo de tinta azul,12.19,124,0,2026-09-06 11:00:00,2026-10-15 21:30:00
167,P00167,Sharpie Marcador permanente color rojo,Marcador permanente de punta fina,38.06,129,1,2026-09-12 13:45:00,2026-10-27 16:00:00
168,P00168,JBL Go 4,Bocina portátil Bluetooth,1037.5,118,1,2026-09-16 16:45:00,2026-10-25 22:15:00
169,P00169,Samsung Monitor T350 24 pulgadas,Monitor Full HD de 24 pulgadas con panel IPS,2492.85,67,1,2026-05-14 14:45:00,2026-06-22 15:45:00
170,P00170,Koblenz Aspiradora WD-2 color rojo,Aspiradora para limpieza doméstica,1531.64,56,0,2026-08-11 17:15:00,2026-09-10 05:45:00
171,P00171,Logitech Webcam C920s color rojo,Cámara web Full HD con micrófono estéreo,1382.45,44,0,2026-04-14 18:15:00,2026-05-05 03:15:00
172,P00172,Kingston Fury Beast 8GB color azul,Memoria RAM DDR4 de 8 GB,471.48,22,1,2026-02-17 16:45:00,2026-04-02 16:45:00
173,P00173,Sharpie Marcador permanente edición especial,Marcador permanente de punta fina,39.05,31,1,2026-05-21 14:30:00,2026-06-17 18:00:00
174,P00174,Tramontina Juego de cuchillos 6 piezas,Set de cuchillos para cocina,745.86,31,1,2026-04-30 17:00:00,2026-05-05 19:15:00
175,P00175,Oster Licuadora clásica edición especial,Licuadora de vaso para preparación de alimentos,980.73,23,1,2026-09-13 08:30:00,2026-10-23 16:45:00
176,P00176,HP DeskJet 2875 edición especial,Impresora multifuncional inalámbrica,1653.34,79,1,2026-01-20 09:45:00,2026-02-20 21:00:00
177,P00177,Colgate Total 12,Pasta dental de protección integral,77.01,4,1,2026-04-03 16:45:00,2026-04-16 03:45:00
178,P00178,Bosch Bujía de encendido versión estándar,Bujía para motor de gasolina,116.9,131,1,2026-08-01 19:15:00,2026-08-16 20:00:00
179,P00179,Logitech Webcam C920s paquete individual,Cámara web Full HD con micrófono estéreo,1400.26,138,0,2026-02-14 17:15:00,2026-02-20 00:00:00
180,P00180,Pyrex Recipiente de vidrio 1L presentación familiar,Recipiente de vidrio resistente al calor,233.5,2,1,2026-01-25 13:15:00,2026-03-11 15:45:00
181,P00181,Pedigree Adulto 2kg paquete con 2 piezas,Alimento seco para perros adultos,162.22,94,1,2026-02-23 19:00:00,2026-02-28 03:00:00
182,P00182,Michelin Energy XM2+ versión estándar,Neumático para automóvil,1878.35,84,1,2026-01-16 19:15:00,2026-02-25 07:45:00
183,P00183,Spalding TF-1000 paquete con 2 piezas,Balón de basquetbol para interiores,870.83,5,1,2026-04-20 08:45:00,2026-05-06 09:15:00
184,P00184,UGREEN Adaptador USB-C color rojo,Adaptador USB-C a USB 3.0,227.25,77,1,2026-02-05 14:15:00,2026-03-12 23:00:00
185,P00185,Kingston DataTraveler Exodia 64GB modelo 2026,Memoria USB 3.2 de 64 GB,131.53,95,1,2026-01-28 13:45:00,2026-03-14 21:15:00
186,P00186,Adidas Runfalcon 5,Calzado deportivo para correr,1492.35,44,1,2026-03-17 10:15:00,2026-03-22 12:30:00
187,P00187,Logitech Webcam C920s color rojo,Cámara web Full HD con micrófono estéreo,1410.57,65,1,2026-05-22 17:45:00,2026-06-01 18:00:00
188,P00188,SanDisk Ultra microSD 128GB paquete con 2 piezas,Tarjeta microSD de 128 GB,302.28,70,0,2026-09-01 08:30:00,2026-09-11 14:00:00
189,P00189,Gillette Mach3,Rastrillo para afeitar con tres hojas,173.41,26,0,2026-05-29 17:45:00,2026-07-04 03:15:00
190,P00190,Black+Decker Tostador 2 rebanadas color rojo,Tostador eléctrico de dos ranuras,539.81,1,1,2026-02-20 10:00:00,2026-03-10 17:30:00
191,P00191,Ninja Air Fryer 4L paquete con 2 piezas,Freidora de aire de 4 litros,2031.68,39,1,2026-07-17 09:15:00,2026-08-12 18:00:00
192,P00192,Post-it Notas adhesivas 76x76mm color azul,Bloc de notas adhesivas amarillas,66.96,87,1,2026-05-09 12:00:00,2026-06-21 15:45:00
193,P00193,Samsung Monitor T350 24 pulgadas paquete con 2 piezas,Monitor Full HD de 24 pulgadas con panel IPS,2990.43,71,0,2026-08-03 08:15:00,2026-08-03 17:30:00
194,P00194,Ninja Air Fryer 4L versión estándar,Freidora de aire de 4 litros,2007.46,95,1,2026-03-29 10:00:00,2026-04-24 11:15:00
195,P00195,Tramontina Juego de cuchillos 6 piezas paquete individual,Set de cuchillos para cocina,778.5,124,1,2026-03-08 12:30:00,2026-04-03 23:00:00
196,P00196,Nivea Crema corporal color azul,Crema hidratante para cuerpo,110.22,52,0,2026-04-11 14:15:00,2026-05-05 15:15:00
197,P00197,HP DeskJet 2875 versión estándar,Impresora multifuncional inalámbrica,1891.43,23,1,2026-06-06 19:45:00,2026-06-26 21:30:00
198,P00198,Pilot G2 color negro,Bolígrafo de gel de tinta negra,40.78,11,0,2026-05-26 18:15:00,2026-06-03 18:15:00
199,P00199,BIC Bolígrafo Cristal paquete con 2 piezas,Bolígrafo de tinta azul,12.99,110,1,2026-09-02 16:45:00,2026-09-27 02:00:00
200,P00200,Spalding TF-1000 modelo 2026,Balón de basquetbol para interiores,797.68,69,1,2026-03-09 13:15:00,2026-04-12 16:30:00
201,P00201,Ninja Air Fryer 4L versión estándar,Freidora de aire de 4 litros,2027.69,61,1,2026-03-19 17:15:00,2026-04-16 20:00:00
202,P00202,Michelin Energy XM2+ presentación familiar,Neumático para automóvil,2037.57,22,0,2026-01-28 15:15:00,2026-02-21 01:15:00
203,P00203,Oster Licuadora clásica color rojo,Licuadora de vaso para preparación de alimentos,1004.92,27,1,2026-07-14 11:15:00,2026-08-27 20:45:00
204,P00204,HP DeskJet 2875,Impresora multifuncional inalámbrica,1737.96,104,1,2026-02-21 12:15:00,2026-03-14 21:15:00
205,P00205,Tramontina Juego de cuchillos 6 piezas color rojo,Set de cuchillos para cocina,838.52,141,1,2026-05-20 14:15:00,2026-06-29 23:15:00
206,P00206,Kingston Fury Beast 8GB color negro,Memoria RAM DDR4 de 8 GB,518.96,35,1,2026-03-07 09:00:00,2026-04-19 15:00:00
207,P00207,LG Monitor 24MP400-B color rojo,Monitor LED Full HD de 24 pulgadas,2913.75,26,0,2026-05-13 16:30:00,2026-06-05 01:00:00
208,P00208,JBL Go 4 modelo 2026,Bocina portátil Bluetooth,1155.99,119,1,2026-07-27 17:15:00,2026-08-13 23:00:00
209,P00209,Gillette Mach3 color azul,Rastrillo para afeitar con tres hojas,206.28,49,0,2026-08-24 19:00:00,2026-09-08 00:15:00
210,P00210,Tramontina Juego de cuchillos 6 piezas modelo 2026,Set de cuchillos para cocina,878.92,83,1,2026-04-01 11:15:00,2026-05-13 13:45:00
211,P00211,T-fal Juego de sartenes 3 piezas color azul,Juego de sartenes antiadherentes,1317.75,39,1,2026-08-23 09:00:00,2026-09-28 20:15:00
212,P00212,Kong Classic M paquete con 2 piezas,Juguete resistente para perros,348.86,3,1,2026-07-18 12:00:00,2026-07-22 18:30:00
213,P00213,SanDisk Ultra microSD 128GB presentación familiar,Tarjeta microSD de 128 GB,305.26,19,0,2026-01-21 16:00:00,2026-01-24 19:30:00
214,P00214,APC Back-UPS 600VA versión estándar,Sistema de respaldo de energía de 600 VA,1595.81,143,1,2026-01-16 10:30:00,2026-01-22 22:15:00
215,P00215,Scotch-Brite Esponjas multiusos color negro,Paquete de esponjas para limpieza doméstica,90.0,12,1,2026-07-10 09:00:00,2026-07-31 18:45:00
216,P00216,Everlast Guantes de boxeo 12 oz paquete con 2 piezas,Guantes de boxeo para entrenamiento,730.13,5,1,2026-01-05 09:30:00,2026-01-29 11:30:00
217,P00217,Bosch Bujía de encendido color negro,Bujía para motor de gasolina,140.93,131,1,2026-09-04 18:15:00,2026-09-06 01:00:00
218,P00218,Logitech Mouse G203,Mouse para gaming con sensor óptico,724.41,82,1,2026-08-26 15:00:00,2026-09-13 15:00:00
219,P00219,Michelin Energy XM2+ modelo 2026,Neumático para automóvil,1960.05,7,0,2026-02-26 10:30:00,2026-03-10 18:45:00
220,P00220,Black+Decker Tostador 2 rebanadas versión estándar,Tostador eléctrico de dos ranuras,482.63,56,1,2026-07-12 10:30:00,2026-08-05 16:30:00
221,P00221,Puma Essentials Hoodie modelo 2026,Sudadera deportiva con capucha,1116.95,25,1,2026-05-19 10:15:00,2026-05-29 12:45:00
222,P00222,Castrol GTX 5W-30 1L paquete individual,Aceite para motor de automóvil,168.04,143,1,2026-06-06 13:15:00,2026-07-12 19:45:00
223,P00223,Spalding TF-1000 edición especial,Balón de basquetbol para interiores,851.02,111,0,2026-02-21 12:15:00,2026-02-23 22:00:00
224,P00224,Gillette Mach3 color rojo,Rastrillo para afeitar con tres hojas,192.01,7,1,2026-05-02 10:30:00,2026-05-31 18:00:00
225,P00225,APC Back-UPS 600VA paquete con 2 piezas,Sistema de respaldo de energía de 600 VA,1585.87,102,1,2026-02-16 17:00:00,2026-03-07 04:30:00
226,P00226,Rubbermaid Contenedor 10L presentación familiar,Contenedor plástico para almacenamiento,185.53,124,0,2026-07-18 19:45:00,2026-07-22 01:15:00
227,P00227,Spalding TF-1000,Balón de basquetbol para interiores,758.51,94,0,2026-06-05 18:45:00,2026-06-27 23:45:00
228,P00228,Cinsa Olla de presión 6L color azul,Olla de presión de aluminio de 6 litros,1062.38,76,1,2026-08-16 09:15:00,2026-08-27 09:15:00
229,P00229,TP-Link Archer C6 modelo 2026,Router inalámbrico Gigabit AC1200,1097.32,25,1,2026-02-22 13:30:00,2026-03-04 00:00:00
230,P00230,Pyrex Recipiente de vidrio 1L presentación familiar,Recipiente de vidrio resistente al calor,253.58,70,0,2026-03-24 10:00:00,2026-04-23 14:45:00
231,P00231,Kong Classic M paquete con 2 piezas,Juguete resistente para perros,358.64,131,0,2026-04-26 08:15:00,2026-05-30 09:00:00
232,P00232,Rubbermaid Contenedor 10L paquete con 2 piezas,Contenedor plástico para almacenamiento,202.47,86,1,2026-01-23 10:15:00,2026-02-16 21:45:00
233,P00233,Logitech Mouse M185 paquete individual,Mouse inalámbrico compacto con receptor USB,380.61,80,1,2026-03-10 09:30:00,2026-04-09 09:30:00
234,P00234,Nivea Crema corporal color azul,Crema hidratante para cuerpo,118.01,90,1,2026-06-09 12:30:00,2026-07-08 16:30:00
235,P00235,Nivea Crema corporal versión estándar,Crema hidratante para cuerpo,133.06,42,1,2026-01-06 12:45:00,2026-01-19 23:45:00
236,P00236,Spalding TF-1000 modelo 2026,Balón de basquetbol para interiores,758.51,20,1,2026-04-01 11:30:00,2026-05-03 15:15:00
237,P00237,JBL Go 4 presentación familiar,Bocina portátil Bluetooth,1169.1,134,1,2026-01-27 13:30:00,2026-02-12 23:00:00
238,P00238,Tramontina Sartén 24cm color azul,Sartén antiadherente de 24 centímetros,457.09,25,1,2026-01-01 08:30:00,2026-01-13 18:15:00
239,P00239,Tramontina Sartén 24cm edición especial,Sartén antiadherente de 24 centímetros,558.79,58,1,2026-08-10 19:15:00,2026-09-21 05:00:00
240,P00240,LG Monitor 24MP400-B paquete con 2 piezas,Monitor LED Full HD de 24 pulgadas,3134.24,74,1,2026-05-09 17:45:00,2026-05-27 00:00:00
241,P00241,Spalding TF-1000 presentación familiar,Balón de basquetbol para interiores,856.74,134,1,2026-01-03 08:15:00,2026-01-09 18:30:00
242,P00242,Dove Jabón corporal presentación familiar,Jabón corporal de uso diario,45.84,80,0,2026-02-23 17:00:00,2026-03-15 21:00:00
243,P00243,Staedtler Lápiz Noris HB paquete con 2 piezas,Lápiz de grafito HB,14.7,126,0,2026-06-20 15:30:00,2026-06-27 16:00:00
244,P00244,LG Monitor 24MP400-B paquete con 2 piezas,Monitor LED Full HD de 24 pulgadas,2852.55,116,1,2026-05-18 17:45:00,2026-06-20 01:15:00
245,P00245,Sterilite Caja organizadora 40L paquete con 2 piezas,Caja plástica con tapa para almacenamiento,385.65,27,1,2026-06-24 13:15:00,2026-07-05 17:45:00
246,P00246,Logitech Mouse G203 color azul,Mouse para gaming con sensor óptico,655.29,139,1,2026-06-10 09:00:00,2026-07-24 12:45:00
247,P00247,Nike Revolution 7 color rojo,Tenis deportivos para entrenamiento,1700.88,131,1,2026-08-07 14:00:00,2026-09-07 00:15:00
248,P00248,Logitech Mouse M185 modelo 2026,Mouse inalámbrico compacto con receptor USB,326.14,129,1,2026-03-01 19:30:00,2026-03-15 22:15:00
249,P00249,Puma Essentials Hoodie presentación familiar,Sudadera deportiva con capucha,1025.26,95,1,2026-07-07 17:45:00,2026-08-15 05:30:00
250,P00250,Staedtler Lápiz Noris HB color azul,Lápiz de grafito HB,16.46,135,0,2026-08-13 10:00:00,2026-08-18 21:00:00
251,P00251,Rubbermaid Contenedor 10L edición especial,Contenedor plástico para almacenamiento,221.3,49,1,2026-03-11 10:30:00,2026-03-27 13:30:00
252,P00252,Michelin Energy XM2+ versión estándar,Neumático para automóvil,1884.49,46,1,2026-02-25 13:15:00,2026-03-27 13:30:00
253,P00253,Sterilite Caja organizadora 40L,Caja plástica con tapa para almacenamiento,366.4,106,1,2026-03-07 16:15:00,2026-04-20 16:15:00
254,P00254,Whiskas Adulto 1.5kg color negro,Alimento seco para gatos adultos,152.81,93,0,2026-05-29 08:30:00,2026-06-27 19:45:00
255,P00255,Post-it Notas adhesivas 76x76mm presentación familiar,Bloc de notas adhesivas amarillas,73.82,24,1,2026-06-16 10:15:00,2026-07-19 19:15:00
256,P00256,Cinsa Olla de presión 6L,Olla de presión de aluminio de 6 litros,997.5,9,1,2026-01-24 10:15:00,2026-03-04 23:00:00
257,P00257,Amazon Basics Cable HDMI 2m color azul,Cable HDMI de alta velocidad de 2 metros,228.55,108,1,2026-08-09 19:15:00,2026-08-18 04:00:00
258,P00258,Everlast Guantes de boxeo 12 oz paquete individual,Guantes de boxeo para entrenamiento,748.02,4,1,2026-02-10 18:45:00,2026-03-19 22:00:00
259,P00259,APC Back-UPS 600VA versión estándar,Sistema de respaldo de energía de 600 VA,1847.95,17,1,2026-08-22 18:30:00,2026-09-28 23:45:00
260,P00260,Pilot G2 presentación familiar,Bolígrafo de gel de tinta negra,37.1,98,0,2026-05-08 16:00:00,2026-05-30 16:15:00
261,P00261,T-fal Juego de sartenes 3 piezas paquete con 2 piezas,Juego de sartenes antiadherentes,1261.43,150,0,2026-08-04 17:15:00,2026-08-04 20:45:00
262,P00262,Sterilite Caja organizadora 40L color negro,Caja plástica con tapa para almacenamiento,376.59,52,1,2026-03-18 19:30:00,2026-03-31 07:30:00
263,P00263,TP-Link Archer C6 color azul,Router inalámbrico Gigabit AC1200,1116.02,63,1,2026-02-14 15:15:00,2026-03-25 19:30:00
264,P00264,Tefal Plancha Ultragliss versión estándar,Plancha de vapor para ropa,1263.62,146,1,2026-07-03 09:00:00,2026-07-28 09:45:00
265,P00265,Oster Licuadora clásica color azul,Licuadora de vaso para preparación de alimentos,996.87,59,1,2026-03-15 10:30:00,2026-03-31 19:00:00
266,P00266,Adidas Runfalcon 5 versión estándar,Calzado deportivo para correr,1480.27,128,0,2026-05-03 17:00:00,2026-06-12 01:15:00
267,P00267,Everlast Guantes de boxeo 12 oz color azul,Guantes de boxeo para entrenamiento,724.98,91,1,2026-04-07 13:45:00,2026-04-15 23:15:00
268,P00268,Colgate Total 12 versión estándar,Pasta dental de protección integral,68.34,120,0,2026-02-12 19:15:00,2026-03-05 21:00:00
269,P00269,Castrol GTX 5W-30 1L color negro,Aceite para motor de automóvil,170.46,40,1,2026-03-17 15:15:00,2026-04-26 00:15:00
270,P00270,Nike Revolution 7 paquete con 2 piezas,Tenis deportivos para entrenamiento,1704.22,98,0,2026-06-08 19:00:00,2026-06-21 02:45:00
271,P00271,Kong Classic M edición especial,Juguete resistente para perros,349.19,63,0,2026-07-06 19:30:00,2026-08-20 02:00:00
272,P00272,Avery Etiquetas adhesivas paquete individual,Paquete de etiquetas autoadhesivas,134.33,127,0,2026-03-30 12:00:00,2026-04-19 20:30:00
273,P00273,Tefal Plancha Ultragliss color rojo,Plancha de vapor para ropa,1273.52,59,1,2026-05-31 14:30:00,2026-06-05 22:45:00
274,P00274,Whiskas Adulto 1.5kg color rojo,Alimento seco para gatos adultos,135.74,148,1,2026-07-25 16:45:00,2026-08-01 17:30:00
275,P00275,Logitech Teclado K120 color rojo,Teclado alámbrico USB de tamaño completo,366.91,51,1,2026-09-08 18:00:00,2026-09-25 04:45:00
276,P00276,Tramontina Juego de cuchillos 6 piezas color rojo,Set de cuchillos para cocina,779.81,119,0,2026-08-20 09:45:00,2026-08-24 15:00:00
277,P00277,Castrol GTX 5W-30 1L modelo 2026,Aceite para motor de automóvil,163.11,133,1,2026-03-01 15:00:00,2026-04-15 00:30:00
278,P00278,Post-it Notas adhesivas 76x76mm paquete individual,Bloc de notas adhesivas amarillas,70.9,43,1,2026-02-05 15:00:00,2026-02-06 19:45:00
279,P00279,Nike Revolution 7 color rojo,Tenis deportivos para entrenamiento,1482.32,41,1,2026-09-05 12:45:00,2026-09-14 19:30:00
280,P00280,Logitech Teclado K120 modelo 2026,Teclado alámbrico USB de tamaño completo,302.43,146,0,2026-01-01 10:15:00,2026-01-08 19:15:00
281,P00281,SanDisk Ultra microSD 128GB color rojo,Tarjeta microSD de 128 GB,279.77,53,1,2026-06-25 16:30:00,2026-06-27 01:15:00
282,P00282,Logitech Teclado K120 color azul,Teclado alámbrico USB de tamaño completo,338.99,99,1,2026-02-14 11:00:00,2026-03-16 16:00:00
283,P00283,SanDisk Ultra microSD 128GB modelo 2026,Tarjeta microSD de 128 GB,309.3,94,1,2026-08-08 15:45:00,2026-09-01 03:00:00
284,P00284,Hamilton Beach Cafetera 12 tazas color negro,Cafetera programable de 12 tazas,723.58,21,1,2026-07-10 09:15:00,2026-07-25 20:15:00
285,P00285,BIC Bolígrafo Cristal color rojo,Bolígrafo de tinta azul,13.07,47,0,2026-06-20 19:00:00,2026-06-30 23:30:00
286,P00286,Philips Hervidor HD9350,Hervidor eléctrico de acero inoxidable,1000.13,40,1,2026-07-14 16:45:00,2026-07-20 23:45:00
287,P00287,LG Monitor 24MP400-B paquete con 2 piezas,Monitor LED Full HD de 24 pulgadas,3231.34,68,1,2026-08-23 09:15:00,2026-09-03 09:30:00
288,P00288,HP DeskJet 2875 paquete individual,Impresora multifuncional inalámbrica,1846.82,35,1,2026-06-12 19:45:00,2026-07-25 22:00:00
289,P00289,Kingston Fury Beast 8GB paquete individual,Memoria RAM DDR4 de 8 GB,458.21,61,1,2026-06-25 11:45:00,2026-07-25 19:45:00
290,P00290,Logitech Webcam C920s color rojo,Cámara web Full HD con micrófono estéreo,1556.94,95,0,2026-08-09 09:00:00,2026-08-12 09:30:00
291,P00291,Hamilton Beach Cafetera 12 tazas,Cafetera programable de 12 tazas,780.58,95,1,2026-02-05 14:45:00,2026-03-20 00:15:00
292,P00292,Scotch-Brite Esponjas multiusos versión estándar,Paquete de esponjas para limpieza doméstica,85.74,60,1,2026-04-28 15:45:00,2026-06-06 00:30:00
293,P00293,UGREEN Adaptador USB-C color rojo,Adaptador USB-C a USB 3.0,231.48,35,1,2026-01-22 10:30:00,2026-02-17 21:00:00
294,P00294,Spalding TF-1000 versión estándar,Balón de basquetbol para interiores,758.19,57,1,2026-05-29 10:45:00,2026-06-09 19:30:00
295,P00295,Everlast Guantes de boxeo 12 oz edición especial,Guantes de boxeo para entrenamiento,672.41,137,1,2026-04-24 19:15:00,2026-05-20 19:30:00
296,P00296,Black+Decker Tostador 2 rebanadas presentación familiar,Tostador eléctrico de dos ranuras,495.12,144,1,2026-04-05 09:00:00,2026-04-05 13:30:00
297,P00297,T-fal Juego de sartenes 3 piezas paquete individual,Juego de sartenes antiadherentes,1329.65,73,1,2026-07-21 16:15:00,2026-08-20 02:00:00
298,P00298,Sterilite Caja organizadora 40L versión estándar,Caja plástica con tapa para almacenamiento,381.48,49,1,2026-01-18 12:30:00,2026-03-04 20:15:00
299,P00299,Castrol GTX 5W-30 1L paquete individual,Aceite para motor de automóvil,143.68,49,1,2026-09-14 17:45:00,2026-10-05 02:30:00
300,P00300,Dove Jabón corporal modelo 2026,Jabón corporal de uso diario,53.75,116,1,2026-03-21 13:30:00,2026-05-03 18:15:00
301,P00301,Dove Jabón corporal presentación familiar,Jabón corporal de uso diario,53.51,52,1,2026-01-10 18:30:00,2026-02-20 04:15:00
302,P00302,Sharpie Marcador permanente color negro,Marcador permanente de punta fina,34.59,120,1,2026-05-22 17:45:00,2026-06-14 06:00:00
303,P00303,Kong Classic M edición especial,Juguete resistente para perros,374.97,110,1,2026-08-01 08:30:00,2026-09-07 10:45:00
304,P00304,Logitech Teclado K120 presentación familiar,Teclado alámbrico USB de tamaño completo,316.7,102,1,2026-05-22 15:30:00,2026-07-02 18:45:00
305,P00305,Pilot G2 color azul,Bolígrafo de gel de tinta negra,41.88,101,1,2026-04-13 18:30:00,2026-05-16 01:45:00
306,P00306,Logitech Mouse M185 paquete individual,Mouse inalámbrico compacto con receptor USB,323.88,146,0,2026-04-13 10:15:00,2026-05-27 14:45:00
307,P00307,Pedigree Adulto 2kg versión estándar,Alimento seco para perros adultos,150.01,74,1,2026-06-04 10:00:00,2026-06-18 11:15:00
308,P00308,Kingston Fury Beast 8GB,Memoria RAM DDR4 de 8 GB,495.62,93,1,2026-04-29 11:00:00,2026-06-09 11:15:00
309,P00309,Adidas Runfalcon 5 paquete con 2 piezas,Calzado deportivo para correr,1552.59,133,1,2026-06-04 10:45:00,2026-07-08 21:00:00
310,P00310,Kingston Fury Beast 8GB versión estándar,Memoria RAM DDR4 de 8 GB,463.17,34,1,2026-08-18 15:45:00,2026-09-03 21:45:00
311,P00311,Rubbermaid Contenedor 10L modelo 2026,Contenedor plástico para almacenamiento,210.9,51,1,2026-05-21 12:15:00,2026-05-25 18:00:00
312,P00312,Dove Jabón corporal color rojo,Jabón corporal de uso diario,47.69,110,1,2026-08-09 14:15:00,2026-08-24 19:15:00
313,P00313,Kingston Fury Beast 8GB color rojo,Memoria RAM DDR4 de 8 GB,528.4,29,1,2026-06-26 19:00:00,2026-08-10 06:00:00
314,P00314,Kingston NV2 1TB color azul,Unidad SSD NVMe M.2 de 1 TB,1441.22,7,1,2026-06-06 08:00:00,2026-06-22 09:45:00
315,P00315,Philips Hervidor HD9350 presentación familiar,Hervidor eléctrico de acero inoxidable,937.87,73,1,2026-04-16 09:00:00,2026-05-07 20:15:00
316,P00316,Sharpie Marcador permanente paquete individual,Marcador permanente de punta fina,37.37,126,1,2026-01-30 13:30:00,2026-03-01 01:15:00
317,P00317,Oster Licuadora clásica presentación familiar,Licuadora de vaso para preparación de alimentos,911.72,24,1,2026-01-12 18:45:00,2026-02-12 05:00:00
318,P00318,Post-it Notas adhesivas 76x76mm paquete individual,Bloc de notas adhesivas amarillas,63.93,5,1,2026-02-16 10:00:00,2026-03-13 18:45:00
319,P00319,Logitech Mouse M185 paquete con 2 piezas,Mouse inalámbrico compacto con receptor USB,315.05,138,0,2026-07-10 11:45:00,2026-08-22 15:30:00
320,P00320,Samsung Monitor T350 24 pulgadas color azul,Monitor Full HD de 24 pulgadas con panel IPS,2529.52,21,1,2026-01-05 19:30:00,2026-01-25 20:15:00
321,P00321,HP DeskJet 2875 presentación familiar,Impresora multifuncional inalámbrica,1997.01,92,1,2026-05-17 09:30:00,2026-06-25 19:00:00
322,P00322,Kingston Fury Beast 8GB color azul,Memoria RAM DDR4 de 8 GB,523.99,29,1,2026-07-03 13:30:00,2026-07-31 01:00:00
323,P00323,Scotch-Brite Esponjas multiusos edición especial,Paquete de esponjas para limpieza doméstica,89.23,90,1,2026-05-20 12:00:00,2026-07-04 12:15:00
324,P00324,Philips Hervidor HD9350 edición especial,Hervidor eléctrico de acero inoxidable,953.54,144,0,2026-04-16 19:45:00,2026-04-22 20:30:00
325,P00325,Everlast Guantes de boxeo 12 oz color negro,Guantes de boxeo para entrenamiento,702.16,146,1,2026-06-10 17:30:00,2026-07-21 19:15:00
326,P00326,Scotch-Brite Esponjas multiusos modelo 2026,Paquete de esponjas para limpieza doméstica,85.64,97,1,2026-03-12 12:30:00,2026-04-01 20:45:00
327,P00327,Nivea Crema corporal,Crema hidratante para cuerpo,130.37,21,1,2026-04-17 17:45:00,2026-05-18 04:00:00
328,P00328,Whiskas Adulto 1.5kg color negro,Alimento seco para gatos adultos,164.64,99,1,2026-01-16 11:30:00,2026-02-13 12:00:00
329,P00329,Bosch Bujía de encendido presentación familiar,Bujía para motor de gasolina,119.45,110,1,2026-04-22 13:45:00,2026-05-31 14:30:00
330,P00330,Sterilite Caja organizadora 40L versión estándar,Caja plástica con tapa para almacenamiento,324.62,75,1,2026-07-25 08:30:00,2026-09-05 08:45:00
331,P00331,Logitech Mouse G203 presentación familiar,Mouse para gaming con sensor óptico,748.76,77,1,2026-05-08 13:15:00,2026-06-02 17:45:00
332,P00332,Sharpie Marcador permanente presentación familiar,Marcador permanente de punta fina,32.59,104,1,2026-07-24 10:45:00,2026-08-01 17:30:00
333,P00333,Tramontina Sartén 24cm,Sartén antiadherente de 24 centímetros,548.35,23,1,2026-04-03 09:00:00,2026-05-01 18:00:00
334,P00334,Everlast Guantes de boxeo 12 oz presentación familiar,Guantes de boxeo para entrenamiento,736.21,47,1,2026-05-24 09:15:00,2026-06-04 13:15:00
335,P00335,Kingston DataTraveler Exodia 64GB paquete individual,Memoria USB 3.2 de 64 GB,132.06,30,0,2026-04-07 10:45:00,2026-05-19 22:00:00
336,P00336,Everlast Guantes de boxeo 12 oz color rojo,Guantes de boxeo para entrenamiento,774.66,65,1,2026-09-16 15:00:00,2026-09-24 20:15:00
337,P00337,Kingston Fury Beast 8GB versión estándar,Memoria RAM DDR4 de 8 GB,461.01,42,1,2026-07-31 10:15:00,2026-08-29 22:00:00
338,P00338,Kingston NV2 1TB color azul,Unidad SSD NVMe M.2 de 1 TB,1271.36,46,1,2026-07-04 13:30:00,2026-07-29 17:00:00
339,P00339,Avery Etiquetas adhesivas edición especial,Paquete de etiquetas autoadhesivas,135.81,25,1,2026-09-17 17:30:00,2026-10-01 01:15:00
340,P00340,UGREEN Adaptador USB-C paquete con 2 piezas,Adaptador USB-C a USB 3.0,246.02,24,1,2026-04-24 10:15:00,2026-05-31 15:45:00
341,P00341,Sharpie Marcador permanente versión estándar,Marcador permanente de punta fina,35.99,90,1,2026-04-07 17:15:00,2026-04-08 02:45:00
342,P00342,JBL Go 4 edición especial,Bocina portátil Bluetooth,1089.17,44,1,2026-03-09 08:00:00,2026-03-23 11:45:00
343,P00343,Philips Hervidor HD9350 color azul,Hervidor eléctrico de acero inoxidable,1011.61,55,1,2026-08-01 13:00:00,2026-08-19 00:00:00
344,P00344,Bosch Bujía de encendido versión estándar,Bujía para motor de gasolina,137.6,93,1,2026-08-21 12:45:00,2026-09-02 14:15:00
345,P00345,Ninja Air Fryer 4L paquete con 2 piezas,Freidora de aire de 4 litros,1925.39,65,1,2026-06-30 12:30:00,2026-08-01 20:15:00
346,P00346,JBL Tune 510BT modelo 2026,Audífonos inalámbricos Bluetooth,825.11,144,1,2026-01-31 14:45:00,2026-03-14 18:30:00
347,P00347,Kingston NV2 1TB modelo 2026,Unidad SSD NVMe M.2 de 1 TB,1354.58,53,1,2026-05-14 14:30:00,2026-06-05 20:00:00
348,P00348,Amazon Basics Cable HDMI 2m presentación familiar,Cable HDMI de alta velocidad de 2 metros,238.57,105,1,2026-09-16 11:00:00,2026-10-22 14:15:00
349,P00349,Adidas Runfalcon 5 edición especial,Calzado deportivo para correr,1270.56,19,1,2026-04-09 13:00:00,2026-04-25 15:45:00
350,P00350,Colgate Total 12 color rojo,Pasta dental de protección integral,67.23,38,0,2026-08-10 12:00:00,2026-09-08 23:15:00
351,P00351,Colgate Total 12 edición especial,Pasta dental de protección integral,64.67,143,1,2026-03-23 16:15:00,2026-04-22 23:30:00
352,P00352,Everlast Guantes de boxeo 12 oz color negro,Guantes de boxeo para entrenamiento,766.27,92,1,2026-02-15 11:30:00,2026-03-08 17:30:00
353,P00353,Logitech Teclado K120 paquete con 2 piezas,Teclado alámbrico USB de tamaño completo,325.48,139,1,2026-01-10 17:15:00,2026-01-18 20:45:00
354,P00354,Kong Classic M edición especial,Juguete resistente para perros,332.47,10,1,2026-02-07 13:15:00,2026-03-07 19:45:00
355,P00355,Tramontina Sartén 24cm paquete individual,Sartén antiadherente de 24 centímetros,555.34,53,1,2026-08-28 13:15:00,2026-08-31 21:30:00
356,P00356,Hamilton Beach Cafetera 12 tazas paquete individual,Cafetera programable de 12 tazas,840.13,65,0,2026-01-08 16:00:00,2026-01-22 03:15:00
357,P00357,JBL Tune 510BT edición especial,Audífonos inalámbricos Bluetooth,829.25,104,1,2026-05-21 10:15:00,2026-05-22 16:30:00
358,P00358,JBL Tune 510BT color azul,Audífonos inalámbricos Bluetooth,903.18,117,1,2026-03-09 09:30:00,2026-04-13 17:00:00
359,P00359,Tefal Plancha Ultragliss paquete individual,Plancha de vapor para ropa,1229.35,116,0,2026-03-17 19:00:00,2026-04-30 04:45:00
360,P00360,Colgate Total 12 modelo 2026,Pasta dental de protección integral,66.78,21,1,2026-06-22 08:15:00,2026-07-02 13:45:00
361,P00361,Tramontina Juego de cuchillos 6 piezas modelo 2026,Set de cuchillos para cocina,794.99,62,1,2026-04-29 10:45:00,2026-05-28 15:30:00
362,P00362,Logitech Mouse M185 paquete individual,Mouse inalámbrico compacto con receptor USB,384.66,70,1,2026-08-23 15:15:00,2026-09-09 22:15:00
363,P00363,Sterilite Caja organizadora 40L versión estándar,Caja plástica con tapa para almacenamiento,376.96,92,0,2026-03-15 12:30:00,2026-04-05 14:30:00
364,P00364,UGREEN Adaptador USB-C modelo 2026,Adaptador USB-C a USB 3.0,264.83,18,1,2026-05-17 09:45:00,2026-06-26 16:00:00
365,P00365,Tramontina Juego de cuchillos 6 piezas,Set de cuchillos para cocina,753.84,4,1,2026-03-21 09:15:00,2026-04-25 20:15:00
366,P00366,Sharpie Marcador permanente,Marcador permanente de punta fina,32.88,109,1,2026-06-27 18:15:00,2026-07-08 05:30:00
367,P00367,LG Monitor 24MP400-B,Monitor LED Full HD de 24 pulgadas,3083.04,53,1,2026-08-20 09:00:00,2026-09-28 12:30:00
368,P00368,Post-it Notas adhesivas 76x76mm paquete individual,Bloc de notas adhesivas amarillas,75.3,121,0,2026-07-22 10:00:00,2026-07-31 14:30:00
369,P00369,BIC Bolígrafo Cristal color rojo,Bolígrafo de tinta azul,13.25,7,1,2026-03-03 11:30:00,2026-03-10 17:00:00
370,P00370,Vasconia Cacerola 24cm modelo 2026,Cacerola de aluminio con tapa,483.0,95,0,2026-01-10 16:30:00,2026-01-12 03:15:00
371,P00371,Ninja Air Fryer 4L color azul,Freidora de aire de 4 litros,1918.07,61,1,2026-03-02 09:30:00,2026-03-12 17:30:00
372,P00372,Oster Licuadora clásica color rojo,Licuadora de vaso para preparación de alimentos,842.8,43,1,2026-05-29 11:00:00,2026-06-28 18:00:00
373,P00373,HP DeskJet 2875 color negro,Impresora multifuncional inalámbrica,1812.87,133,1,2026-02-01 19:15:00,2026-03-01 21:45:00
374,P00374,Michelin Energy XM2+ color negro,Neumático para automóvil,1814.02,120,1,2026-01-26 08:00:00,2026-03-04 18:15:00
375,P00375,JBL Go 4 modelo 2026,Bocina portátil Bluetooth,1006.14,59,1,2026-05-27 15:15:00,2026-06-09 22:15:00
376,P00376,Scribe Cuaderno profesional versión estándar,Cuaderno de hojas rayadas,83.57,125,0,2026-06-17 15:30:00,2026-06-24 00:45:00
377,P00377,Koblenz Aspiradora WD-2 paquete individual,Aspiradora para limpieza doméstica,1485.4,21,1,2026-08-10 13:15:00,2026-08-14 20:00:00
378,P00378,Logitech Mouse M185 presentación familiar,Mouse inalámbrico compacto con receptor USB,346.93,2,1,2026-04-23 08:45:00,2026-05-17 12:15:00
379,P00379,Kingston Fury Beast 8GB edición especial,Memoria RAM DDR4 de 8 GB,479.05,80,1,2026-01-28 12:45:00,2026-02-12 00:00:00
380,P00380,Kong Classic M color negro,Juguete resistente para perros,337.12,73,1,2026-07-31 12:45:00,2026-08-30 23:30:00
381,P00381,Nivea Crema corporal versión estándar,Crema hidratante para cuerpo,116.55,138,0,2026-01-18 10:00:00,2026-01-27 12:30:00
382,P00382,Staedtler Lápiz Noris HB color azul,Lápiz de grafito HB,14.98,93,1,2026-08-25 11:30:00,2026-10-01 20:00:00
383,P00383,Tefal Plancha Ultragliss versión estándar,Plancha de vapor para ropa,1228.69,37,1,2026-04-18 12:00:00,2026-04-24 00:15:00
384,P00384,Logitech Teclado K120 edición especial,Teclado alámbrico USB de tamaño completo,330.57,148,1,2026-06-27 16:15:00,2026-07-25 02:30:00
385,P00385,Dove Jabón corporal paquete individual,Jabón corporal de uso diario,53.13,148,1,2026-06-23 14:00:00,2026-07-07 01:15:00
386,P00386,Staedtler Lápiz Noris HB presentación familiar,Lápiz de grafito HB,15.45,64,1,2026-02-13 13:30:00,2026-03-07 22:45:00
387,P00387,Tramontina Sartén 24cm edición especial,Sartén antiadherente de 24 centímetros,456.68,144,0,2026-01-19 11:00:00,2026-01-25 15:15:00
388,P00388,Black+Decker Tostador 2 rebanadas paquete con 2 piezas,Tostador eléctrico de dos ranuras,478.74,126,1,2026-05-11 14:15:00,2026-05-30 18:15:00
389,P00389,Puma Essentials Hoodie paquete con 2 piezas,Sudadera deportiva con capucha,1106.86,105,1,2026-01-03 11:30:00,2026-01-23 12:00:00
390,P00390,Koblenz Aspiradora WD-2 versión estándar,Aspiradora para limpieza doméstica,1518.73,124,1,2026-08-09 11:15:00,2026-09-15 15:00:00
391,P00391,T-fal Juego de sartenes 3 piezas versión estándar,Juego de sartenes antiadherentes,1205.63,88,1,2026-03-01 19:15:00,2026-03-28 21:00:00
392,P00392,LG Monitor 24MP400-B,Monitor LED Full HD de 24 pulgadas,2808.64,125,1,2026-02-12 19:45:00,2026-02-24 03:30:00
393,P00393,Bosch Bujía de encendido versión estándar,Bujía para motor de gasolina,135.73,42,1,2026-01-06 09:30:00,2026-01-18 16:00:00
394,P00394,Scotch-Brite Esponjas multiusos presentación familiar,Paquete de esponjas para limpieza doméstica,83.51,35,1,2026-08-23 14:30:00,2026-10-05 01:45:00
395,P00395,Pilot G2 presentación familiar,Bolígrafo de gel de tinta negra,35.94,130,1,2026-06-22 11:45:00,2026-06-23 14:30:00
396,P00396,Colgate Total 12,Pasta dental de protección integral,72.11,20,1,2026-01-24 16:15:00,2026-02-02 04:30:00
397,P00397,Whiskas Adulto 1.5kg color negro,Alimento seco para gatos adultos,164.87,106,1,2026-02-17 10:45:00,2026-04-03 13:00:00
398,P00398,Michelin Energy XM2+ color azul,Neumático para automóvil,2081.89,34,1,2026-09-01 09:30:00,2026-09-17 13:00:00
399,P00399,Nike Revolution 7,Tenis deportivos para entrenamiento,1678.85,17,1,2026-05-13 17:15:00,2026-06-03 18:15:00
400,P00400,Nike Revolution 7 color azul,Tenis deportivos para entrenamiento,1543.3,142,1,2026-08-05 17:45:00,2026-08-22 23:30:00
401,P00401,Whiskas Adulto 1.5kg color negro,Alimento seco para gatos adultos,135.22,39,1,2026-09-07 14:00:00,2026-10-19 16:00:00
402,P00402,LG Monitor 24MP400-B paquete individual,Monitor LED Full HD de 24 pulgadas,3027.12,80,1,2026-01-17 09:30:00,2026-01-25 12:30:00
403,P00403,BIC Bolígrafo Cristal color azul,Bolígrafo de tinta azul,11.92,100,1,2026-04-23 16:45:00,2026-05-30 17:30:00
404,P00404,Kingston DataTraveler Exodia 64GB edición especial,Memoria USB 3.2 de 64 GB,128.17,21,1,2026-01-30 19:45:00,2026-02-19 06:30:00
405,P00405,Oster Licuadora clásica edición especial,Licuadora de vaso para preparación de alimentos,913.25,33,1,2026-08-30 16:30:00,2026-09-02 03:15:00
406,P00406,Michelin Energy XM2+,Neumático para automóvil,2071.04,149,1,2026-02-10 19:45:00,2026-03-23 06:30:00
407,P00407,Castrol GTX 5W-30 1L paquete con 2 piezas,Aceite para motor de automóvil,168.44,131,1,2026-08-17 18:45:00,2026-08-28 06:15:00
408,P00408,Tramontina Juego de cuchillos 6 piezas,Set de cuchillos para cocina,820.7,52,1,2026-05-05 16:15:00,2026-05-07 17:45:00
409,P00409,Philips Hervidor HD9350 versión estándar,Hervidor eléctrico de acero inoxidable,1065.87,40,1,2026-08-29 16:45:00,2026-10-03 19:30:00
410,P00410,Pyrex Recipiente de vidrio 1L color rojo,Recipiente de vidrio resistente al calor,215.55,4,0,2026-03-25 11:15:00,2026-03-27 13:00:00
411,P00411,Cinsa Olla de presión 6L paquete individual,Olla de presión de aluminio de 6 litros,1000.45,140,1,2026-03-27 18:15:00,2026-04-11 03:15:00
412,P00412,SanDisk Ultra microSD 128GB,Tarjeta microSD de 128 GB,293.8,75,1,2026-02-10 15:30:00,2026-03-13 04:15:00
413,P00413,Samsung Monitor T350 24 pulgadas color rojo,Monitor Full HD de 24 pulgadas con panel IPS,2474.44,76,0,2026-04-20 11:30:00,2026-05-05 14:45:00
414,P00414,Scotch-Brite Esponjas multiusos presentación familiar,Paquete de esponjas para limpieza doméstica,83.3,59,1,2026-03-14 09:30:00,2026-03-18 10:45:00
415,P00415,Nike Revolution 7 color rojo,Tenis deportivos para entrenamiento,1529.73,118,1,2026-09-08 10:45:00,2026-10-06 15:00:00
416,P00416,Post-it Notas adhesivas 76x76mm presentación familiar,Bloc de notas adhesivas amarillas,72.19,132,1,2026-04-20 08:45:00,2026-05-09 19:00:00
417,P00417,HP DeskJet 2875 color negro,Impresora multifuncional inalámbrica,1855.05,120,1,2026-07-11 17:15:00,2026-08-02 18:45:00
418,P00418,Staedtler Lápiz Noris HB color azul,Lápiz de grafito HB,16.43,46,1,2026-07-25 13:30:00,2026-08-07 15:30:00
419,P00419,Kingston NV2 1TB presentación familiar,Unidad SSD NVMe M.2 de 1 TB,1474.5,100,1,2026-09-13 09:30:00,2026-09-22 14:45:00
420,P00420,Black+Decker Tostador 2 rebanadas paquete con 2 piezas,Tostador eléctrico de dos ranuras,550.79,150,1,2026-07-07 19:00:00,2026-08-18 00:30:00
421,P00421,Tramontina Sartén 24cm edición especial,Sartén antiadherente de 24 centímetros,549.71,125,1,2026-04-23 11:45:00,2026-06-01 22:45:00
422,P00422,Pilot G2 color azul,Bolígrafo de gel de tinta negra,35.56,77,1,2026-07-27 15:30:00,2026-07-28 19:15:00
423,P00423,Avery Etiquetas adhesivas modelo 2026,Paquete de etiquetas autoadhesivas,126.26,44,1,2026-01-10 15:45:00,2026-01-11 01:30:00
424,P00424,Everlast Guantes de boxeo 12 oz color azul,Guantes de boxeo para entrenamiento,720.21,31,1,2026-04-19 09:30:00,2026-05-08 12:45:00
425,P00425,Kong Classic M paquete individual,Juguete resistente para perros,339.27,61,1,2026-07-13 09:00:00,2026-08-03 20:15:00
426,P00426,Spalding TF-1000 color azul,Balón de basquetbol para interiores,890.79,42,1,2026-08-23 08:30:00,2026-09-19 16:30:00
427,P00427,Kingston DataTraveler Exodia 64GB color rojo,Memoria USB 3.2 de 64 GB,126.28,67,0,2026-06-29 10:00:00,2026-07-10 20:30:00
428,P00428,Kingston Fury Beast 8GB edición especial,Memoria RAM DDR4 de 8 GB,480.71,67,1,2026-09-14 09:15:00,2026-09-24 14:45:00
429,P00429,Ninja Air Fryer 4L paquete individual,Freidora de aire de 4 litros,1908.25,134,0,2026-05-28 11:15:00,2026-06-12 19:15:00
430,P00430,Tefal Plancha Ultragliss color rojo,Plancha de vapor para ropa,1126.91,21,1,2026-08-10 11:30:00,2026-08-20 17:45:00
431,P00431,APC Back-UPS 600VA color rojo,Sistema de respaldo de energía de 600 VA,1807.79,145,1,2026-05-14 15:15:00,2026-06-12 03:30:00
432,P00432,Koblenz Aspiradora WD-2 modelo 2026,Aspiradora para limpieza doméstica,1747.71,71,1,2026-02-09 16:30:00,2026-02-27 19:30:00
433,P00433,Black+Decker Tostador 2 rebanadas presentación familiar,Tostador eléctrico de dos ranuras,494.26,59,1,2026-02-08 18:15:00,2026-03-03 01:30:00
434,P00434,Vasconia Cacerola 24cm presentación familiar,Cacerola de aluminio con tapa,497.83,79,1,2026-04-11 16:15:00,2026-05-18 21:15:00
435,P00435,T-fal Juego de sartenes 3 piezas paquete individual,Juego de sartenes antiadherentes,1090.38,71,1,2026-03-02 08:45:00,2026-04-09 16:30:00
436,P00436,Dove Jabón corporal versión estándar,Jabón corporal de uso diario,47.11,71,0,2026-02-17 14:30:00,2026-03-19 01:45:00
437,P00437,HP DeskJet 2875 color rojo,Impresora multifuncional inalámbrica,1954.94,71,1,2026-03-19 18:45:00,2026-04-29 23:30:00
438,P00438,Pilot G2 paquete con 2 piezas,Bolígrafo de gel de tinta negra,40.05,120,1,2026-07-03 09:45:00,2026-07-20 15:00:00
439,P00439,UGREEN Adaptador USB-C presentación familiar,Adaptador USB-C a USB 3.0,264.17,92,1,2026-07-24 15:15:00,2026-08-18 00:30:00
440,P00440,SanDisk Ultra microSD 128GB versión estándar,Tarjeta microSD de 128 GB,295.53,63,0,2026-07-19 08:30:00,2026-08-12 11:15:00
441,P00441,Rubbermaid Contenedor 10L,Contenedor plástico para almacenamiento,219.11,99,1,2026-04-08 12:00:00,2026-05-04 18:00:00
442,P00442,Kong Classic M presentación familiar,Juguete resistente para perros,339.06,14,1,2026-05-11 08:15:00,2026-06-25 10:15:00
443,P00443,Logitech Teclado K120 paquete individual,Teclado alámbrico USB de tamaño completo,319.81,132,1,2026-01-23 15:30:00,2026-02-01 22:15:00
444,P00444,JBL Tune 510BT versión estándar,Audífonos inalámbricos Bluetooth,977.25,34,1,2026-09-05 13:45:00,2026-10-08 02:00:00
445,P00445,Pyrex Recipiente de vidrio 1L,Recipiente de vidrio resistente al calor,248.6,96,1,2026-05-23 14:15:00,2026-06-15 22:00:00
446,P00446,Black+Decker Tostador 2 rebanadas paquete con 2 piezas,Tostador eléctrico de dos ranuras,539.37,149,1,2026-09-07 17:15:00,2026-10-02 02:30:00
447,P00447,Kingston DataTraveler Exodia 64GB color rojo,Memoria USB 3.2 de 64 GB,134.29,97,0,2026-06-08 14:45:00,2026-06-28 17:45:00
448,P00448,Staedtler Lápiz Noris HB color negro,Lápiz de grafito HB,16.69,139,1,2026-01-08 18:15:00,2026-01-12 01:45:00
449,P00449,Hamilton Beach Cafetera 12 tazas color negro,Cafetera programable de 12 tazas,816.88,54,1,2026-05-02 14:15:00,2026-05-14 17:45:00
450,P00450,Logitech Mouse M185 versión estándar,Mouse inalámbrico compacto con receptor USB,360.54,20,1,2026-04-13 18:00:00,2026-04-20 22:30:00
451,P00451,Whiskas Adulto 1.5kg,Alimento seco para gatos adultos,159.04,54,1,2026-04-13 14:45:00,2026-04-14 17:00:00
452,P00452,Scribe Cuaderno profesional versión estándar,Cuaderno de hojas rayadas,89.8,4,1,2026-04-28 13:15:00,2026-06-08 16:30:00
453,P00453,Koblenz Aspiradora WD-2 modelo 2026,Aspiradora para limpieza doméstica,1714.52,122,1,2026-07-04 18:30:00,2026-07-13 02:15:00
454,P00454,Oster Licuadora clásica versión estándar,Licuadora de vaso para preparación de alimentos,995.26,47,0,2026-06-13 11:45:00,2026-06-17 13:15:00
455,P00455,Black+Decker Tostador 2 rebanadas edición especial,Tostador eléctrico de dos ranuras,451.5,135,1,2026-07-21 16:00:00,2026-08-20 18:15:00
456,P00456,HP DeskJet 2875,Impresora multifuncional inalámbrica,1759.89,45,1,2026-06-09 10:45:00,2026-06-18 11:00:00
457,P00457,Rubbermaid Contenedor 10L edición especial,Contenedor plástico para almacenamiento,208.03,126,1,2026-01-14 10:30:00,2026-02-20 16:00:00
458,P00458,Samsung Monitor T350 24 pulgadas versión estándar,Monitor Full HD de 24 pulgadas con panel IPS,2807.02,72,1,2026-04-18 19:30:00,2026-05-15 23:15:00
459,P00459,Nivea Crema corporal edición especial,Crema hidratante para cuerpo,123.01,32,1,2026-02-09 09:15:00,2026-02-17 11:15:00
460,P00460,Kingston DataTraveler Exodia 64GB paquete individual,Memoria USB 3.2 de 64 GB,139.73,27,1,2026-03-02 16:00:00,2026-03-27 16:30:00
461,P00461,Nike Revolution 7 modelo 2026,Tenis deportivos para entrenamiento,1765.3,131,1,2026-06-19 14:15:00,2026-07-15 01:15:00
462,P00462,Staedtler Lápiz Noris HB modelo 2026,Lápiz de grafito HB,14.0,150,1,2026-02-20 19:45:00,2026-02-24 00:45:00
463,P00463,Logitech Mouse M185 color negro,Mouse inalámbrico compacto con receptor USB,346.53,47,1,2026-02-03 09:45:00,2026-03-13 14:45:00
464,P00464,Philips Hervidor HD9350 presentación familiar,Hervidor eléctrico de acero inoxidable,1000.8,75,1,2026-06-23 18:45:00,2026-06-29 18:45:00
465,P00465,Logitech Mouse M185 paquete con 2 piezas,Mouse inalámbrico compacto con receptor USB,381.76,59,1,2026-05-10 14:30:00,2026-06-08 23:15:00
466,P00466,Logitech Mouse M185,Mouse inalámbrico compacto con receptor USB,346.64,33,1,2026-08-17 11:45:00,2026-09-27 14:15:00
467,P00467,BIC Bolígrafo Cristal,Bolígrafo de tinta azul,11.33,121,0,2026-02-11 15:45:00,2026-03-15 19:30:00
468,P00468,JBL Go 4 color negro,Bocina portátil Bluetooth,1010.83,135,1,2026-04-10 10:30:00,2026-05-09 20:30:00
469,P00469,APC Back-UPS 600VA paquete individual,Sistema de respaldo de energía de 600 VA,1606.68,44,1,2026-07-27 17:00:00,2026-08-08 04:30:00
470,P00470,Pyrex Recipiente de vidrio 1L,Recipiente de vidrio resistente al calor,254.1,84,1,2026-03-30 08:15:00,2026-04-14 14:00:00
471,P00471,Tramontina Sartén 24cm color azul,Sartén antiadherente de 24 centímetros,502.45,47,1,2026-08-07 18:30:00,2026-08-20 01:00:00
472,P00472,Tramontina Juego de cuchillos 6 piezas edición especial,Set de cuchillos para cocina,728.49,143,1,2026-08-27 08:00:00,2026-10-11 15:45:00
473,P00473,HP DeskJet 2875 paquete individual,Impresora multifuncional inalámbrica,1909.85,71,1,2026-07-11 10:30:00,2026-08-11 21:00:00
474,P00474,Logitech Webcam C920s edición especial,Cámara web Full HD con micrófono estéreo,1347.33,7,1,2026-07-27 15:45:00,2026-08-12 17:45:00
475,P00475,Kingston DataTraveler Exodia 64GB color negro,Memoria USB 3.2 de 64 GB,135.89,81,0,2026-05-25 09:45:00,2026-06-01 21:45:00
476,P00476,Whiskas Adulto 1.5kg color negro,Alimento seco para gatos adultos,142.51,30,1,2026-06-27 12:15:00,2026-07-11 19:00:00
477,P00477,Hamilton Beach Cafetera 12 tazas presentación familiar,Cafetera programable de 12 tazas,728.67,42,1,2026-09-01 17:45:00,2026-09-21 02:45:00
478,P00478,Scribe Cuaderno profesional versión estándar,Cuaderno de hojas rayadas,94.51,66,1,2026-06-08 14:00:00,2026-07-04 21:45:00
479,P00479,LG Monitor 24MP400-B versión estándar,Monitor LED Full HD de 24 pulgadas,2675.85,69,1,2026-02-03 08:30:00,2026-02-14 13:00:00
480,P00480,Sharpie Marcador permanente color negro,Marcador permanente de punta fina,32.22,63,1,2026-01-24 11:00:00,2026-01-27 23:00:00
481,P00481,T-fal Juego de sartenes 3 piezas modelo 2026,Juego de sartenes antiadherentes,1291.04,55,1,2026-06-18 12:30:00,2026-07-07 21:15:00
482,P00482,Scribe Cuaderno profesional color azul,Cuaderno de hojas rayadas,91.96,0,1,2026-06-30 13:15:00,2026-07-20 22:15:00
483,P00483,Scotch-Brite Esponjas multiusos color azul,Paquete de esponjas para limpieza doméstica,97.58,23,0,2026-07-08 12:15:00,2026-07-15 12:15:00
484,P00484,Sterilite Caja organizadora 40L color rojo,Caja plástica con tapa para almacenamiento,329.77,17,1,2026-08-25 17:15:00,2026-09-07 00:00:00
485,P00485,Pyrex Recipiente de vidrio 1L versión estándar,Recipiente de vidrio resistente al calor,211.26,67,1,2026-07-10 09:15:00,2026-07-18 12:45:00
486,P00486,Pedigree Adulto 2kg color negro,Alimento seco para perros adultos,156.1,28,1,2026-08-06 19:30:00,2026-09-08 01:30:00
487,P00487,Adidas Runfalcon 5 color rojo,Calzado deportivo para correr,1528.76,7,1,2026-08-03 14:15:00,2026-08-21 17:15:00
488,P00488,Oster Licuadora clásica,Licuadora de vaso para preparación de alimentos,911.28,96,1,2026-05-30 14:00:00,2026-06-26 20:45:00
489,P00489,Staedtler Lápiz Noris HB paquete individual,Lápiz de grafito HB,15.83,8,1,2026-05-11 12:00:00,2026-06-12 13:00:00
490,P00490,Tramontina Juego de cuchillos 6 piezas color negro,Set de cuchillos para cocina,852.91,57,0,2026-02-11 18:00:00,2026-03-29 02:45:00
491,P00491,HP DeskJet 2875 color negro,Impresora multifuncional inalámbrica,1962.82,48,1,2026-05-12 13:15:00,2026-06-08 18:45:00
492,P00492,Logitech Mouse G203 paquete individual,Mouse para gaming con sensor óptico,705.34,108,1,2026-05-04 14:45:00,2026-05-30 17:45:00
493,P00493,Michelin Energy XM2+ color azul,Neumático para automóvil,1712.25,50,1,2026-08-13 10:15:00,2026-08-17 17:00:00
494,P00494,APC Back-UPS 600VA presentación familiar,Sistema de respaldo de energía de 600 VA,1708.66,115,0,2026-01-31 17:30:00,2026-03-11 23:00:00
495,P00495,Staedtler Lápiz Noris HB color negro,Lápiz de grafito HB,15.13,140,1,2026-04-30 09:00:00,2026-05-20 11:00:00
496,P00496,Avery Etiquetas adhesivas color negro,Paquete de etiquetas autoadhesivas,128.41,91,1,2026-07-12 17:00:00,2026-07-17 03:00:00
497,P00497,Whiskas Adulto 1.5kg paquete individual,Alimento seco para gatos adultos,159.89,26,1,2026-02-03 16:00:00,2026-02-12 00:15:00
498,P00498,Tramontina Juego de cuchillos 6 piezas modelo 2026,Set de cuchillos para cocina,870.32,11,1,2026-04-28 09:45:00,2026-06-07 21:30:00
499,P00499,Everlast Guantes de boxeo 12 oz edición especial,Guantes de boxeo para entrenamiento,731.77,111,1,2026-01-17 14:30:00,2026-01-18 14:45:00
500,P00500,HP DeskJet 2875 color azul,Impresora multifuncional inalámbrica,1813.75,33,0,2026-03-10 08:30:00,2026-03-23 21:00:00
501,P00501,Scotch-Brite Esponjas multiusos versión estándar,Paquete de esponjas para limpieza doméstica,95.18,43,1,2026-08-20 10:45:00,2026-08-26 22:45:00
502,P00502,Michelin Energy XM2+,Neumático para automóvil,1712.5,113,1,2026-03-06 16:15:00,2026-04-13 01:45:00
503,P00503,Ninja Air Fryer 4L edición especial,Freidora de aire de 4 litros,2027.04,99,1,2026-04-24 12:30:00,2026-05-22 22:30:00
504,P00504,BIC Bolígrafo Cristal presentación familiar,Bolígrafo de tinta azul,12.1,3,0,2026-05-06 08:45:00,2026-05-29 11:30:00
505,P00505,Logitech Webcam C920s modelo 2026,Cámara web Full HD con micrófono estéreo,1329.53,21,0,2026-02-04 13:45:00,2026-03-09 19:15:00
506,P00506,Logitech Teclado K120 paquete con 2 piezas,Teclado alámbrico USB de tamaño completo,323.04,118,1,2026-03-07 11:30:00,2026-03-21 22:30:00
507,P00507,Scribe Cuaderno profesional paquete individual,Cuaderno de hojas rayadas,85.21,128,0,2026-04-13 18:45:00,2026-05-29 07:00:00
508,P00508,Kingston Fury Beast 8GB versión estándar,Memoria RAM DDR4 de 8 GB,517.05,54,1,2026-06-24 12:45:00,2026-07-03 17:45:00
509,P00509,JBL Go 4 versión estándar,Bocina portátil Bluetooth,1043.9,10,0,2026-04-02 18:30:00,2026-05-07 01:00:00
510,P00510,LG Monitor 24MP400-B presentación familiar,Monitor LED Full HD de 24 pulgadas,3024.31,139,1,2026-05-02 08:15:00,2026-05-03 21:00:00
511,P00511,Michelin Energy XM2+ versión estándar,Neumático para automóvil,1754.43,146,1,2026-01-23 10:30:00,2026-01-30 17:45:00
512,P00512,Philips Hervidor HD9350 versión estándar,Hervidor eléctrico de acero inoxidable,904.71,116,1,2026-05-26 14:00:00,2026-07-10 18:15:00
513,P00513,Hamilton Beach Cafetera 12 tazas color rojo,Cafetera programable de 12 tazas,807.63,74,1,2026-07-16 09:15:00,2026-08-24 15:15:00
514,P00514,Kingston NV2 1TB presentación familiar,Unidad SSD NVMe M.2 de 1 TB,1327.73,116,0,2026-08-11 16:15:00,2026-08-30 19:30:00
515,P00515,Philips Hervidor HD9350 paquete con 2 piezas,Hervidor eléctrico de acero inoxidable,991.35,27,1,2026-04-27 17:45:00,2026-05-03 04:15:00
516,P00516,Kingston DataTraveler Exodia 64GB paquete con 2 piezas,Memoria USB 3.2 de 64 GB,125.12,42,1,2026-01-11 13:15:00,2026-01-30 01:00:00
517,P00517,TP-Link Archer C6 versión estándar,Router inalámbrico Gigabit AC1200,1044.18,24,0,2026-09-06 12:45:00,2026-09-13 15:15:00
518,P00518,Pedigree Adulto 2kg paquete con 2 piezas,Alimento seco para perros adultos,173.72,82,1,2026-08-18 18:15:00,2026-09-20 19:15:00
519,P00519,Vasconia Cacerola 24cm,Cacerola de aluminio con tapa,493.19,104,1,2026-01-03 17:00:00,2026-02-07 17:15:00
520,P00520,Rubbermaid Contenedor 10L paquete con 2 piezas,Contenedor plástico para almacenamiento,204.19,49,1,2026-09-13 12:45:00,2026-10-27 16:15:00
521,P00521,Kong Classic M,Juguete resistente para perros,370.1,61,1,2026-08-26 18:45:00,2026-09-12 07:00:00
522,P00522,Logitech Mouse G203 paquete individual,Mouse para gaming con sensor óptico,718.0,124,1,2026-03-05 10:45:00,2026-03-29 13:15:00
523,P00523,Tefal Plancha Ultragliss presentación familiar,Plancha de vapor para ropa,1155.32,106,1,2026-04-13 16:00:00,2026-05-09 17:30:00
524,P00524,Logitech Mouse M185 paquete individual,Mouse inalámbrico compacto con receptor USB,337.14,55,1,2026-04-05 12:30:00,2026-04-10 21:30:00
525,P00525,SanDisk Ultra microSD 128GB color negro,Tarjeta microSD de 128 GB,288.54,34,1,2026-03-01 09:15:00,2026-03-17 18:15:00
526,P00526,JBL Go 4 edición especial,Bocina portátil Bluetooth,1200.67,141,1,2026-05-27 16:15:00,2026-05-29 19:45:00
527,P00527,Scotch-Brite Esponjas multiusos color azul,Paquete de esponjas para limpieza doméstica,88.24,59,1,2026-05-14 15:45:00,2026-05-16 16:30:00
528,P00528,Gillette Mach3 paquete con 2 piezas,Rastrillo para afeitar con tres hojas,195.24,120,1,2026-04-12 17:15:00,2026-05-27 04:00:00
529,P00529,LG Monitor 24MP400-B edición especial,Monitor LED Full HD de 24 pulgadas,3123.1,137,1,2026-04-18 19:30:00,2026-05-22 02:00:00
530,P00530,Amazon Basics Cable HDMI 2m paquete con 2 piezas,Cable HDMI de alta velocidad de 2 metros,244.19,53,1,2026-03-01 09:45:00,2026-03-28 19:30:00
531,P00531,Pedigree Adulto 2kg versión estándar,Alimento seco para perros adultos,157.83,45,1,2026-06-11 17:30:00,2026-07-01 03:00:00
532,P00532,SanDisk Ultra microSD 128GB presentación familiar,Tarjeta microSD de 128 GB,290.02,64,0,2026-05-05 19:45:00,2026-05-12 21:00:00
533,P00533,Logitech Webcam C920s color negro,Cámara web Full HD con micrófono estéreo,1374.77,65,1,2026-01-12 13:15:00,2026-02-05 01:15:00
534,P00534,BIC Bolígrafo Cristal versión estándar,Bolígrafo de tinta azul,11.22,108,1,2026-02-23 18:30:00,2026-02-24 19:15:00
535,P00535,Koblenz Aspiradora WD-2 color rojo,Aspiradora para limpieza doméstica,1580.96,119,0,2026-07-28 19:45:00,2026-08-24 03:15:00
536,P00536,Tramontina Sartén 24cm,Sartén antiadherente de 24 centímetros,478.18,18,1,2026-08-04 17:45:00,2026-09-06 18:30:00
537,P00537,Black+Decker Tostador 2 rebanadas color negro,Tostador eléctrico de dos ranuras,501.13,28,1,2026-06-18 10:15:00,2026-07-03 10:30:00
538,P00538,Kong Classic M versión estándar,Juguete resistente para perros,356.78,67,0,2026-04-28 19:15:00,2026-06-08 08:00:00
539,P00539,Logitech Teclado K120,Teclado alámbrico USB de tamaño completo,317.16,150,1,2026-05-31 12:15:00,2026-06-29 14:00:00
540,P00540,Tefal Plancha Ultragliss presentación familiar,Plancha de vapor para ropa,1259.05,91,0,2026-02-14 15:30:00,2026-03-03 03:30:00
541,P00541,BIC Bolígrafo Cristal presentación familiar,Bolígrafo de tinta azul,12.61,138,1,2026-03-11 09:00:00,2026-04-10 21:15:00
542,P00542,Tramontina Sartén 24cm color negro,Sartén antiadherente de 24 centímetros,550.06,116,1,2026-07-07 10:15:00,2026-07-17 16:30:00
543,P00543,Rubbermaid Contenedor 10L presentación familiar,Contenedor plástico para almacenamiento,220.26,42,1,2026-06-13 09:45:00,2026-07-05 20:30:00
544,P00544,Staedtler Lápiz Noris HB versión estándar,Lápiz de grafito HB,14.57,90,1,2026-02-10 17:00:00,2026-03-06 17:00:00
545,P00545,Samsung Monitor T350 24 pulgadas color negro,Monitor Full HD de 24 pulgadas con panel IPS,2751.68,145,1,2026-04-14 08:45:00,2026-05-08 19:45:00
546,P00546,Vasconia Cacerola 24cm presentación familiar,Cacerola de aluminio con tapa,507.28,8,1,2026-02-23 15:00:00,2026-03-16 17:30:00
547,P00547,Cinsa Olla de presión 6L color rojo,Olla de presión de aluminio de 6 litros,1112.18,125,0,2026-04-03 11:15:00,2026-05-16 22:15:00
548,P00548,Oster Licuadora clásica color rojo,Licuadora de vaso para preparación de alimentos,970.1,134,1,2026-03-18 10:00:00,2026-04-13 17:45:00
549,P00549,Spalding TF-1000 edición especial,Balón de basquetbol para interiores,829.47,108,1,2026-03-05 16:30:00,2026-04-05 20:45:00
550,P00550,Logitech Mouse M185 color rojo,Mouse inalámbrico compacto con receptor USB,359.42,105,1,2026-04-28 08:00:00,2026-06-07 15:30:00
551,P00551,SanDisk Ultra microSD 128GB versión estándar,Tarjeta microSD de 128 GB,271.25,126,1,2026-06-26 15:45:00,2026-07-01 18:00:00
552,P00552,Scotch-Brite Esponjas multiusos edición especial,Paquete de esponjas para limpieza doméstica,96.98,71,1,2026-06-30 15:15:00,2026-07-09 18:30:00
553,P00553,Tefal Plancha Ultragliss presentación familiar,Plancha de vapor para ropa,1187.89,42,1,2026-03-04 14:30:00,2026-03-18 20:30:00
554,P00554,Colgate Total 12 presentación familiar,Pasta dental de protección integral,64.25,0,1,2026-03-31 08:30:00,2026-04-07 18:00:00
555,P00555,Ninja Air Fryer 4L color rojo,Freidora de aire de 4 litros,2089.7,133,0,2026-05-09 18:30:00,2026-06-02 22:45:00
556,P00556,Nike Revolution 7 edición especial,Tenis deportivos para entrenamiento,1535.19,56,1,2026-06-02 09:45:00,2026-06-29 20:00:00
557,P00557,Pilot G2 color azul,Bolígrafo de gel de tinta negra,40.68,31,1,2026-06-26 08:45:00,2026-08-10 18:30:00
558,P00558,BIC Bolígrafo Cristal color rojo,Bolígrafo de tinta azul,12.02,130,1,2026-05-27 08:45:00,2026-06-22 21:00:00
559,P00559,Pedigree Adulto 2kg color azul,Alimento seco para perros adultos,175.44,26,1,2026-09-05 13:45:00,2026-10-09 14:30:00
560,P00560,Gillette Mach3 paquete individual,Rastrillo para afeitar con tres hojas,176.11,39,1,2026-06-24 19:00:00,2026-07-23 02:30:00
561,P00561,Kong Classic M color azul,Juguete resistente para perros,338.44,3,0,2026-05-31 15:15:00,2026-06-28 22:45:00
562,P00562,Avery Etiquetas adhesivas modelo 2026,Paquete de etiquetas autoadhesivas,131.0,17,1,2026-05-13 18:15:00,2026-05-23 22:30:00
563,P00563,SanDisk Ultra microSD 128GB edición especial,Tarjeta microSD de 128 GB,272.08,65,1,2026-03-01 13:45:00,2026-03-04 23:30:00
564,P00564,Wilson Pelota de tenis Championship paquete individual,Pelota de tenis para entrenamiento,133.65,55,1,2026-09-08 14:45:00,2026-10-02 15:45:00
565,P00565,TP-Link Archer C6 color azul,Router inalámbrico Gigabit AC1200,990.66,144,1,2026-04-27 15:00:00,2026-06-12 03:00:00
566,P00566,Colgate Total 12 color negro,Pasta dental de protección integral,75.4,93,1,2026-06-24 17:45:00,2026-08-04 03:15:00
567,P00567,Pilot G2 color rojo,Bolígrafo de gel de tinta negra,38.29,109,1,2026-04-12 13:15:00,2026-04-15 00:15:00
568,P00568,Kingston NV2 1TB edición especial,Unidad SSD NVMe M.2 de 1 TB,1295.58,35,1,2026-05-16 11:30:00,2026-06-06 22:00:00
569,P00569,Amazon Basics Cable HDMI 2m,Cable HDMI de alta velocidad de 2 metros,213.33,84,0,2026-01-12 09:00:00,2026-01-23 21:15:00
570,P00570,Samsung Monitor T350 24 pulgadas modelo 2026,Monitor Full HD de 24 pulgadas con panel IPS,2851.39,140,1,2026-05-18 09:15:00,2026-05-20 16:15:00
571,P00571,Whiskas Adulto 1.5kg color azul,Alimento seco para gatos adultos,166.86,117,1,2026-06-28 18:45:00,2026-07-03 02:15:00
572,P00572,Hamilton Beach Cafetera 12 tazas paquete con 2 piezas,Cafetera programable de 12 tazas,793.54,80,0,2026-02-03 17:45:00,2026-03-04 19:45:00
573,P00573,T-fal Juego de sartenes 3 piezas color negro,Juego de sartenes antiadherentes,1296.3,111,1,2026-08-10 18:45:00,2026-08-31 18:45:00
574,P00574,T-fal Juego de sartenes 3 piezas presentación familiar,Juego de sartenes antiadherentes,1108.62,28,1,2026-01-26 10:45:00,2026-02-11 13:30:00
575,P00575,TP-Link Archer C6 edición especial,Router inalámbrico Gigabit AC1200,1115.79,89,1,2026-03-31 13:45:00,2026-04-30 02:15:00
576,P00576,Tramontina Juego de cuchillos 6 piezas paquete individual,Set de cuchillos para cocina,830.1,32,0,2026-07-07 09:00:00,2026-08-12 14:15:00
577,P00577,Bosch Bujía de encendido versión estándar,Bujía para motor de gasolina,131.34,79,1,2026-05-06 19:30:00,2026-06-15 00:00:00
578,P00578,Hamilton Beach Cafetera 12 tazas modelo 2026,Cafetera programable de 12 tazas,825.81,9,0,2026-02-27 16:45:00,2026-03-03 16:45:00
579,P00579,Dove Jabón corporal modelo 2026,Jabón corporal de uso diario,45.9,90,0,2026-06-16 12:00:00,2026-07-01 22:15:00
580,P00580,T-fal Juego de sartenes 3 piezas color negro,Juego de sartenes antiadherentes,1211.35,121,1,2026-09-09 10:45:00,2026-09-16 15:00:00
581,P00581,Kingston NV2 1TB color azul,Unidad SSD NVMe M.2 de 1 TB,1446.09,138,1,2026-04-29 09:45:00,2026-05-31 16:30:00
582,P00582,Koblenz Aspiradora WD-2 color negro,Aspiradora para limpieza doméstica,1683.38,1,1,2026-09-16 15:45:00,2026-10-15 03:15:00
583,P00583,TP-Link Archer C6,Router inalámbrico Gigabit AC1200,903.0,64,1,2026-06-16 16:30:00,2026-07-16 03:15:00
584,P00584,Cinsa Olla de presión 6L color rojo,Olla de presión de aluminio de 6 litros,1110.38,44,1,2026-09-01 09:45:00,2026-10-06 15:15:00
585,P00585,Avery Etiquetas adhesivas paquete con 2 piezas,Paquete de etiquetas autoadhesivas,143.75,124,1,2026-06-06 15:00:00,2026-07-07 22:00:00
586,P00586,UGREEN Adaptador USB-C edición especial,Adaptador USB-C a USB 3.0,243.81,63,1,2026-04-20 19:00:00,2026-05-26 23:45:00
587,P00587,Spalding TF-1000 color rojo,Balón de basquetbol para interiores,781.77,60,0,2026-05-01 18:30:00,2026-05-17 21:15:00
588,P00588,UGREEN Adaptador USB-C,Adaptador USB-C a USB 3.0,228.6,90,1,2026-09-17 13:00:00,2026-09-24 16:45:00
589,P00589,Everlast Guantes de boxeo 12 oz color azul,Guantes de boxeo para entrenamiento,760.98,128,1,2026-02-08 16:00:00,2026-02-10 02:00:00
590,P00590,Oster Licuadora clásica versión estándar,Licuadora de vaso para preparación de alimentos,876.82,142,1,2026-01-19 19:15:00,2026-02-21 02:45:00
591,P00591,Colgate Total 12 color rojo,Pasta dental de protección integral,74.53,74,0,2026-08-08 16:30:00,2026-08-28 03:00:00
592,P00592,Kingston Fury Beast 8GB modelo 2026,Memoria RAM DDR4 de 8 GB,499.25,85,0,2026-07-16 12:15:00,2026-08-22 19:00:00
593,P00593,Bosch Bujía de encendido presentación familiar,Bujía para motor de gasolina,126.28,118,0,2026-04-14 19:00:00,2026-05-01 20:45:00
594,P00594,Pilot G2 paquete individual,Bolígrafo de gel de tinta negra,42.79,85,1,2026-04-27 14:45:00,2026-05-20 16:30:00
595,P00595,SanDisk Ultra microSD 128GB versión estándar,Tarjeta microSD de 128 GB,314.39,101,1,2026-02-05 11:15:00,2026-03-12 21:30:00
596,P00596,Sterilite Caja organizadora 40L paquete individual,Caja plástica con tapa para almacenamiento,365.82,43,0,2026-07-30 12:00:00,2026-08-04 20:15:00
597,P00597,Logitech Mouse M185 color negro,Mouse inalámbrico compacto con receptor USB,339.67,8,1,2026-07-03 17:45:00,2026-07-27 05:30:00
598,P00598,Wilson Pelota de tenis Championship,Pelota de tenis para entrenamiento,131.0,31,1,2026-06-09 14:00:00,2026-07-13 20:15:00
599,P00599,Scotch-Brite Esponjas multiusos color negro,Paquete de esponjas para limpieza doméstica,93.23,119,1,2026-02-11 15:30:00,2026-02-23 17:45:00
600,P00600,Kong Classic M modelo 2026,Juguete resistente para perros,354.78,90,1,2026-07-07 10:30:00,2026-08-11 22:15:00
601,P00601,Wilson Pelota de tenis Championship paquete con 2 piezas,Pelota de tenis para entrenamiento,143.3,96,1,2026-09-14 17:45:00,2026-09-18 23:45:00
602,P00602,TP-Link Archer C6 color negro,Router inalámbrico Gigabit AC1200,1015.96,66,1,2026-05-10 09:30:00,2026-06-02 18:00:00
603,P00603,Sharpie Marcador permanente color rojo,Marcador permanente de punta fina,38.89,92,1,2026-01-20 12:45:00,2026-02-07 14:15:00
604,P00604,Pilot G2 paquete individual,Bolígrafo de gel de tinta negra,36.03,115,0,2026-02-04 17:30:00,2026-03-10 19:00:00
605,P00605,Tramontina Juego de cuchillos 6 piezas modelo 2026,Set de cuchillos para cocina,890.85,123,1,2026-07-25 19:15:00,2026-07-26 07:45:00
606,P00606,Nike Revolution 7 color rojo,Tenis deportivos para entrenamiento,1690.29,127,1,2026-02-27 11:00:00,2026-03-11 18:30:00
607,P00607,Logitech Mouse G203 paquete con 2 piezas,Mouse para gaming con sensor óptico,678.48,103,1,2026-07-06 12:30:00,2026-07-23 13:00:00
608,P00608,Michelin Energy XM2+ color rojo,Neumático para automóvil,1751.82,116,1,2026-01-07 11:30:00,2026-01-28 21:15:00
609,P00609,Koblenz Aspiradora WD-2 paquete individual,Aspiradora para limpieza doméstica,1667.28,25,1,2026-02-19 17:45:00,2026-03-11 22:15:00
610,P00610,LG Monitor 24MP400-B modelo 2026,Monitor LED Full HD de 24 pulgadas,2885.52,55,0,2026-02-24 15:45:00,2026-03-22 03:15:00
611,P00611,TP-Link Archer C6 color azul,Router inalámbrico Gigabit AC1200,1063.17,129,1,2026-04-02 13:15:00,2026-04-10 16:15:00
612,P00612,Staedtler Lápiz Noris HB versión estándar,Lápiz de grafito HB,15.16,109,1,2026-07-25 08:30:00,2026-08-13 18:30:00
613,P00613,Scotch-Brite Esponjas multiusos paquete individual,Paquete de esponjas para limpieza doméstica,89.68,18,0,2026-09-17 18:30:00,2026-10-10 19:00:00
614,P00614,Koblenz Aspiradora WD-2 color rojo,Aspiradora para limpieza doméstica,1631.02,26,1,2026-08-23 17:30:00,2026-09-25 21:00:00
615,P00615,Scribe Cuaderno profesional color azul,Cuaderno de hojas rayadas,82.45,51,0,2026-06-02 17:45:00,2026-06-10 04:30:00
616,P00616,Pilot G2 edición especial,Bolígrafo de gel de tinta negra,35.74,83,1,2026-03-28 17:30:00,2026-05-11 20:00:00
617,P00617,Logitech Webcam C920s paquete individual,Cámara web Full HD con micrófono estéreo,1351.27,23,1,2026-07-13 18:45:00,2026-08-11 00:30:00
618,P00618,T-fal Juego de sartenes 3 piezas color negro,Juego de sartenes antiadherentes,1153.38,143,1,2026-04-02 19:15:00,2026-04-27 07:00:00
619,P00619,Everlast Guantes de boxeo 12 oz paquete individual,Guantes de boxeo para entrenamiento,778.25,65,1,2026-06-27 12:45:00,2026-07-12 15:00:00
620,P00620,HP DeskJet 2875 paquete con 2 piezas,Impresora multifuncional inalámbrica,1877.33,33,0,2026-08-17 10:15:00,2026-09-17 11:15:00
621,P00621,Castrol GTX 5W-30 1L versión estándar,Aceite para motor de automóvil,177.53,104,1,2026-03-10 13:15:00,2026-04-01 17:15:00
622,P00622,Pyrex Recipiente de vidrio 1L versión estándar,Recipiente de vidrio resistente al calor,241.1,142,1,2026-02-10 13:30:00,2026-03-21 02:15:00
623,P00623,Tefal Plancha Ultragliss edición especial,Plancha de vapor para ropa,1280.3,8,1,2026-05-24 15:30:00,2026-06-03 04:15:00
624,P00624,BIC Bolígrafo Cristal paquete individual,Bolígrafo de tinta azul,13.19,118,0,2026-05-08 10:30:00,2026-06-20 12:30:00
625,P00625,Kingston NV2 1TB color rojo,Unidad SSD NVMe M.2 de 1 TB,1307.62,63,1,2026-04-25 09:45:00,2026-06-03 12:30:00
626,P00626,Scribe Cuaderno profesional edición especial,Cuaderno de hojas rayadas,88.68,117,0,2026-01-13 15:00:00,2026-01-13 21:15:00
627,P00627,Castrol GTX 5W-30 1L modelo 2026,Aceite para motor de automóvil,167.09,147,1,2026-03-16 10:00:00,2026-04-15 14:45:00
628,P00628,Nike Revolution 7 modelo 2026,Tenis deportivos para entrenamiento,1526.15,86,0,2026-04-30 10:45:00,2026-05-09 18:15:00
629,P00629,Pedigree Adulto 2kg color rojo,Alimento seco para perros adultos,176.72,72,0,2026-02-26 11:00:00,2026-03-18 23:45:00
630,P00630,Black+Decker Tostador 2 rebanadas edición especial,Tostador eléctrico de dos ranuras,453.62,136,0,2026-08-11 12:45:00,2026-09-15 23:45:00
631,P00631,Nivea Crema corporal paquete con 2 piezas,Crema hidratante para cuerpo,119.69,41,1,2026-02-01 16:15:00,2026-03-12 22:45:00
632,P00632,Cinsa Olla de presión 6L modelo 2026,Olla de presión de aluminio de 6 litros,960.85,60,1,2026-01-05 19:15:00,2026-01-19 21:30:00
633,P00633,Logitech Teclado K120 modelo 2026,Teclado alámbrico USB de tamaño completo,298.5,27,1,2026-04-25 19:30:00,2026-05-16 01:00:00
634,P00634,Tefal Plancha Ultragliss color negro,Plancha de vapor para ropa,1227.87,58,0,2026-04-11 15:15:00,2026-05-20 19:15:00
635,P00635,Everlast Guantes de boxeo 12 oz paquete con 2 piezas,Guantes de boxeo para entrenamiento,781.45,31,1,2026-06-11 13:15:00,2026-06-27 14:00:00
636,P00636,Castrol GTX 5W-30 1L edición especial,Aceite para motor de automóvil,149.66,140,0,2026-07-28 18:15:00,2026-09-08 23:15:00
637,P00637,Vasconia Cacerola 24cm presentación familiar,Cacerola de aluminio con tapa,484.11,13,1,2026-07-31 19:15:00,2026-08-25 07:30:00
638,P00638,Staedtler Lápiz Noris HB,Lápiz de grafito HB,15.82,106,1,2026-07-02 15:00:00,2026-07-18 23:30:00
639,P00639,Pilot G2 paquete con 2 piezas,Bolígrafo de gel de tinta negra,36.1,78,1,2026-07-25 08:00:00,2026-07-29 12:30:00
640,P00640,TP-Link Archer C6 color negro,Router inalámbrico Gigabit AC1200,953.62,89,1,2026-05-08 13:15:00,2026-06-20 21:30:00
641,P00641,Kingston NV2 1TB versión estándar,Unidad SSD NVMe M.2 de 1 TB,1467.39,109,1,2026-01-21 10:00:00,2026-01-25 22:15:00
642,P00642,Logitech Mouse G203 presentación familiar,Mouse para gaming con sensor óptico,650.22,137,1,2026-02-11 11:45:00,2026-03-20 18:00:00
643,P00643,APC Back-UPS 600VA paquete individual,Sistema de respaldo de energía de 600 VA,1553.43,108,1,2026-07-28 14:45:00,2026-08-25 01:45:00
644,P00644,TP-Link Archer C6 color negro,Router inalámbrico Gigabit AC1200,1012.29,71,1,2026-02-20 17:30:00,2026-03-16 03:30:00
645,P00645,Tramontina Juego de cuchillos 6 piezas,Set de cuchillos para cocina,823.31,26,1,2026-08-29 16:15:00,2026-09-26 20:45:00
646,P00646,Nivea Crema corporal color azul,Crema hidratante para cuerpo,110.72,48,1,2026-03-15 14:30:00,2026-03-17 17:00:00
647,P00647,Tramontina Juego de cuchillos 6 piezas presentación familiar,Set de cuchillos para cocina,785.71,33,1,2026-07-22 14:15:00,2026-08-29 00:15:00
648,P00648,Scribe Cuaderno profesional presentación familiar,Cuaderno de hojas rayadas,98.18,95,1,2026-09-11 18:00:00,2026-09-21 18:45:00
649,P00649,UGREEN Adaptador USB-C paquete con 2 piezas,Adaptador USB-C a USB 3.0,263.06,50,0,2026-06-22 18:00:00,2026-07-22 03:45:00
650,P00650,Adidas Runfalcon 5 versión estándar,Calzado deportivo para correr,1437.21,72,1,2026-07-25 19:30:00,2026-07-31 23:00:00
651,P00651,Colgate Total 12 presentación familiar,Pasta dental de protección integral,69.68,112,1,2026-02-06 10:00:00,2026-02-10 15:00:00
652,P00652,Castrol GTX 5W-30 1L edición especial,Aceite para motor de automóvil,146.59,104,1,2026-08-05 18:00:00,2026-09-18 03:30:00
653,P00653,Hamilton Beach Cafetera 12 tazas paquete individual,Cafetera programable de 12 tazas,800.18,13,1,2026-04-13 11:45:00,2026-05-15 12:45:00
654,P00654,UGREEN Adaptador USB-C paquete individual,Adaptador USB-C a USB 3.0,261.23,112,1,2026-08-04 09:15:00,2026-08-29 18:30:00
655,P00655,Amazon Basics Cable HDMI 2m color azul,Cable HDMI de alta velocidad de 2 metros,207.71,88,1,2026-03-12 10:15:00,2026-04-20 17:30:00
656,P00656,Rubbermaid Contenedor 10L presentación familiar,Contenedor plástico para almacenamiento,203.89,88,1,2026-02-26 19:45:00,2026-03-03 07:30:00
657,P00657,Pyrex Recipiente de vidrio 1L paquete individual,Recipiente de vidrio resistente al calor,213.33,35,1,2026-02-10 12:00:00,2026-02-19 18:00:00
658,P00658,Philips Hervidor HD9350 color negro,Hervidor eléctrico de acero inoxidable,1085.41,33,0,2026-08-27 14:00:00,2026-10-07 20:30:00
659,P00659,Vasconia Cacerola 24cm color rojo,Cacerola de aluminio con tapa,479.63,99,1,2026-02-09 08:15:00,2026-02-12 17:00:00
660,P00660,Rubbermaid Contenedor 10L edición especial,Contenedor plástico para almacenamiento,207.18,3,1,2026-09-14 08:45:00,2026-10-15 19:15:00
661,P00661,Wilson Pelota de tenis Championship edición especial,Pelota de tenis para entrenamiento,117.03,118,1,2026-02-24 19:30:00,2026-02-26 00:30:00
662,P00662,Logitech Mouse G203 color azul,Mouse para gaming con sensor óptico,686.96,116,1,2026-02-19 08:15:00,2026-02-24 16:00:00
663,P00663,Logitech Teclado K120 paquete con 2 piezas,Teclado alámbrico USB de tamaño completo,311.49,88,1,2026-06-26 17:30:00,2026-07-28 00:45:00
664,P00664,UGREEN Adaptador USB-C presentación familiar,Adaptador USB-C a USB 3.0,244.0,112,1,2026-01-14 16:30:00,2026-01-24 18:15:00
665,P00665,Wilson Pelota de tenis Championship paquete individual,Pelota de tenis para entrenamiento,143.0,81,1,2026-09-14 14:45:00,2026-10-09 16:30:00
666,P00666,Pyrex Recipiente de vidrio 1L color azul,Recipiente de vidrio resistente al calor,236.57,101,1,2026-08-26 08:00:00,2026-10-09 10:30:00
667,P00667,Pyrex Recipiente de vidrio 1L color negro,Recipiente de vidrio resistente al calor,223.34,38,1,2026-07-14 12:00:00,2026-08-20 22:15:00
668,P00668,Ninja Air Fryer 4L,Freidora de aire de 4 litros,1958.33,56,1,2026-08-23 14:00:00,2026-10-07 22:45:00
669,P00669,Koblenz Aspiradora WD-2 color negro,Aspiradora para limpieza doméstica,1600.6,112,1,2026-03-09 19:45:00,2026-03-28 07:30:00
670,P00670,Colgate Total 12 edición especial,Pasta dental de protección integral,65.4,73,1,2026-08-04 18:00:00,2026-08-12 03:15:00
671,P00671,Puma Essentials Hoodie modelo 2026,Sudadera deportiva con capucha,1113.35,63,0,2026-04-23 19:45:00,2026-05-13 01:30:00
672,P00672,Black+Decker Tostador 2 rebanadas color azul,Tostador eléctrico de dos ranuras,482.21,31,1,2026-01-23 09:30:00,2026-02-25 20:00:00
673,P00673,Castrol GTX 5W-30 1L edición especial,Aceite para motor de automóvil,157.54,59,1,2026-04-01 12:45:00,2026-04-14 19:15:00
674,P00674,Whiskas Adulto 1.5kg presentación familiar,Alimento seco para gatos adultos,138.04,18,1,2026-05-22 08:45:00,2026-07-03 10:45:00
675,P00675,Post-it Notas adhesivas 76x76mm color negro,Bloc de notas adhesivas amarillas,74.01,126,1,2026-03-23 17:00:00,2026-04-30 05:45:00
676,P00676,Scotch-Brite Esponjas multiusos edición especial,Paquete de esponjas para limpieza doméstica,99.32,137,0,2026-07-31 15:15:00,2026-08-04 21:15:00
677,P00677,UGREEN Adaptador USB-C paquete individual,Adaptador USB-C a USB 3.0,271.57,138,1,2026-04-24 12:15:00,2026-05-10 22:00:00
678,P00678,Tefal Plancha Ultragliss color rojo,Plancha de vapor para ropa,1312.53,33,1,2026-08-07 17:00:00,2026-09-14 18:00:00
679,P00679,Tefal Plancha Ultragliss modelo 2026,Plancha de vapor para ropa,1099.93,90,1,2026-07-03 08:15:00,2026-07-10 10:00:00
680,P00680,Scotch-Brite Esponjas multiusos paquete con 2 piezas,Paquete de esponjas para limpieza doméstica,81.75,7,1,2026-07-31 08:00:00,2026-08-31 09:00:00
681,P00681,Whiskas Adulto 1.5kg edición especial,Alimento seco para gatos adultos,154.84,144,1,2026-03-11 08:30:00,2026-03-26 14:00:00
682,P00682,Pedigree Adulto 2kg modelo 2026,Alimento seco para perros adultos,166.76,76,1,2026-01-28 19:00:00,2026-02-14 00:15:00
683,P00683,Scribe Cuaderno profesional,Cuaderno de hojas rayadas,94.45,89,1,2026-07-25 18:45:00,2026-07-31 07:00:00
684,P00684,Kingston Fury Beast 8GB paquete con 2 piezas,Memoria RAM DDR4 de 8 GB,479.62,117,1,2026-07-05 19:15:00,2026-07-14 21:45:00
685,P00685,Whiskas Adulto 1.5kg color azul,Alimento seco para gatos adultos,162.19,30,1,2026-02-16 14:30:00,2026-03-01 17:45:00
686,P00686,Sharpie Marcador permanente paquete individual,Marcador permanente de punta fina,36.68,26,0,2026-08-05 12:45:00,2026-09-13 14:45:00
687,P00687,HP DeskJet 2875 edición especial,Impresora multifuncional inalámbrica,1988.17,141,1,2026-09-01 18:00:00,2026-09-03 03:45:00
688,P00688,Logitech Mouse G203 versión estándar,Mouse para gaming con sensor óptico,776.02,123,1,2026-06-19 16:00:00,2026-07-18 16:15:00
689,P00689,Spalding TF-1000 modelo 2026,Balón de basquetbol para interiores,744.78,45,1,2026-02-13 13:15:00,2026-02-21 15:15:00
690,P00690,JBL Go 4 color rojo,Bocina portátil Bluetooth,1096.49,50,1,2026-04-18 11:45:00,2026-05-24 18:15:00
691,P00691,Koblenz Aspiradora WD-2 color azul,Aspiradora para limpieza doméstica,1502.64,8,1,2026-02-13 10:45:00,2026-02-21 22:30:00
692,P00692,Tramontina Sartén 24cm paquete con 2 piezas,Sartén antiadherente de 24 centímetros,547.33,29,1,2026-04-28 17:15:00,2026-05-13 02:00:00
693,P00693,Staedtler Lápiz Noris HB presentación familiar,Lápiz de grafito HB,16.46,61,1,2026-05-04 08:15:00,2026-05-15 15:00:00
694,P00694,Castrol GTX 5W-30 1L paquete individual,Aceite para motor de automóvil,164.17,72,1,2026-06-27 10:30:00,2026-07-17 13:00:00
695,P00695,Logitech Mouse G203 paquete con 2 piezas,Mouse para gaming con sensor óptico,663.4,42,1,2026-03-26 10:15:00,2026-05-09 13:30:00
696,P00696,Philips Hervidor HD9350 modelo 2026,Hervidor eléctrico de acero inoxidable,1085.82,30,1,2026-07-16 15:15:00,2026-07-29 01:45:00
697,P00697,Nivea Crema corporal versión estándar,Crema hidratante para cuerpo,121.58,79,1,2026-09-17 11:00:00,2026-10-16 15:30:00
698,P00698,Post-it Notas adhesivas 76x76mm presentación familiar,Bloc de notas adhesivas amarillas,69.12,92,1,2026-03-24 16:30:00,2026-03-31 21:45:00
699,P00699,Sharpie Marcador permanente color rojo,Marcador permanente de punta fina,31.82,71,1,2026-04-19 19:00:00,2026-05-03 21:45:00
700,P00700,Everlast Guantes de boxeo 12 oz color negro,Guantes de boxeo para entrenamiento,744.69,16,1,2026-05-28 13:15:00,2026-06-06 00:15:00
701,P00701,LG Monitor 24MP400-B paquete con 2 piezas,Monitor LED Full HD de 24 pulgadas,2797.09,139,1,2026-01-03 08:00:00,2026-02-07 16:15:00
702,P00702,UGREEN Adaptador USB-C edición especial,Adaptador USB-C a USB 3.0,243.89,126,1,2026-04-17 11:45:00,2026-05-21 22:00:00
703,P00703,Adidas Runfalcon 5 versión estándar,Calzado deportivo para correr,1298.06,107,1,2026-02-21 14:30:00,2026-03-08 18:45:00
704,P00704,Nivea Crema corporal versión estándar,Crema hidratante para cuerpo,115.71,111,0,2026-07-05 15:00:00,2026-07-25 15:30:00
705,P00705,Colgate Total 12 edición especial,Pasta dental de protección integral,72.89,19,1,2026-09-15 15:15:00,2026-09-28 17:45:00
706,P00706,Vasconia Cacerola 24cm color azul,Cacerola de aluminio con tapa,500.75,33,1,2026-06-16 08:00:00,2026-07-01 13:45:00
707,P00707,APC Back-UPS 600VA color negro,Sistema de respaldo de energía de 600 VA,1693.57,35,0,2026-06-21 13:15:00,2026-07-03 01:15:00
708,P00708,Staedtler Lápiz Noris HB color rojo,Lápiz de grafito HB,16.03,1,1,2026-06-04 18:15:00,2026-07-14 01:15:00
709,P00709,Tramontina Sartén 24cm,Sartén antiadherente de 24 centímetros,551.17,48,1,2026-03-04 15:00:00,2026-03-06 19:15:00
710,P00710,Whiskas Adulto 1.5kg color rojo,Alimento seco para gatos adultos,135.66,45,1,2026-04-09 09:45:00,2026-05-24 12:30:00
711,P00711,Nike Revolution 7 color rojo,Tenis deportivos para entrenamiento,1779.49,140,1,2026-08-08 09:30:00,2026-09-02 17:45:00
712,P00712,T-fal Juego de sartenes 3 piezas color rojo,Juego de sartenes antiadherentes,1227.04,32,1,2026-03-21 09:30:00,2026-04-09 17:30:00
713,P00713,Wilson Pelota de tenis Championship color rojo,Pelota de tenis para entrenamiento,128.49,70,0,2026-07-24 15:30:00,2026-08-18 01:30:00
714,P00714,APC Back-UPS 600VA versión estándar,Sistema de respaldo de energía de 600 VA,1592.28,104,1,2026-08-20 17:30:00,2026-10-04 21:30:00
715,P00715,Tramontina Juego de cuchillos 6 piezas,Set de cuchillos para cocina,778.11,87,1,2026-07-24 15:00:00,2026-08-03 17:45:00
716,P00716,Gillette Mach3 color rojo,Rastrillo para afeitar con tres hojas,182.53,12,1,2026-08-11 17:00:00,2026-08-27 02:30:00
717,P00717,Scribe Cuaderno profesional modelo 2026,Cuaderno de hojas rayadas,98.42,25,1,2026-05-17 08:00:00,2026-06-03 13:45:00
718,P00718,Puma Essentials Hoodie versión estándar,Sudadera deportiva con capucha,966.53,66,0,2026-03-20 15:30:00,2026-04-01 19:15:00
719,P00719,Kong Classic M,Juguete resistente para perros,367.43,123,1,2026-03-26 17:00:00,2026-04-15 21:15:00
720,P00720,Pyrex Recipiente de vidrio 1L color rojo,Recipiente de vidrio resistente al calor,246.32,44,1,2026-07-01 12:30:00,2026-07-31 16:45:00
721,P00721,Nike Revolution 7 paquete individual,Tenis deportivos para entrenamiento,1626.36,28,0,2026-05-17 09:15:00,2026-05-23 20:15:00
722,P00722,Pedigree Adulto 2kg versión estándar,Alimento seco para perros adultos,158.79,110,1,2026-06-03 16:00:00,2026-06-27 02:15:00
723,P00723,Nike Revolution 7 paquete con 2 piezas,Tenis deportivos para entrenamiento,1440.9,0,1,2026-01-22 11:45:00,2026-02-25 22:30:00
724,P00724,Koblenz Aspiradora WD-2 color negro,Aspiradora para limpieza doméstica,1543.67,55,1,2026-06-21 15:45:00,2026-07-28 03:00:00
725,P00725,Whiskas Adulto 1.5kg presentación familiar,Alimento seco para gatos adultos,156.29,47,1,2026-06-15 17:30:00,2026-07-24 01:45:00
726,P00726,Colgate Total 12 versión estándar,Pasta dental de protección integral,65.82,23,1,2026-02-19 15:30:00,2026-02-26 22:45:00
727,P00727,JBL Go 4 paquete individual,Bocina portátil Bluetooth,1230.84,33,1,2026-04-12 09:15:00,2026-05-24 13:45:00
728,P00728,Sharpie Marcador permanente versión estándar,Marcador permanente de punta fina,31.77,142,1,2026-03-27 17:15:00,2026-04-13 04:00:00
729,P00729,Tramontina Juego de cuchillos 6 piezas presentación familiar,Set de cuchillos para cocina,801.65,110,1,2026-09-06 19:15:00,2026-10-03 06:45:00
730,P00730,Kong Classic M edición especial,Juguete resistente para perros,352.07,115,1,2026-07-25 16:15:00,2026-09-07 03:45:00
731,P00731,Spalding TF-1000 edición especial,Balón de basquetbol para interiores,856.29,29,1,2026-04-19 13:45:00,2026-05-12 15:30:00
732,P00732,APC Back-UPS 600VA,Sistema de respaldo de energía de 600 VA,1778.6,142,1,2026-06-08 16:00:00,2026-06-21 03:30:00
733,P00733,JBL Tune 510BT edición especial,Audífonos inalámbricos Bluetooth,919.08,101,1,2026-08-29 18:00:00,2026-09-12 22:00:00
734,P00734,Adidas Runfalcon 5 versión estándar,Calzado deportivo para correr,1401.85,47,1,2026-07-21 15:45:00,2026-08-29 02:30:00
735,P00735,Tramontina Juego de cuchillos 6 piezas paquete individual,Set de cuchillos para cocina,829.05,75,0,2026-04-26 11:45:00,2026-05-09 12:30:00
736,P00736,Kingston DataTraveler Exodia 64GB color azul,Memoria USB 3.2 de 64 GB,148.59,36,0,2026-01-20 17:00:00,2026-02-25 04:45:00
737,P00737,Samsung Monitor T350 24 pulgadas presentación familiar,Monitor Full HD de 24 pulgadas con panel IPS,2586.89,31,1,2026-04-11 16:00:00,2026-05-17 03:30:00
738,P00738,Kingston Fury Beast 8GB color negro,Memoria RAM DDR4 de 8 GB,527.52,74,1,2026-07-27 15:30:00,2026-08-11 00:00:00
739,P00739,Amazon Basics Cable HDMI 2m modelo 2026,Cable HDMI de alta velocidad de 2 metros,214.48,82,1,2026-02-15 15:45:00,2026-03-26 02:00:00
740,P00740,Whiskas Adulto 1.5kg paquete con 2 piezas,Alimento seco para gatos adultos,148.3,19,1,2026-02-05 13:30:00,2026-03-04 20:00:00
741,P00741,Pilot G2 edición especial,Bolígrafo de gel de tinta negra,35.25,0,0,2026-08-14 12:45:00,2026-08-31 15:45:00
742,P00742,Whiskas Adulto 1.5kg presentación familiar,Alimento seco para gatos adultos,139.8,105,0,2026-01-26 13:00:00,2026-03-02 21:15:00
743,P00743,Rubbermaid Contenedor 10L,Contenedor plástico para almacenamiento,185.95,43,1,2026-01-11 10:00:00,2026-01-27 10:30:00
744,P00744,Sterilite Caja organizadora 40L paquete individual,Caja plástica con tapa para almacenamiento,321.18,140,0,2026-05-12 16:00:00,2026-05-24 04:15:00
745,P00745,Rubbermaid Contenedor 10L color rojo,Contenedor plástico para almacenamiento,183.96,98,1,2026-01-18 19:30:00,2026-03-02 21:30:00
746,P00746,Kingston DataTraveler Exodia 64GB modelo 2026,Memoria USB 3.2 de 64 GB,145.7,82,1,2026-05-30 18:15:00,2026-06-20 06:30:00
747,P00747,TP-Link Archer C6 edición especial,Router inalámbrico Gigabit AC1200,1064.61,38,0,2026-08-02 11:45:00,2026-09-14 17:00:00
748,P00748,Tramontina Juego de cuchillos 6 piezas color negro,Set de cuchillos para cocina,774.7,46,1,2026-07-16 18:00:00,2026-08-09 23:00:00
749,P00749,Rubbermaid Contenedor 10L color negro,Contenedor plástico para almacenamiento,193.63,69,0,2026-05-12 10:15:00,2026-06-19 14:15:00
750,P00750,Pilot G2,Bolígrafo de gel de tinta negra,37.67,109,1,2026-05-09 19:30:00,2026-05-17 06:00:00
751,P00751,JBL Tune 510BT color azul,Audífonos inalámbricos Bluetooth,942.95,0,1,2026-01-27 13:00:00,2026-02-25 23:15:00
752,P00752,Black+Decker Tostador 2 rebanadas color azul,Tostador eléctrico de dos ranuras,488.91,21,0,2026-07-27 09:00:00,2026-07-31 09:00:00
753,P00753,Michelin Energy XM2+ paquete individual,Neumático para automóvil,1804.62,33,1,2026-04-05 19:15:00,2026-05-03 22:45:00
754,P00754,HP DeskJet 2875 paquete individual,Impresora multifuncional inalámbrica,1732.3,73,1,2026-04-09 11:30:00,2026-04-19 00:00:00
755,P00755,Logitech Webcam C920s presentación familiar,Cámara web Full HD con micrófono estéreo,1422.45,95,1,2026-02-04 16:00:00,2026-02-12 20:15:00
756,P00756,Adidas Runfalcon 5 color azul,Calzado deportivo para correr,1366.8,68,0,2026-04-27 16:45:00,2026-06-04 17:30:00
757,P00757,SanDisk Ultra microSD 128GB edición especial,Tarjeta microSD de 128 GB,309.24,38,0,2026-08-07 12:00:00,2026-08-10 17:15:00
758,P00758,HP DeskJet 2875 paquete individual,Impresora multifuncional inalámbrica,1843.83,92,0,2026-05-14 17:45:00,2026-05-16 19:45:00
759,P00759,Pilot G2 versión estándar,Bolígrafo de gel de tinta negra,42.36,7,1,2026-02-28 14:45:00,2026-04-01 22:45:00
760,P00760,Tefal Plancha Ultragliss modelo 2026,Plancha de vapor para ropa,1188.46,50,1,2026-05-05 12:30:00,2026-05-23 20:15:00
761,P00761,Avery Etiquetas adhesivas paquete individual,Paquete de etiquetas autoadhesivas,124.17,103,0,2026-03-01 13:30:00,2026-03-24 17:00:00
762,P00762,BIC Bolígrafo Cristal presentación familiar,Bolígrafo de tinta azul,11.64,100,0,2026-06-27 08:45:00,2026-07-15 19:00:00
763,P00763,Kingston DataTraveler Exodia 64GB paquete con 2 piezas,Memoria USB 3.2 de 64 GB,135.85,123,1,2026-03-19 08:45:00,2026-05-01 09:30:00
764,P00764,Cinsa Olla de presión 6L edición especial,Olla de presión de aluminio de 6 litros,1070.41,100,1,2026-04-12 19:00:00,2026-04-25 03:15:00
765,P00765,Staedtler Lápiz Noris HB paquete con 2 piezas,Lápiz de grafito HB,13.95,4,0,2026-03-24 17:00:00,2026-04-24 23:15:00
766,P00766,Everlast Guantes de boxeo 12 oz,Guantes de boxeo para entrenamiento,660.4,98,1,2026-01-10 08:00:00,2026-02-18 09:45:00
767,P00767,Kingston Fury Beast 8GB presentación familiar,Memoria RAM DDR4 de 8 GB,510.83,130,1,2026-02-07 18:45:00,2026-02-23 20:15:00
768,P00768,Scribe Cuaderno profesional presentación familiar,Cuaderno de hojas rayadas,94.62,83,1,2026-08-29 17:15:00,2026-09-01 19:00:00
769,P00769,APC Back-UPS 600VA,Sistema de respaldo de energía de 600 VA,1884.47,121,0,2026-08-08 12:15:00,2026-09-20 00:30:00
770,P00770,T-fal Juego de sartenes 3 piezas modelo 2026,Juego de sartenes antiadherentes,1196.15,110,0,2026-03-24 18:15:00,2026-04-04 21:30:00
771,P00771,Logitech Webcam C920s modelo 2026,Cámara web Full HD con micrófono estéreo,1396.15,49,1,2026-08-02 11:30:00,2026-09-16 23:00:00
772,P00772,Avery Etiquetas adhesivas color azul,Paquete de etiquetas autoadhesivas,138.52,81,1,2026-02-11 12:30:00,2026-02-16 22:00:00
773,P00773,Philips Hervidor HD9350 modelo 2026,Hervidor eléctrico de acero inoxidable,983.98,31,1,2026-07-04 09:00:00,2026-07-31 19:15:00
774,P00774,Kong Classic M color negro,Juguete resistente para perros,387.4,133,1,2026-01-28 12:30:00,2026-02-09 14:00:00
775,P00775,Pilot G2 modelo 2026,Bolígrafo de gel de tinta negra,41.87,4,1,2026-02-08 19:30:00,2026-03-12 20:45:00
776,P00776,Ninja Air Fryer 4L paquete con 2 piezas,Freidora de aire de 4 litros,2081.55,11,1,2026-01-20 13:00:00,2026-02-25 01:30:00
777,P00777,Samsung Monitor T350 24 pulgadas edición especial,Monitor Full HD de 24 pulgadas con panel IPS,2475.86,24,1,2026-06-16 11:30:00,2026-07-10 15:45:00
778,P00778,Kingston NV2 1TB paquete individual,Unidad SSD NVMe M.2 de 1 TB,1385.72,55,1,2026-04-12 08:30:00,2026-05-14 09:30:00
779,P00779,Bosch Bujía de encendido,Bujía para motor de gasolina,130.11,51,1,2026-06-15 08:15:00,2026-06-20 12:15:00
780,P00780,Rubbermaid Contenedor 10L versión estándar,Contenedor plástico para almacenamiento,210.36,68,1,2026-01-19 08:15:00,2026-02-06 18:45:00
781,P00781,TP-Link Archer C6 color azul,Router inalámbrico Gigabit AC1200,955.92,74,1,2026-03-20 11:00:00,2026-04-07 21:45:00
782,P00782,JBL Tune 510BT presentación familiar,Audífonos inalámbricos Bluetooth,879.53,17,1,2026-03-13 08:45:00,2026-04-21 11:30:00
783,P00783,Logitech Mouse M185 paquete individual,Mouse inalámbrico compacto con receptor USB,343.6,72,1,2026-08-03 12:45:00,2026-08-16 21:45:00
784,P00784,Vasconia Cacerola 24cm edición especial,Cacerola de aluminio con tapa,536.29,51,1,2026-08-26 16:00:00,2026-09-21 19:30:00
785,P00785,Nike Revolution 7 color negro,Tenis deportivos para entrenamiento,1529.97,123,1,2026-06-14 14:00:00,2026-07-15 16:45:00
786,P00786,Pedigree Adulto 2kg modelo 2026,Alimento seco para perros adultos,174.48,59,1,2026-06-21 19:15:00,2026-07-01 07:30:00
787,P00787,Rubbermaid Contenedor 10L presentación familiar,Contenedor plástico para almacenamiento,180.38,95,1,2026-03-10 14:00:00,2026-03-21 16:00:00
788,P00788,Ninja Air Fryer 4L paquete individual,Freidora de aire de 4 litros,2076.01,3,1,2026-05-08 18:15:00,2026-06-21 18:45:00
789,P00789,Everlast Guantes de boxeo 12 oz color rojo,Guantes de boxeo para entrenamiento,762.22,120,1,2026-02-20 11:00:00,2026-03-26 15:45:00
790,P00790,Ninja Air Fryer 4L presentación familiar,Freidora de aire de 4 litros,1753.21,125,1,2026-09-13 11:00:00,2026-09-27 15:30:00
791,P00791,BIC Bolígrafo Cristal paquete individual,Bolígrafo de tinta azul,12.83,110,0,2026-04-25 14:45:00,2026-05-25 18:00:00
792,P00792,Kingston DataTraveler Exodia 64GB modelo 2026,Memoria USB 3.2 de 64 GB,134.68,88,1,2026-02-05 12:45:00,2026-02-22 15:15:00
793,P00793,Whiskas Adulto 1.5kg versión estándar,Alimento seco para gatos adultos,165.66,120,0,2026-07-28 09:45:00,2026-08-30 16:15:00
794,P00794,Puma Essentials Hoodie color azul,Sudadera deportiva con capucha,917.84,129,1,2026-06-08 15:45:00,2026-07-01 01:30:00
795,P00795,BIC Bolígrafo Cristal presentación familiar,Bolígrafo de tinta azul,11.0,148,1,2026-09-15 15:00:00,2026-10-26 03:30:00
796,P00796,Logitech Mouse G203 color negro,Mouse para gaming con sensor óptico,741.05,34,1,2026-03-09 08:15:00,2026-04-17 11:00:00
797,P00797,Kingston Fury Beast 8GB paquete con 2 piezas,Memoria RAM DDR4 de 8 GB,464.58,130,1,2026-06-18 18:00:00,2026-07-17 22:30:00
798,P00798,Colgate Total 12 versión estándar,Pasta dental de protección integral,71.44,9,0,2026-08-26 13:00:00,2026-09-07 15:45:00
799,P00799,Hamilton Beach Cafetera 12 tazas edición especial,Cafetera programable de 12 tazas,759.26,55,1,2026-03-20 10:45:00,2026-03-29 18:15:00
800,P00800,Tramontina Sartén 24cm edición especial,Sartén antiadherente de 24 centímetros,532.54,102,1,2026-07-29 14:45:00,2026-08-07 23:00:00
801,P00801,Koblenz Aspiradora WD-2 paquete individual,Aspiradora para limpieza doméstica,1511.25,72,0,2026-06-27 18:45:00,2026-07-07 02:15:00
802,P00802,Whiskas Adulto 1.5kg modelo 2026,Alimento seco para gatos adultos,145.12,119,0,2026-04-27 18:00:00,2026-05-07 20:45:00
803,P00803,Pilot G2 paquete con 2 piezas,Bolígrafo de gel de tinta negra,35.68,75,1,2026-05-31 19:30:00,2026-06-09 03:30:00
804,P00804,Vasconia Cacerola 24cm edición especial,Cacerola de aluminio con tapa,557.71,56,1,2026-01-10 19:00:00,2026-02-19 04:30:00
805,P00805,Pedigree Adulto 2kg paquete con 2 piezas,Alimento seco para perros adultos,162.45,104,1,2026-08-07 10:30:00,2026-08-11 18:15:00
806,P00806,Hamilton Beach Cafetera 12 tazas edición especial,Cafetera programable de 12 tazas,806.44,96,0,2026-02-07 10:15:00,2026-02-07 13:15:00
807,P00807,Ninja Air Fryer 4L color rojo,Freidora de aire de 4 litros,2084.81,135,1,2026-05-05 14:45:00,2026-05-11 19:00:00
808,P00808,Ninja Air Fryer 4L edición especial,Freidora de aire de 4 litros,1960.79,65,1,2026-01-08 09:45:00,2026-02-13 14:15:00
809,P00809,HP DeskJet 2875 color rojo,Impresora multifuncional inalámbrica,1930.95,93,0,2026-04-22 16:30:00,2026-05-30 03:00:00
810,P00810,HP DeskJet 2875 paquete individual,Impresora multifuncional inalámbrica,1798.88,96,1,2026-03-04 14:00:00,2026-03-17 21:30:00
811,P00811,Sterilite Caja organizadora 40L color azul,Caja plástica con tapa para almacenamiento,361.5,35,1,2026-03-09 17:15:00,2026-03-31 06:00:00
812,P00812,Tefal Plancha Ultragliss paquete individual,Plancha de vapor para ropa,1230.35,101,1,2026-02-20 08:45:00,2026-02-22 15:30:00
813,P00813,Adidas Runfalcon 5 color azul,Calzado deportivo para correr,1383.87,88,1,2026-06-16 09:15:00,2026-07-26 20:45:00
814,P00814,Pilot G2,Bolígrafo de gel de tinta negra,35.27,122,1,2026-05-30 13:15:00,2026-06-14 00:15:00
815,P00815,Gillette Mach3 modelo 2026,Rastrillo para afeitar con tres hojas,188.78,19,1,2026-07-30 16:15:00,2026-09-11 17:00:00
816,P00816,UGREEN Adaptador USB-C paquete con 2 piezas,Adaptador USB-C a USB 3.0,245.51,35,0,2026-07-28 12:00:00,2026-08-04 20:45:00
817,P00817,BIC Bolígrafo Cristal color rojo,Bolígrafo de tinta azul,11.61,12,1,2026-03-25 19:15:00,2026-04-27 07:30:00
818,P00818,APC Back-UPS 600VA color negro,Sistema de respaldo de energía de 600 VA,1728.2,81,1,2026-04-09 14:45:00,2026-05-23 01:00:00
819,P00819,Philips Hervidor HD9350 versión estándar,Hervidor eléctrico de acero inoxidable,1015.66,116,1,2026-07-05 16:30:00,2026-07-21 18:30:00
820,P00820,Logitech Mouse G203 versión estándar,Mouse para gaming con sensor óptico,693.56,47,1,2026-08-07 13:15:00,2026-09-22 02:00:00
821,P00821,Dove Jabón corporal paquete con 2 piezas,Jabón corporal de uso diario,53.75,43,0,2026-01-13 15:00:00,2026-02-19 19:30:00
822,P00822,Kong Classic M,Juguete resistente para perros,324.68,24,1,2026-05-17 10:00:00,2026-06-22 21:15:00
823,P00823,JBL Go 4 edición especial,Bocina portátil Bluetooth,1049.27,43,1,2026-08-12 17:15:00,2026-08-13 02:30:00
824,P00824,TP-Link Archer C6 versión estándar,Router inalámbrico Gigabit AC1200,1041.0,58,1,2026-07-24 17:45:00,2026-09-04 22:45:00
825,P00825,Kong Classic M color rojo,Juguete resistente para perros,349.87,33,0,2026-07-02 18:15:00,2026-07-19 23:15:00
826,P00826,Scribe Cuaderno profesional,Cuaderno de hojas rayadas,81.75,70,1,2026-04-21 10:15:00,2026-05-09 13:15:00
827,P00827,Gillette Mach3 paquete individual,Rastrillo para afeitar con tres hojas,180.63,88,1,2026-04-17 17:00:00,2026-05-08 23:00:00
828,P00828,Post-it Notas adhesivas 76x76mm versión estándar,Bloc de notas adhesivas amarillas,68.89,144,0,2026-02-16 13:30:00,2026-03-09 18:45:00
829,P00829,Pedigree Adulto 2kg color rojo,Alimento seco para perros adultos,159.32,35,1,2026-02-14 12:45:00,2026-03-10 20:00:00
830,P00830,Everlast Guantes de boxeo 12 oz edición especial,Guantes de boxeo para entrenamiento,723.27,31,1,2026-02-02 11:30:00,2026-02-12 18:30:00
831,P00831,UGREEN Adaptador USB-C edición especial,Adaptador USB-C a USB 3.0,275.23,143,1,2026-01-05 08:00:00,2026-01-21 10:00:00
832,P00832,TP-Link Archer C6,Router inalámbrico Gigabit AC1200,1091.38,25,1,2026-04-05 13:00:00,2026-04-14 17:45:00
833,P00833,Ninja Air Fryer 4L color negro,Freidora de aire de 4 litros,1925.31,109,1,2026-02-09 17:15:00,2026-02-16 05:15:00
834,P00834,Kingston Fury Beast 8GB color azul,Memoria RAM DDR4 de 8 GB,470.2,70,1,2026-02-18 16:15:00,2026-03-18 00:15:00
835,P00835,Nike Revolution 7 presentación familiar,Tenis deportivos para entrenamiento,1768.07,135,1,2026-02-08 08:45:00,2026-02-28 13:45:00
836,P00836,Colgate Total 12 modelo 2026,Pasta dental de protección integral,67.88,85,0,2026-04-20 17:00:00,2026-05-08 03:15:00
837,P00837,Avery Etiquetas adhesivas paquete con 2 piezas,Paquete de etiquetas autoadhesivas,130.43,90,1,2026-05-05 19:15:00,2026-06-15 06:15:00
838,P00838,Oster Licuadora clásica versión estándar,Licuadora de vaso para preparación de alimentos,886.46,108,1,2026-06-26 11:15:00,2026-07-11 13:00:00
839,P00839,Logitech Teclado K120 versión estándar,Teclado alámbrico USB de tamaño completo,329.4,76,1,2026-07-04 19:30:00,2026-07-15 05:45:00
840,P00840,Nike Revolution 7,Tenis deportivos para entrenamiento,1599.44,10,1,2026-01-04 12:30:00,2026-01-10 00:45:00
841,P00841,HP DeskJet 2875 edición especial,Impresora multifuncional inalámbrica,1862.89,82,1,2026-03-03 12:45:00,2026-03-19 14:00:00
842,P00842,Bosch Bujía de encendido presentación familiar,Bujía para motor de gasolina,120.58,31,1,2026-02-28 17:00:00,2026-03-18 23:15:00
843,P00843,Hamilton Beach Cafetera 12 tazas,Cafetera programable de 12 tazas,732.74,111,1,2026-07-26 13:15:00,2026-08-12 20:45:00
844,P00844,Gillette Mach3 edición especial,Rastrillo para afeitar con tres hojas,207.1,113,1,2026-06-25 10:30:00,2026-06-30 12:30:00
845,P00845,Gillette Mach3,Rastrillo para afeitar con tres hojas,178.47,113,1,2026-06-20 10:45:00,2026-07-07 17:45:00
846,P00846,Rubbermaid Contenedor 10L edición especial,Contenedor plástico para almacenamiento,202.67,100,1,2026-03-04 17:30:00,2026-04-02 05:00:00
847,P00847,Everlast Guantes de boxeo 12 oz edición especial,Guantes de boxeo para entrenamiento,709.31,86,0,2026-01-27 14:00:00,2026-02-05 22:45:00
848,P00848,Rubbermaid Contenedor 10L edición especial,Contenedor plástico para almacenamiento,211.77,3,0,2026-09-05 19:00:00,2026-10-20 00:15:00
849,P00849,Kingston DataTraveler Exodia 64GB,Memoria USB 3.2 de 64 GB,151.05,72,1,2026-06-26 08:45:00,2026-07-15 17:15:00
850,P00850,Pedigree Adulto 2kg paquete individual,Alimento seco para perros adultos,164.07,89,0,2026-06-08 17:30:00,2026-07-19 01:15:00
851,P00851,Spalding TF-1000 paquete con 2 piezas,Balón de basquetbol para interiores,873.14,54,1,2026-03-30 18:45:00,2026-04-07 04:30:00
852,P00852,Castrol GTX 5W-30 1L edición especial,Aceite para motor de automóvil,166.17,60,1,2026-06-10 09:15:00,2026-07-07 11:30:00
853,P00853,JBL Go 4 versión estándar,Bocina portátil Bluetooth,1105.13,32,1,2026-07-09 15:30:00,2026-08-19 16:30:00
854,P00854,APC Back-UPS 600VA color azul,Sistema de respaldo de energía de 600 VA,1543.7,102,0,2026-01-17 15:30:00,2026-03-02 03:45:00
855,P00855,Pilot G2 color azul,Bolígrafo de gel de tinta negra,42.43,134,0,2026-06-15 08:00:00,2026-06-22 14:45:00
856,P00856,Kingston NV2 1TB edición especial,Unidad SSD NVMe M.2 de 1 TB,1521.72,59,1,2026-09-02 12:45:00,2026-09-13 23:45:00
857,P00857,Tramontina Juego de cuchillos 6 piezas,Set de cuchillos para cocina,728.93,19,0,2026-04-30 08:00:00,2026-05-10 15:00:00
858,P00858,Tramontina Sartén 24cm edición especial,Sartén antiadherente de 24 centímetros,506.11,73,1,2026-05-18 13:00:00,2026-06-18 13:45:00
859,P00859,SanDisk Ultra microSD 128GB color negro,Tarjeta microSD de 128 GB,296.57,9,1,2026-09-16 10:00:00,2026-10-18 22:00:00
860,P00860,Tramontina Sartén 24cm paquete con 2 piezas,Sartén antiadherente de 24 centímetros,530.0,58,1,2026-08-07 14:45:00,2026-08-12 16:45:00
861,P00861,Tramontina Sartén 24cm color rojo,Sartén antiadherente de 24 centímetros,522.27,83,1,2026-02-12 10:00:00,2026-03-01 22:15:00
862,P00862,Scribe Cuaderno profesional presentación familiar,Cuaderno de hojas rayadas,98.94,146,1,2026-03-10 14:15:00,2026-04-24 19:00:00
863,P00863,Hamilton Beach Cafetera 12 tazas presentación familiar,Cafetera programable de 12 tazas,892.64,126,1,2026-01-21 17:30:00,2026-03-06 04:30:00
864,P00864,APC Back-UPS 600VA presentación familiar,Sistema de respaldo de energía de 600 VA,1636.61,117,1,2026-05-09 12:00:00,2026-05-17 00:30:00
865,P00865,LG Monitor 24MP400-B presentación familiar,Monitor LED Full HD de 24 pulgadas,2772.68,51,1,2026-05-10 10:30:00,2026-05-13 21:15:00
866,P00866,Black+Decker Tostador 2 rebanadas color rojo,Tostador eléctrico de dos ranuras,470.29,101,1,2026-05-12 14:45:00,2026-06-24 00:00:00
867,P00867,Logitech Webcam C920s versión estándar,Cámara web Full HD con micrófono estéreo,1356.66,12,1,2026-02-28 14:15:00,2026-04-14 00:45:00
868,P00868,Bosch Bujía de encendido color azul,Bujía para motor de gasolina,139.1,84,1,2026-06-22 12:00:00,2026-07-29 19:45:00
869,P00869,Logitech Mouse G203 edición especial,Mouse para gaming con sensor óptico,766.3,114,1,2026-04-08 08:15:00,2026-05-14 14:15:00
870,P00870,Sterilite Caja organizadora 40L modelo 2026,Caja plástica con tapa para almacenamiento,350.79,25,0,2026-04-22 16:00:00,2026-05-16 18:15:00
871,P00871,Oster Licuadora clásica,Licuadora de vaso para preparación de alimentos,862.49,78,1,2026-03-14 10:15:00,2026-04-24 18:15:00
872,P00872,Pilot G2 presentación familiar,Bolígrafo de gel de tinta negra,43.32,78,1,2026-01-25 15:45:00,2026-02-11 16:30:00
873,P00873,Everlast Guantes de boxeo 12 oz color rojo,Guantes de boxeo para entrenamiento,661.77,59,1,2026-01-19 13:30:00,2026-01-20 13:45:00
874,P00874,Hamilton Beach Cafetera 12 tazas presentación familiar,Cafetera programable de 12 tazas,862.15,148,1,2026-01-28 17:45:00,2026-02-22 23:45:00
875,P00875,T-fal Juego de sartenes 3 piezas versión estándar,Juego de sartenes antiadherentes,1088.5,84,1,2026-05-26 10:30:00,2026-06-13 12:45:00
876,P00876,Kong Classic M color azul,Juguete resistente para perros,381.63,135,1,2026-01-28 13:15:00,2026-02-27 18:15:00
877,P00877,Tramontina Sartén 24cm edición especial,Sartén antiadherente de 24 centímetros,489.91,73,1,2026-07-08 12:15:00,2026-08-12 18:30:00
878,P00878,Logitech Teclado K120 versión estándar,Teclado alámbrico USB de tamaño completo,300.76,137,1,2026-07-04 18:45:00,2026-08-10 03:30:00
879,P00879,Puma Essentials Hoodie edición especial,Sudadera deportiva con capucha,1064.0,65,1,2026-05-29 19:30:00,2026-06-21 06:30:00
880,P00880,Spalding TF-1000 paquete con 2 piezas,Balón de basquetbol para interiores,830.1,2,1,2026-08-20 13:30:00,2026-09-23 20:15:00
881,P00881,Tramontina Juego de cuchillos 6 piezas presentación familiar,Set de cuchillos para cocina,762.24,29,1,2026-06-13 11:45:00,2026-07-01 23:30:00
882,P00882,T-fal Juego de sartenes 3 piezas edición especial,Juego de sartenes antiadherentes,1205.83,111,1,2026-02-05 12:30:00,2026-03-08 18:00:00
883,P00883,Amazon Basics Cable HDMI 2m edición especial,Cable HDMI de alta velocidad de 2 metros,227.99,83,1,2026-02-13 15:15:00,2026-03-06 15:45:00
884,P00884,Ninja Air Fryer 4L paquete con 2 piezas,Freidora de aire de 4 litros,1836.42,118,0,2026-01-27 12:00:00,2026-03-03 15:15:00
885,P00885,JBL Tune 510BT,Audífonos inalámbricos Bluetooth,988.92,134,1,2026-06-22 14:45:00,2026-08-01 02:45:00
886,P00886,Pyrex Recipiente de vidrio 1L color negro,Recipiente de vidrio resistente al calor,251.19,75,1,2026-08-03 13:45:00,2026-08-08 16:00:00
887,P00887,Bosch Bujía de encendido color negro,Bujía para motor de gasolina,117.2,24,1,2026-04-26 09:00:00,2026-05-19 15:45:00
888,P00888,Cinsa Olla de presión 6L paquete con 2 piezas,Olla de presión de aluminio de 6 litros,966.42,121,0,2026-07-05 16:45:00,2026-08-14 03:45:00
889,P00889,Koblenz Aspiradora WD-2 paquete con 2 piezas,Aspiradora para limpieza doméstica,1670.29,58,1,2026-04-19 12:15:00,2026-05-16 23:30:00
890,P00890,Vasconia Cacerola 24cm presentación familiar,Cacerola de aluminio con tapa,511.12,65,1,2026-08-27 17:30:00,2026-08-30 22:45:00
891,P00891,Tramontina Sartén 24cm edición especial,Sartén antiadherente de 24 centímetros,475.55,105,1,2026-07-02 17:00:00,2026-08-12 17:00:00
892,P00892,Avery Etiquetas adhesivas modelo 2026,Paquete de etiquetas autoadhesivas,123.5,50,1,2026-05-25 16:00:00,2026-07-03 02:00:00
893,P00893,Philips Hervidor HD9350 paquete individual,Hervidor eléctrico de acero inoxidable,1094.89,37,1,2026-02-14 19:45:00,2026-03-03 03:30:00
894,P00894,Adidas Runfalcon 5 modelo 2026,Calzado deportivo para correr,1546.47,23,1,2026-07-29 08:15:00,2026-08-13 21:00:00
895,P00895,APC Back-UPS 600VA color azul,Sistema de respaldo de energía de 600 VA,1751.46,105,1,2026-05-20 11:15:00,2026-07-02 18:30:00
896,P00896,Tramontina Sartén 24cm versión estándar,Sartén antiadherente de 24 centímetros,472.76,10,1,2026-06-29 18:00:00,2026-07-01 00:15:00
897,P00897,Hamilton Beach Cafetera 12 tazas color azul,Cafetera programable de 12 tazas,735.48,110,0,2026-06-08 08:30:00,2026-07-17 11:30:00
898,P00898,Oster Licuadora clásica color azul,Licuadora de vaso para preparación de alimentos,818.81,139,0,2026-08-11 09:30:00,2026-08-11 14:45:00
899,P00899,Castrol GTX 5W-30 1L modelo 2026,Aceite para motor de automóvil,160.34,107,1,2026-05-05 12:30:00,2026-06-11 15:30:00
900,P00900,Michelin Energy XM2+ versión estándar,Neumático para automóvil,1786.82,39,1,2026-02-28 18:00:00,2026-04-12 19:30:00
901,P00901,JBL Tune 510BT modelo 2026,Audífonos inalámbricos Bluetooth,953.7,111,1,2026-02-13 17:15:00,2026-03-01 05:30:00
902,P00902,Pedigree Adulto 2kg color negro,Alimento seco para perros adultos,153.46,110,1,2026-06-20 18:45:00,2026-06-28 03:45:00
903,P00903,Scribe Cuaderno profesional modelo 2026,Cuaderno de hojas rayadas,86.18,13,1,2026-02-05 10:45:00,2026-03-06 19:00:00
904,P00904,Nike Revolution 7 edición especial,Tenis deportivos para entrenamiento,1775.62,78,1,2026-01-10 11:45:00,2026-01-12 17:30:00
905,P00905,Scotch-Brite Esponjas multiusos versión estándar,Paquete de esponjas para limpieza doméstica,92.94,38,0,2026-04-26 14:45:00,2026-05-14 20:00:00
906,P00906,Logitech Teclado K120 paquete individual,Teclado alámbrico USB de tamaño completo,297.54,97,1,2026-04-19 19:45:00,2026-05-16 07:45:00
907,P00907,Tefal Plancha Ultragliss,Plancha de vapor para ropa,1128.94,125,0,2026-07-25 17:45:00,2026-08-16 19:45:00
908,P00908,Oster Licuadora clásica modelo 2026,Licuadora de vaso para preparación de alimentos,967.5,84,1,2026-01-07 08:00:00,2026-02-10 08:00:00
909,P00909,Everlast Guantes de boxeo 12 oz,Guantes de boxeo para entrenamiento,647.65,58,1,2026-09-04 10:00:00,2026-10-15 10:45:00
910,P00910,Hamilton Beach Cafetera 12 tazas modelo 2026,Cafetera programable de 12 tazas,767.21,46,1,2026-01-09 09:30:00,2026-02-19 18:45:00
911,P00911,Philips Hervidor HD9350 edición especial,Hervidor eléctrico de acero inoxidable,1087.35,69,1,2026-03-09 17:15:00,2026-04-08 23:00:00
912,P00912,APC Back-UPS 600VA versión estándar,Sistema de respaldo de energía de 600 VA,1857.19,27,1,2026-05-26 17:45:00,2026-06-02 22:30:00
913,P00913,Puma Essentials Hoodie modelo 2026,Sudadera deportiva con capucha,1007.88,22,1,2026-05-23 09:00:00,2026-06-26 18:00:00
914,P00914,BIC Bolígrafo Cristal edición especial,Bolígrafo de tinta azul,11.65,127,1,2026-02-05 14:15:00,2026-03-03 17:45:00
915,P00915,JBL Tune 510BT edición especial,Audífonos inalámbricos Bluetooth,852.13,98,1,2026-08-31 09:45:00,2026-09-20 14:30:00
916,P00916,APC Back-UPS 600VA versión estándar,Sistema de respaldo de energía de 600 VA,1531.23,7,1,2026-08-16 16:30:00,2026-08-31 02:15:00
917,P00917,Whiskas Adulto 1.5kg color azul,Alimento seco para gatos adultos,157.35,50,0,2026-06-23 09:00:00,2026-08-03 16:15:00
918,P00918,Nivea Crema corporal,Crema hidratante para cuerpo,125.21,62,1,2026-08-19 12:45:00,2026-08-29 15:45:00
919,P00919,Kingston NV2 1TB color negro,Unidad SSD NVMe M.2 de 1 TB,1299.74,23,0,2026-04-23 15:30:00,2026-05-29 20:15:00
920,P00920,JBL Go 4 modelo 2026,Bocina portátil Bluetooth,1208.29,41,0,2026-03-17 15:45:00,2026-03-28 23:15:00
921,P00921,Vasconia Cacerola 24cm color negro,Cacerola de aluminio con tapa,558.04,43,0,2026-01-07 18:00:00,2026-01-17 18:00:00
922,P00922,Kingston Fury Beast 8GB modelo 2026,Memoria RAM DDR4 de 8 GB,451.82,38,1,2026-06-29 11:45:00,2026-07-11 19:00:00
923,P00923,Bosch Bujía de encendido presentación familiar,Bujía para motor de gasolina,140.94,68,0,2026-09-03 13:15:00,2026-10-03 18:45:00
924,P00924,Kingston NV2 1TB paquete individual,Unidad SSD NVMe M.2 de 1 TB,1369.42,54,1,2026-05-18 19:45:00,2026-05-26 05:00:00
925,P00925,TP-Link Archer C6 versión estándar,Router inalámbrico Gigabit AC1200,1017.51,4,1,2026-03-09 14:30:00,2026-04-05 23:30:00
926,P00926,Pedigree Adulto 2kg modelo 2026,Alimento seco para perros adultos,143.44,86,1,2026-02-10 13:00:00,2026-02-22 16:45:00
927,P00927,BIC Bolígrafo Cristal color rojo,Bolígrafo de tinta azul,12.69,102,1,2026-07-03 18:00:00,2026-07-19 20:00:00
928,P00928,Post-it Notas adhesivas 76x76mm color azul,Bloc de notas adhesivas amarillas,69.8,39,1,2026-05-09 15:00:00,2026-05-12 15:15:00
929,P00929,TP-Link Archer C6 color rojo,Router inalámbrico Gigabit AC1200,941.28,113,0,2026-03-10 17:15:00,2026-03-29 01:00:00
930,P00930,Avery Etiquetas adhesivas presentación familiar,Paquete de etiquetas autoadhesivas,119.32,6,1,2026-07-31 19:45:00,2026-08-04 07:15:00
931,P00931,UGREEN Adaptador USB-C color rojo,Adaptador USB-C a USB 3.0,273.99,47,1,2026-05-28 15:15:00,2026-06-08 03:45:00
932,P00932,APC Back-UPS 600VA modelo 2026,Sistema de respaldo de energía de 600 VA,1842.77,39,1,2026-02-19 16:00:00,2026-02-24 04:15:00
933,P00933,HP DeskJet 2875 edición especial,Impresora multifuncional inalámbrica,1773.78,48,1,2026-01-26 19:00:00,2026-02-08 00:45:00
934,P00934,Kingston DataTraveler Exodia 64GB,Memoria USB 3.2 de 64 GB,125.93,130,1,2026-02-23 13:30:00,2026-03-05 21:45:00
935,P00935,Wilson Pelota de tenis Championship color azul,Pelota de tenis para entrenamiento,121.91,146,0,2026-06-13 14:15:00,2026-06-23 16:45:00
936,P00936,Puma Essentials Hoodie versión estándar,Sudadera deportiva con capucha,1019.47,4,1,2026-01-23 08:45:00,2026-02-03 13:45:00
937,P00937,Sterilite Caja organizadora 40L paquete individual,Caja plástica con tapa para almacenamiento,348.2,48,1,2026-07-20 09:30:00,2026-08-22 13:30:00
938,P00938,Whiskas Adulto 1.5kg color negro,Alimento seco para gatos adultos,155.04,43,1,2026-01-12 09:30:00,2026-01-26 21:45:00
939,P00939,SanDisk Ultra microSD 128GB paquete con 2 piezas,Tarjeta microSD de 128 GB,305.01,14,1,2026-01-18 18:00:00,2026-02-25 18:30:00
940,P00940,Sharpie Marcador permanente modelo 2026,Marcador permanente de punta fina,31.94,112,0,2026-08-22 16:30:00,2026-09-25 01:30:00
941,P00941,Bosch Bujía de encendido modelo 2026,Bujía para motor de gasolina,121.14,26,1,2026-08-29 10:00:00,2026-09-15 11:30:00
942,P00942,Hamilton Beach Cafetera 12 tazas versión estándar,Cafetera programable de 12 tazas,786.68,90,1,2026-06-01 10:15:00,2026-06-29 13:30:00
943,P00943,Post-it Notas adhesivas 76x76mm modelo 2026,Bloc de notas adhesivas amarillas,68.22,118,1,2026-03-27 19:15:00,2026-04-27 21:00:00
944,P00944,LG Monitor 24MP400-B paquete individual,Monitor LED Full HD de 24 pulgadas,3093.41,131,0,2026-07-04 14:15:00,2026-07-10 00:15:00
945,P00945,Koblenz Aspiradora WD-2 presentación familiar,Aspiradora para limpieza doméstica,1682.1,116,1,2026-04-23 18:15:00,2026-06-02 23:30:00
946,P00946,Kingston NV2 1TB paquete con 2 piezas,Unidad SSD NVMe M.2 de 1 TB,1540.93,89,1,2026-02-15 15:30:00,2026-03-08 03:30:00
947,P00947,Everlast Guantes de boxeo 12 oz modelo 2026,Guantes de boxeo para entrenamiento,754.99,147,1,2026-06-01 16:15:00,2026-06-23 17:00:00
948,P00948,Koblenz Aspiradora WD-2 color rojo,Aspiradora para limpieza doméstica,1506.79,7,0,2026-06-30 09:45:00,2026-07-30 13:45:00
949,P00949,JBL Go 4 color negro,Bocina portátil Bluetooth,1018.43,31,0,2026-01-12 10:00:00,2026-02-18 17:30:00
950,P00950,Gillette Mach3 color rojo,Rastrillo para afeitar con tres hojas,181.44,148,0,2026-01-16 13:00:00,2026-02-06 23:30:00
951,P00951,APC Back-UPS 600VA paquete con 2 piezas,Sistema de respaldo de energía de 600 VA,1654.47,113,1,2026-08-15 18:00:00,2026-08-16 04:00:00
952,P00952,Nike Revolution 7 color negro,Tenis deportivos para entrenamiento,1576.49,145,1,2026-08-29 13:15:00,2026-09-08 14:15:00
953,P00953,Logitech Mouse M185 versión estándar,Mouse inalámbrico compacto con receptor USB,387.68,35,1,2026-03-30 09:00:00,2026-05-09 12:45:00
954,P00954,TP-Link Archer C6 paquete con 2 piezas,Router inalámbrico Gigabit AC1200,992.02,36,1,2026-03-23 17:00:00,2026-03-31 00:15:00
955,P00955,Scotch-Brite Esponjas multiusos color rojo,Paquete de esponjas para limpieza doméstica,96.0,143,0,2026-06-14 18:45:00,2026-06-29 01:15:00
956,P00956,Koblenz Aspiradora WD-2 color azul,Aspiradora para limpieza doméstica,1649.12,59,1,2026-05-21 08:00:00,2026-05-25 16:00:00
957,P00957,Nike Revolution 7,Tenis deportivos para entrenamiento,1704.14,4,1,2026-07-07 15:15:00,2026-07-11 23:45:00
958,P00958,Wilson Pelota de tenis Championship,Pelota de tenis para entrenamiento,117.75,25,1,2026-01-06 13:30:00,2026-01-23 15:00:00
959,P00959,Samsung Monitor T350 24 pulgadas color azul,Monitor Full HD de 24 pulgadas con panel IPS,2890.19,16,0,2026-05-03 13:15:00,2026-05-27 20:30:00
960,P00960,Tramontina Sartén 24cm edición especial,Sartén antiadherente de 24 centímetros,501.52,7,1,2026-05-25 10:00:00,2026-06-23 12:00:00
961,P00961,Tramontina Sartén 24cm color negro,Sartén antiadherente de 24 centímetros,522.72,45,1,2026-04-06 08:00:00,2026-04-25 13:00:00
962,P00962,Gillette Mach3 paquete con 2 piezas,Rastrillo para afeitar con tres hojas,184.51,134,1,2026-02-10 16:45:00,2026-03-20 05:00:00
963,P00963,Avery Etiquetas adhesivas paquete individual,Paquete de etiquetas autoadhesivas,128.05,98,1,2026-07-21 11:15:00,2026-08-01 15:15:00
964,P00964,Tramontina Juego de cuchillos 6 piezas color rojo,Set de cuchillos para cocina,789.0,91,1,2026-07-12 13:45:00,2026-08-12 14:15:00
965,P00965,Bosch Bujía de encendido edición especial,Bujía para motor de gasolina,140.37,101,1,2026-05-29 15:45:00,2026-07-03 00:00:00
966,P00966,Puma Essentials Hoodie modelo 2026,Sudadera deportiva con capucha,1095.68,33,1,2026-01-24 15:30:00,2026-02-02 02:45:00
967,P00967,HP DeskJet 2875 modelo 2026,Impresora multifuncional inalámbrica,1659.77,46,0,2026-06-19 19:45:00,2026-07-09 03:15:00
968,P00968,TP-Link Archer C6 versión estándar,Router inalámbrico Gigabit AC1200,1062.05,68,1,2026-03-05 18:30:00,2026-03-07 04:45:00
969,P00969,Sterilite Caja organizadora 40L,Caja plástica con tapa para almacenamiento,363.41,75,1,2026-01-02 15:45:00,2026-01-20 00:45:00
970,P00970,Everlast Guantes de boxeo 12 oz color rojo,Guantes de boxeo para entrenamiento,645.8,38,1,2026-09-12 17:45:00,2026-10-15 02:15:00
971,P00971,Scribe Cuaderno profesional color negro,Cuaderno de hojas rayadas,89.83,128,1,2026-01-17 15:15:00,2026-01-29 20:00:00
972,P00972,Logitech Webcam C920s color negro,Cámara web Full HD con micrófono estéreo,1537.58,93,1,2026-05-28 12:45:00,2026-07-04 20:00:00
973,P00973,Colgate Total 12 versión estándar,Pasta dental de protección integral,75.59,24,1,2026-07-19 17:30:00,2026-07-24 18:00:00
974,P00974,UGREEN Adaptador USB-C color negro,Adaptador USB-C a USB 3.0,251.73,73,1,2026-01-13 17:00:00,2026-01-31 23:00:00
975,P00975,Ninja Air Fryer 4L modelo 2026,Freidora de aire de 4 litros,1880.35,129,1,2026-07-17 17:00:00,2026-08-14 22:45:00
976,P00976,Staedtler Lápiz Noris HB,Lápiz de grafito HB,15.46,6,1,2026-07-06 15:00:00,2026-08-05 23:45:00
977,P00977,Spalding TF-1000 color azul,Balón de basquetbol para interiores,828.69,85,0,2026-07-21 14:30:00,2026-07-21 17:45:00
978,P00978,Pilot G2 paquete individual,Bolígrafo de gel de tinta negra,43.35,11,1,2026-06-22 10:15:00,2026-06-26 13:30:00
979,P00979,Colgate Total 12 paquete con 2 piezas,Pasta dental de protección integral,69.85,55,1,2026-04-07 09:30:00,2026-04-26 13:15:00
980,P00980,Oster Licuadora clásica modelo 2026,Licuadora de vaso para preparación de alimentos,963.32,130,0,2026-05-30 15:45:00,2026-06-23 19:30:00
981,P00981,Hamilton Beach Cafetera 12 tazas presentación familiar,Cafetera programable de 12 tazas,815.88,95,0,2026-04-21 09:30:00,2026-04-22 13:15:00
982,P00982,Cinsa Olla de presión 6L paquete con 2 piezas,Olla de presión de aluminio de 6 litros,905.02,118,1,2026-07-02 09:30:00,2026-08-14 11:15:00
983,P00983,Scribe Cuaderno profesional color rojo,Cuaderno de hojas rayadas,83.41,59,1,2026-05-10 19:30:00,2026-05-14 07:00:00
984,P00984,Pyrex Recipiente de vidrio 1L color azul,Recipiente de vidrio resistente al calor,244.48,59,1,2026-02-17 17:30:00,2026-02-17 22:45:00
985,P00985,Kingston Fury Beast 8GB versión estándar,Memoria RAM DDR4 de 8 GB,507.28,32,0,2026-04-24 15:15:00,2026-05-16 19:15:00
986,P00986,Gillette Mach3 modelo 2026,Rastrillo para afeitar con tres hojas,188.46,116,1,2026-03-25 16:00:00,2026-04-09 21:30:00
987,P00987,Gillette Mach3 presentación familiar,Rastrillo para afeitar con tres hojas,174.8,145,0,2026-07-27 18:15:00,2026-08-31 19:15:00
988,P00988,Tefal Plancha Ultragliss presentación familiar,Plancha de vapor para ropa,1165.06,75,1,2026-08-01 11:30:00,2026-08-19 21:30:00
989,P00989,Kingston Fury Beast 8GB presentación familiar,Memoria RAM DDR4 de 8 GB,527.07,126,1,2026-09-11 13:30:00,2026-09-25 14:00:00
990,P00990,Cinsa Olla de presión 6L modelo 2026,Olla de presión de aluminio de 6 litros,996.2,74,1,2026-02-22 16:15:00,2026-04-08 03:00:00
991,P00991,Hamilton Beach Cafetera 12 tazas edición especial,Cafetera programable de 12 tazas,867.49,92,1,2026-04-01 08:00:00,2026-04-19 10:00:00
992,P00992,Scribe Cuaderno profesional modelo 2026,Cuaderno de hojas rayadas,93.71,77,0,2026-05-12 18:30:00,2026-06-19 00:00:00
993,P00993,Logitech Teclado K120 color negro,Teclado alámbrico USB de tamaño completo,311.04,62,1,2026-08-16 15:30:00,2026-09-01 04:00:00
994,P00994,Castrol GTX 5W-30 1L modelo 2026,Aceite para motor de automóvil,152.05,62,1,2026-04-21 19:30:00,2026-05-19 06:00:00
995,P00995,Post-it Notas adhesivas 76x76mm versión estándar,Bloc de notas adhesivas amarillas,68.33,18,1,2026-08-31 16:30:00,2026-09-09 02:15:00
996,P00996,Ninja Air Fryer 4L color azul,Freidora de aire de 4 litros,2104.75,122,1,2026-07-08 17:45:00,2026-07-17 19:00:00
997,P00997,LG Monitor 24MP400-B versión estándar,Monitor LED Full HD de 24 pulgadas,3082.37,76,1,2026-06-21 14:15:00,2026-07-04 22:00:00
998,P00998,Vasconia Cacerola 24cm color rojo,Cacerola de aluminio con tapa,533.04,32,1,2026-08-19 10:15:00,2026-08-28 20:30:00
999,P00999,Logitech Mouse M185 versión estándar,Mouse inalámbrico compacto con receptor USB,385.8,128,1,2026-06-17 19:30:00,2026-07-08 00:00:00
1000,P01000,TP-Link Archer C6 modelo 2026,Router inalámbrico Gigabit AC1200,1117.52,71,1,2026-06-11 15:00:00,2026-07-21 01:00:00
1001,P01001,Hamilton Beach Cafetera 12 tazas color negro,Cafetera programable de 12 tazas,795.56,25,1,2026-07-31 11:45:00,2026-09-13 16:45:00
1002,P01002,Gillette Mach3 color negro,Rastrillo para afeitar con tres hojas,176.77,116,1,2026-01-05 19:00:00,2026-01-17 06:00:00
1003,P01003,Everlast Guantes de boxeo 12 oz,Guantes de boxeo para entrenamiento,723.1,62,0,2026-01-09 12:45:00,2026-02-04 21:30:00
1004,P01004,Wilson Pelota de tenis Championship color negro,Pelota de tenis para entrenamiento,132.71,133,1,2026-09-16 08:45:00,2026-10-06 12:00:00
1005,P01005,LG Monitor 24MP400-B color azul,Monitor LED Full HD de 24 pulgadas,2704.41,106,1,2026-05-12 16:45:00,2026-06-09 03:30:00
1006,P01006,Bosch Bujía de encendido edición especial,Bujía para motor de gasolina,137.96,99,1,2026-04-20 19:15:00,2026-06-04 04:30:00
1007,P01007,Cinsa Olla de presión 6L color negro,Olla de presión de aluminio de 6 litros,1097.6,74,0,2026-06-08 08:30:00,2026-07-15 17:15:00
1008,P01008,BIC Bolígrafo Cristal presentación familiar,Bolígrafo de tinta azul,13.41,1,1,2026-05-07 17:45:00,2026-05-15 04:30:00
1009,P01009,Cinsa Olla de presión 6L color negro,Olla de presión de aluminio de 6 litros,986.42,54,1,2026-01-05 16:00:00,2026-01-28 17:30:00
1010,P01010,Oster Licuadora clásica versión estándar,Licuadora de vaso para preparación de alimentos,864.93,1,0,2026-06-30 08:30:00,2026-06-30 14:15:00
1011,P01011,Vasconia Cacerola 24cm paquete individual,Cacerola de aluminio con tapa,498.36,103,1,2026-07-13 17:15:00,2026-07-19 19:00:00
1012,P01012,Nivea Crema corporal versión estándar,Crema hidratante para cuerpo,129.25,113,0,2026-08-13 19:00:00,2026-09-12 00:00:00
1013,P01013,Castrol GTX 5W-30 1L color rojo,Aceite para motor de automóvil,154.48,76,0,2026-02-19 11:45:00,2026-03-16 21:45:00
1014,P01014,Rubbermaid Contenedor 10L color azul,Contenedor plástico para almacenamiento,196.75,104,1,2026-06-02 17:00:00,2026-07-10 23:15:00
1015,P01015,Pilot G2 color azul,Bolígrafo de gel de tinta negra,37.07,120,1,2026-02-22 13:00:00,2026-03-07 01:45:00
1016,P01016,Logitech Webcam C920s presentación familiar,Cámara web Full HD con micrófono estéreo,1535.84,70,1,2026-07-01 09:45:00,2026-07-11 14:15:00
1017,P01017,Michelin Energy XM2+ presentación familiar,Neumático para automóvil,1738.73,103,1,2026-08-27 08:30:00,2026-10-04 14:00:00
1018,P01018,Ninja Air Fryer 4L,Freidora de aire de 4 litros,1831.65,100,1,2026-07-13 12:15:00,2026-08-13 00:30:00
1019,P01019,Whiskas Adulto 1.5kg color rojo,Alimento seco para gatos adultos,142.9,15,1,2026-08-19 08:45:00,2026-09-04 18:30:00
1020,P01020,Post-it Notas adhesivas 76x76mm,Bloc de notas adhesivas amarillas,73.36,48,1,2026-09-07 15:00:00,2026-10-02 22:15:00
1021,P01021,Bosch Bujía de encendido paquete individual,Bujía para motor de gasolina,124.84,5,1,2026-06-26 14:45:00,2026-07-09 14:45:00
1022,P01022,Ninja Air Fryer 4L presentación familiar,Freidora de aire de 4 litros,1834.8,5,0,2026-05-04 11:00:00,2026-05-10 18:45:00
1023,P01023,APC Back-UPS 600VA color azul,Sistema de respaldo de energía de 600 VA,1794.31,130,0,2026-02-08 08:15:00,2026-02-18 19:00:00
1024,P01024,BIC Bolígrafo Cristal edición especial,Bolígrafo de tinta azul,11.61,42,1,2026-05-27 17:00:00,2026-06-26 19:15:00
1025,P01025,Rubbermaid Contenedor 10L presentación familiar,Contenedor plástico para almacenamiento,181.85,74,1,2026-02-17 16:00:00,2026-03-26 01:45:00
1026,P01026,Kingston NV2 1TB color negro,Unidad SSD NVMe M.2 de 1 TB,1524.95,13,1,2026-02-03 16:30:00,2026-02-09 02:30:00
1027,P01027,Whiskas Adulto 1.5kg versión estándar,Alimento seco para gatos adultos,152.6,94,1,2026-07-09 13:30:00,2026-08-03 17:45:00
1028,P01028,Post-it Notas adhesivas 76x76mm paquete con 2 piezas,Bloc de notas adhesivas amarillas,77.23,146,1,2026-01-30 16:00:00,2026-03-13 01:45:00
1029,P01029,Staedtler Lápiz Noris HB versión estándar,Lápiz de grafito HB,14.1,147,1,2026-07-29 10:30:00,2026-08-26 20:30:00
1030,P01030,Pedigree Adulto 2kg paquete individual,Alimento seco para perros adultos,159.06,139,1,2026-03-05 14:30:00,2026-04-14 18:00:00
1031,P01031,APC Back-UPS 600VA,Sistema de respaldo de energía de 600 VA,1608.56,140,1,2026-02-11 09:15:00,2026-02-26 21:15:00
1032,P01032,Avery Etiquetas adhesivas presentación familiar,Paquete de etiquetas autoadhesivas,134.02,90,0,2026-01-21 15:00:00,2026-03-07 19:45:00
1033,P01033,Michelin Energy XM2+ versión estándar,Neumático para automóvil,2058.94,96,1,2026-09-01 09:30:00,2026-09-18 14:00:00
1034,P01034,TP-Link Archer C6 edición especial,Router inalámbrico Gigabit AC1200,965.73,64,0,2026-05-13 17:00:00,2026-06-11 17:00:00
1035,P01035,JBL Tune 510BT color azul,Audífonos inalámbricos Bluetooth,948.71,9,1,2026-05-28 17:30:00,2026-07-02 01:15:00
1036,P01036,Bosch Bujía de encendido color negro,Bujía para motor de gasolina,139.78,27,1,2026-07-06 16:15:00,2026-07-20 20:45:00
1037,P01037,Gillette Mach3 color negro,Rastrillo para afeitar con tres hojas,188.28,80,1,2026-07-20 12:30:00,2026-08-14 17:45:00
1038,P01038,Sharpie Marcador permanente,Marcador permanente de punta fina,38.93,97,0,2026-03-31 16:45:00,2026-04-05 05:00:00
1039,P01039,Oster Licuadora clásica edición especial,Licuadora de vaso para preparación de alimentos,935.33,86,1,2026-08-07 16:30:00,2026-09-11 01:30:00
1040,P01040,Tefal Plancha Ultragliss edición especial,Plancha de vapor para ropa,1245.09,102,1,2026-04-27 13:15:00,2026-06-02 14:45:00
1041,P01041,Logitech Mouse G203,Mouse para gaming con sensor óptico,749.46,137,1,2026-06-03 17:15:00,2026-07-04 05:30:00
1042,P01042,Tramontina Sartén 24cm color negro,Sartén antiadherente de 24 centímetros,516.34,86,1,2026-07-29 12:00:00,2026-08-14 22:00:00
1043,P01043,HP DeskJet 2875,Impresora multifuncional inalámbrica,1717.65,102,1,2026-09-18 18:45:00,2026-09-25 06:00:00
1044,P01044,Sterilite Caja organizadora 40L edición especial,Caja plástica con tapa para almacenamiento,373.5,87,1,2026-09-01 13:15:00,2026-09-03 22:15:00
1045,P01045,Philips Hervidor HD9350 paquete individual,Hervidor eléctrico de acero inoxidable,1041.33,82,1,2026-05-18 13:00:00,2026-06-12 21:15:00
1046,P01046,Gillette Mach3 paquete individual,Rastrillo para afeitar con tres hojas,188.02,99,1,2026-08-09 19:00:00,2026-09-20 03:15:00
1047,P01047,LG Monitor 24MP400-B modelo 2026,Monitor LED Full HD de 24 pulgadas,3161.53,97,1,2026-02-10 12:00:00,2026-03-05 00:30:00
1048,P01048,T-fal Juego de sartenes 3 piezas color rojo,Juego de sartenes antiadherentes,1239.45,46,0,2026-07-12 16:15:00,2026-08-13 04:45:00
1049,P01049,Logitech Mouse G203 paquete con 2 piezas,Mouse para gaming con sensor óptico,756.93,60,1,2026-07-18 15:45:00,2026-08-07 01:30:00
1050,P01050,UGREEN Adaptador USB-C edición especial,Adaptador USB-C a USB 3.0,276.84,52,1,2026-08-25 16:45:00,2026-09-11 19:00:00
1051,P01051,Staedtler Lápiz Noris HB,Lápiz de grafito HB,13.63,11,1,2026-08-16 10:45:00,2026-08-22 11:00:00
1052,P01052,Tefal Plancha Ultragliss color negro,Plancha de vapor para ropa,1276.46,148,1,2026-04-10 10:00:00,2026-04-15 20:00:00
1053,P01053,Sterilite Caja organizadora 40L versión estándar,Caja plástica con tapa para almacenamiento,326.06,28,1,2026-01-28 08:45:00,2026-02-16 16:45:00
1054,P01054,Sterilite Caja organizadora 40L color negro,Caja plástica con tapa para almacenamiento,330.73,50,1,2026-03-05 09:15:00,2026-03-25 21:30:00
1055,P01055,Kingston NV2 1TB paquete individual,Unidad SSD NVMe M.2 de 1 TB,1283.75,103,0,2026-02-10 13:15:00,2026-03-09 01:30:00
1056,P01056,Tefal Plancha Ultragliss modelo 2026,Plancha de vapor para ropa,1134.07,18,1,2026-02-01 10:00:00,2026-02-03 11:45:00
1057,P01057,TP-Link Archer C6 presentación familiar,Router inalámbrico Gigabit AC1200,899.93,97,1,2026-02-06 13:30:00,2026-03-13 14:30:00
1058,P01058,Logitech Mouse G203 edición especial,Mouse para gaming con sensor óptico,722.66,135,1,2026-09-04 19:00:00,2026-09-10 21:30:00
1059,P01059,Amazon Basics Cable HDMI 2m,Cable HDMI de alta velocidad de 2 metros,200.78,143,1,2026-04-29 13:30:00,2026-05-13 23:00:00
1060,P01060,Gillette Mach3,Rastrillo para afeitar con tres hojas,176.82,71,1,2026-08-20 08:15:00,2026-09-09 16:00:00
1061,P01061,Kingston Fury Beast 8GB edición especial,Memoria RAM DDR4 de 8 GB,517.27,118,1,2026-06-01 08:45:00,2026-07-10 11:30:00
1062,P01062,Cinsa Olla de presión 6L paquete individual,Olla de presión de aluminio de 6 litros,959.45,75,1,2026-08-08 18:45:00,2026-08-12 19:15:00
1063,P01063,Bosch Bujía de encendido edición especial,Bujía para motor de gasolina,135.34,148,0,2026-07-06 19:00:00,2026-08-02 20:00:00
1064,P01064,Spalding TF-1000 color negro,Balón de basquetbol para interiores,845.86,150,1,2026-01-28 19:45:00,2026-02-20 00:00:00
1065,P01065,APC Back-UPS 600VA paquete con 2 piezas,Sistema de respaldo de energía de 600 VA,1777.96,6,1,2026-07-16 09:30:00,2026-08-24 17:30:00
1066,P01066,JBL Go 4 color azul,Bocina portátil Bluetooth,1058.78,74,1,2026-07-15 12:00:00,2026-08-02 22:30:00
1067,P01067,Cinsa Olla de presión 6L paquete individual,Olla de presión de aluminio de 6 litros,1116.25,88,1,2026-01-12 15:15:00,2026-01-13 18:00:00
1068,P01068,Scribe Cuaderno profesional versión estándar,Cuaderno de hojas rayadas,83.05,0,0,2026-04-02 09:00:00,2026-05-10 10:00:00
1069,P01069,Bosch Bujía de encendido versión estándar,Bujía para motor de gasolina,117.52,96,1,2026-07-27 17:00:00,2026-09-05 00:45:00
1070,P01070,Tramontina Sartén 24cm paquete con 2 piezas,Sartén antiadherente de 24 centímetros,522.09,3,0,2026-04-29 14:15:00,2026-05-12 00:30:00
1071,P01071,Nike Revolution 7 versión estándar,Tenis deportivos para entrenamiento,1772.28,40,1,2026-01-03 17:45:00,2026-01-11 03:45:00
1072,P01072,T-fal Juego de sartenes 3 piezas paquete con 2 piezas,Juego de sartenes antiadherentes,1133.05,67,1,2026-02-19 13:30:00,2026-04-04 18:30:00
1073,P01073,Nivea Crema corporal,Crema hidratante para cuerpo,111.91,100,0,2026-09-17 18:45:00,2026-10-17 20:30:00
1074,P01074,Scotch-Brite Esponjas multiusos paquete con 2 piezas,Paquete de esponjas para limpieza doméstica,87.86,12,0,2026-05-26 16:15:00,2026-06-15 17:45:00
1075,P01075,Dove Jabón corporal,Jabón corporal de uso diario,53.32,137,1,2026-07-26 15:30:00,2026-09-07 18:45:00
1076,P01076,Pilot G2 versión estándar,Bolígrafo de gel de tinta negra,42.31,126,1,2026-03-31 18:30:00,2026-05-09 06:00:00
1077,P01077,Koblenz Aspiradora WD-2 color negro,Aspiradora para limpieza doméstica,1672.98,138,1,2026-07-16 09:00:00,2026-08-14 14:45:00
1078,P01078,Black+Decker Tostador 2 rebanadas presentación familiar,Tostador eléctrico de dos ranuras,544.18,113,1,2026-02-07 13:00:00,2026-02-09 20:45:00
1079,P01079,HP DeskJet 2875 paquete individual,Impresora multifuncional inalámbrica,1762.86,126,1,2026-03-10 18:00:00,2026-04-10 18:15:00
1080,P01080,Ninja Air Fryer 4L presentación familiar,Freidora de aire de 4 litros,1961.51,28,1,2026-05-18 13:45:00,2026-06-30 13:45:00
1081,P01081,Post-it Notas adhesivas 76x76mm edición especial,Bloc de notas adhesivas amarillas,72.61,61,1,2026-01-23 08:00:00,2026-01-27 10:30:00
1082,P01082,HP DeskJet 2875 versión estándar,Impresora multifuncional inalámbrica,1876.88,32,0,2026-04-24 19:45:00,2026-04-27 06:15:00
1083,P01083,Staedtler Lápiz Noris HB paquete con 2 piezas,Lápiz de grafito HB,16.09,113,1,2026-06-18 08:45:00,2026-07-12 15:15:00
1084,P01084,Whiskas Adulto 1.5kg versión estándar,Alimento seco para gatos adultos,140.17,1,1,2026-05-03 18:00:00,2026-05-24 05:30:00
1085,P01085,Kong Classic M paquete individual,Juguete resistente para perros,321.05,147,1,2026-05-01 10:15:00,2026-06-01 15:30:00
1086,P01086,Pilot G2 color negro,Bolígrafo de gel de tinta negra,42.6,79,0,2026-03-18 18:00:00,2026-03-26 21:00:00
1087,P01087,Scotch-Brite Esponjas multiusos modelo 2026,Paquete de esponjas para limpieza doméstica,82.48,114,1,2026-06-02 10:30:00,2026-07-11 13:30:00
1088,P01088,Tramontina Juego de cuchillos 6 piezas modelo 2026,Set de cuchillos para cocina,735.02,141,1,2026-05-26 18:15:00,2026-05-30 18:30:00
1089,P01089,Everlast Guantes de boxeo 12 oz modelo 2026,Guantes de boxeo para entrenamiento,713.61,82,1,2026-04-09 10:00:00,2026-04-24 18:15:00
1090,P01090,Logitech Mouse M185 color negro,Mouse inalámbrico compacto con receptor USB,376.46,107,1,2026-01-19 19:45:00,2026-01-24 21:15:00
1091,P01091,Koblenz Aspiradora WD-2,Aspiradora para limpieza doméstica,1724.54,7,1,2026-08-01 08:45:00,2026-09-08 19:30:00
1092,P01092,Kingston DataTraveler Exodia 64GB,Memoria USB 3.2 de 64 GB,132.3,66,1,2026-03-27 16:30:00,2026-04-21 16:45:00
1093,P01093,TP-Link Archer C6 color azul,Router inalámbrico Gigabit AC1200,1026.68,129,1,2026-02-25 10:45:00,2026-04-02 22:00:00
1094,P01094,Scribe Cuaderno profesional versión estándar,Cuaderno de hojas rayadas,98.67,102,1,2026-03-10 15:15:00,2026-03-16 03:30:00
1095,P01095,Nike Revolution 7,Tenis deportivos para entrenamiento,1472.95,63,1,2026-03-08 14:45:00,2026-04-03 03:15:00
1096,P01096,Colgate Total 12 color rojo,Pasta dental de protección integral,69.72,0,1,2026-01-18 10:45:00,2026-02-20 21:15:00
1097,P01097,Logitech Teclado K120 color azul,Teclado alámbrico USB de tamaño completo,347.42,23,1,2026-07-11 18:00:00,2026-08-22 00:00:00
1098,P01098,Hamilton Beach Cafetera 12 tazas presentación familiar,Cafetera programable de 12 tazas,741.48,119,0,2026-03-14 19:45:00,2026-03-30 08:15:00
1099,P01099,Wilson Pelota de tenis Championship presentación familiar,Pelota de tenis para entrenamiento,144.45,46,1,2026-08-22 17:15:00,2026-09-04 03:15:00
1100,P01100,JBL Tune 510BT edición especial,Audífonos inalámbricos Bluetooth,990.17,74,0,2026-07-20 10:30:00,2026-07-31 19:00:00
1101,P01101,Cinsa Olla de presión 6L presentación familiar,Olla de presión de aluminio de 6 litros,985.22,102,1,2026-05-31 19:15:00,2026-06-25 01:15:00
1102,P01102,JBL Go 4 paquete con 2 piezas,Bocina portátil Bluetooth,1008.51,7,1,2026-05-24 11:15:00,2026-06-28 21:00:00
1103,P01103,Oster Licuadora clásica,Licuadora de vaso para preparación de alimentos,900.8,38,0,2026-02-08 16:15:00,2026-02-26 04:15:00
1104,P01104,Michelin Energy XM2+ presentación familiar,Neumático para automóvil,1836.0,18,0,2026-06-20 15:15:00,2026-07-09 01:15:00
1105,P01105,Pilot G2 paquete individual,Bolígrafo de gel de tinta negra,40.86,120,1,2026-07-07 16:30:00,2026-07-29 03:00:00
1106,P01106,Logitech Webcam C920s modelo 2026,Cámara web Full HD con micrófono estéreo,1476.62,141,0,2026-04-12 13:45:00,2026-04-15 16:15:00
1107,P01107,Avery Etiquetas adhesivas paquete con 2 piezas,Paquete de etiquetas autoadhesivas,127.2,8,1,2026-05-13 14:00:00,2026-06-24 01:15:00
1108,P01108,Cinsa Olla de presión 6L versión estándar,Olla de presión de aluminio de 6 litros,1108.49,92,0,2026-01-05 15:30:00,2026-02-02 22:30:00
1109,P01109,Whiskas Adulto 1.5kg versión estándar,Alimento seco para gatos adultos,162.21,138,1,2026-08-14 16:00:00,2026-08-23 02:30:00
1110,P01110,Dove Jabón corporal paquete individual,Jabón corporal de uso diario,54.72,40,1,2026-02-16 15:30:00,2026-02-18 19:00:00
1111,P01111,Sterilite Caja organizadora 40L presentación familiar,Caja plástica con tapa para almacenamiento,341.46,14,0,2026-01-19 11:00:00,2026-02-14 16:45:00
1112,P01112,Puma Essentials Hoodie versión estándar,Sudadera deportiva con capucha,933.23,124,0,2026-04-18 16:30:00,2026-05-28 02:30:00
1113,P01113,Sharpie Marcador permanente color negro,Marcador permanente de punta fina,35.27,120,0,2026-01-22 10:45:00,2026-03-07 21:15:00
1114,P01114,Scotch-Brite Esponjas multiusos paquete con 2 piezas,Paquete de esponjas para limpieza doméstica,88.12,33,1,2026-06-16 17:45:00,2026-07-03 18:45:00
1115,P01115,Gillette Mach3 modelo 2026,Rastrillo para afeitar con tres hojas,174.0,50,0,2026-09-01 19:15:00,2026-09-15 02:15:00
1116,P01116,Kingston NV2 1TB modelo 2026,Unidad SSD NVMe M.2 de 1 TB,1338.76,125,1,2026-01-11 09:30:00,2026-01-17 11:30:00
1117,P01117,BIC Bolígrafo Cristal versión estándar,Bolígrafo de tinta azul,12.1,73,0,2026-06-21 14:00:00,2026-08-05 17:30:00
1118,P01118,Colgate Total 12 paquete individual,Pasta dental de protección integral,72.24,62,0,2026-06-29 15:45:00,2026-07-27 01:45:00
1119,P01119,Kong Classic M,Juguete resistente para perros,357.42,123,1,2026-02-17 13:00:00,2026-03-13 16:30:00
1120,P01120,Oster Licuadora clásica versión estándar,Licuadora de vaso para preparación de alimentos,895.61,14,1,2026-08-16 11:45:00,2026-09-09 11:45:00
1121,P01121,Vasconia Cacerola 24cm paquete con 2 piezas,Cacerola de aluminio con tapa,549.04,143,1,2026-03-21 16:00:00,2026-04-27 23:30:00
1122,P01122,BIC Bolígrafo Cristal,Bolígrafo de tinta azul,12.38,101,0,2026-08-19 16:45:00,2026-09-05 18:15:00
1123,P01123,Puma Essentials Hoodie,Sudadera deportiva con capucha,1094.03,49,1,2026-08-18 13:00:00,2026-10-01 00:45:00
1124,P01124,Tramontina Sartén 24cm modelo 2026,Sartén antiadherente de 24 centímetros,513.77,23,0,2026-04-26 12:30:00,2026-05-04 13:30:00
1125,P01125,Hamilton Beach Cafetera 12 tazas modelo 2026,Cafetera programable de 12 tazas,835.04,54,1,2026-08-08 13:30:00,2026-08-31 19:30:00
1126,P01126,Staedtler Lápiz Noris HB color azul,Lápiz de grafito HB,13.9,4,1,2026-06-26 12:15:00,2026-07-15 00:30:00
1127,P01127,JBL Tune 510BT presentación familiar,Audífonos inalámbricos Bluetooth,833.22,112,1,2026-05-15 17:15:00,2026-06-13 22:15:00
1128,P01128,Logitech Webcam C920s versión estándar,Cámara web Full HD con micrófono estéreo,1283.62,92,1,2026-02-11 10:00:00,2026-02-28 14:30:00
1129,P01129,Vasconia Cacerola 24cm color azul,Cacerola de aluminio con tapa,555.95,35,1,2026-08-02 09:15:00,2026-08-26 14:45:00
1130,P01130,Tramontina Juego de cuchillos 6 piezas paquete con 2 piezas,Set de cuchillos para cocina,744.69,80,1,2026-09-13 13:45:00,2026-10-04 14:30:00
1131,P01131,Everlast Guantes de boxeo 12 oz paquete individual,Guantes de boxeo para entrenamiento,656.7,132,1,2026-05-04 08:15:00,2026-06-05 15:00:00
1132,P01132,JBL Go 4 versión estándar,Bocina portátil Bluetooth,1004.31,114,0,2026-08-27 09:15:00,2026-10-03 09:30:00
1133,P01133,Ninja Air Fryer 4L paquete con 2 piezas,Freidora de aire de 4 litros,2004.27,63,1,2026-06-09 19:00:00,2026-06-12 22:15:00
1134,P01134,Kingston NV2 1TB,Unidad SSD NVMe M.2 de 1 TB,1312.15,150,0,2026-04-03 08:15:00,2026-04-29 11:30:00
1135,P01135,Samsung Monitor T350 24 pulgadas paquete con 2 piezas,Monitor Full HD de 24 pulgadas con panel IPS,2618.93,134,1,2026-07-17 14:45:00,2026-07-18 22:15:00
1136,P01136,JBL Go 4 paquete individual,Bocina portátil Bluetooth,1032.99,21,0,2026-08-31 08:15:00,2026-08-31 12:45:00
1137,P01137,Vasconia Cacerola 24cm paquete con 2 piezas,Cacerola de aluminio con tapa,474.38,93,1,2026-03-17 09:45:00,2026-04-02 13:15:00
1138,P01138,Hamilton Beach Cafetera 12 tazas versión estándar,Cafetera programable de 12 tazas,762.68,58,1,2026-04-11 08:15:00,2026-05-16 14:15:00
1139,P01139,JBL Tune 510BT color rojo,Audífonos inalámbricos Bluetooth,954.56,5,0,2026-03-17 09:30:00,2026-04-24 17:30:00
1140,P01140,Sterilite Caja organizadora 40L paquete con 2 piezas,Caja plástica con tapa para almacenamiento,320.96,111,1,2026-07-06 16:30:00,2026-07-20 23:45:00
1141,P01141,Amazon Basics Cable HDMI 2m paquete individual,Cable HDMI de alta velocidad de 2 metros,205.94,80,0,2026-07-27 19:30:00,2026-08-29 02:00:00
1142,P01142,Amazon Basics Cable HDMI 2m versión estándar,Cable HDMI de alta velocidad de 2 metros,211.15,22,1,2026-08-31 13:30:00,2026-09-23 13:45:00
1143,P01143,Castrol GTX 5W-30 1L paquete con 2 piezas,Aceite para motor de automóvil,160.79,84,1,2026-03-19 16:15:00,2026-05-02 01:00:00
1144,P01144,Vasconia Cacerola 24cm versión estándar,Cacerola de aluminio con tapa,504.44,114,1,2026-03-03 08:15:00,2026-04-07 10:45:00
1145,P01145,Staedtler Lápiz Noris HB,Lápiz de grafito HB,13.71,44,1,2026-04-01 13:15:00,2026-05-14 00:15:00
1146,P01146,Puma Essentials Hoodie paquete con 2 piezas,Sudadera deportiva con capucha,974.63,7,0,2026-08-18 12:45:00,2026-08-20 19:45:00
1147,P01147,Gillette Mach3,Rastrillo para afeitar con tres hojas,172.74,7,1,2026-08-14 13:30:00,2026-09-18 14:45:00
1148,P01148,Oster Licuadora clásica,Licuadora de vaso para preparación de alimentos,922.33,33,1,2026-07-11 13:15:00,2026-07-13 22:45:00
1149,P01149,Avery Etiquetas adhesivas paquete individual,Paquete de etiquetas autoadhesivas,116.36,24,0,2026-02-20 15:00:00,2026-03-11 01:30:00
1150,P01150,Pilot G2 paquete individual,Bolígrafo de gel de tinta negra,38.6,55,1,2026-07-30 12:45:00,2026-09-13 21:15:00
1151,P01151,Ninja Air Fryer 4L modelo 2026,Freidora de aire de 4 litros,1905.0,4,1,2026-04-17 11:00:00,2026-04-19 20:45:00
1152,P01152,Tefal Plancha Ultragliss color azul,Plancha de vapor para ropa,1122.57,15,1,2026-03-25 09:30:00,2026-04-17 11:15:00
1153,P01153,Black+Decker Tostador 2 rebanadas color negro,Tostador eléctrico de dos ranuras,504.67,50,1,2026-02-15 10:45:00,2026-02-21 11:45:00
1154,P01154,Tramontina Juego de cuchillos 6 piezas modelo 2026,Set de cuchillos para cocina,881.28,34,0,2026-03-26 12:45:00,2026-03-27 16:00:00
1155,P01155,Vasconia Cacerola 24cm color azul,Cacerola de aluminio con tapa,509.99,149,0,2026-02-27 09:00:00,2026-03-23 09:00:00
1156,P01156,Vasconia Cacerola 24cm modelo 2026,Cacerola de aluminio con tapa,479.91,47,1,2026-06-20 12:30:00,2026-07-19 01:15:00
1157,P01157,Post-it Notas adhesivas 76x76mm color rojo,Bloc de notas adhesivas amarillas,65.86,45,1,2026-02-21 18:45:00,2026-03-20 06:00:00
1158,P01158,SanDisk Ultra microSD 128GB color rojo,Tarjeta microSD de 128 GB,290.27,4,1,2026-03-23 17:15:00,2026-03-26 22:30:00
1159,P01159,HP DeskJet 2875,Impresora multifuncional inalámbrica,1632.79,31,1,2026-07-31 15:15:00,2026-08-10 18:00:00
1160,P01160,Philips Hervidor HD9350 modelo 2026,Hervidor eléctrico de acero inoxidable,1047.0,143,1,2026-06-10 11:00:00,2026-06-14 12:00:00
1161,P01161,Whiskas Adulto 1.5kg color azul,Alimento seco para gatos adultos,135.47,117,1,2026-05-25 08:45:00,2026-06-11 21:30:00
1162,P01162,Dove Jabón corporal edición especial,Jabón corporal de uso diario,50.09,138,1,2026-05-23 16:45:00,2026-06-24 19:15:00
1163,P01163,Logitech Mouse G203 color rojo,Mouse para gaming con sensor óptico,780.12,17,1,2026-02-14 09:00:00,2026-02-14 20:30:00
1164,P01164,JBL Tune 510BT versión estándar,Audífonos inalámbricos Bluetooth,939.18,98,0,2026-03-07 08:30:00,2026-03-07 13:15:00
1165,P01165,Nivea Crema corporal paquete individual,Crema hidratante para cuerpo,121.42,92,1,2026-05-25 10:15:00,2026-06-05 12:00:00
1166,P01166,Scotch-Brite Esponjas multiusos versión estándar,Paquete de esponjas para limpieza doméstica,95.85,109,1,2026-09-14 09:45:00,2026-09-28 11:15:00
1167,P01167,T-fal Juego de sartenes 3 piezas modelo 2026,Juego de sartenes antiadherentes,1127.61,28,1,2026-01-07 12:45:00,2026-02-12 01:30:00
1168,P01168,Wilson Pelota de tenis Championship presentación familiar,Pelota de tenis para entrenamiento,140.48,136,1,2026-09-03 11:30:00,2026-10-16 18:15:00
1169,P01169,Oster Licuadora clásica color negro,Licuadora de vaso para preparación de alimentos,814.57,33,1,2026-05-31 11:15:00,2026-07-04 11:45:00
1170,P01170,Scribe Cuaderno profesional,Cuaderno de hojas rayadas,90.14,141,0,2026-04-01 12:30:00,2026-04-07 00:00:00
1171,P01171,JBL Tune 510BT modelo 2026,Audífonos inalámbricos Bluetooth,853.48,92,1,2026-02-01 12:00:00,2026-03-06 12:45:00
1172,P01172,Castrol GTX 5W-30 1L versión estándar,Aceite para motor de automóvil,166.32,32,0,2026-08-22 19:45:00,2026-08-31 05:00:00
1173,P01173,Michelin Energy XM2+ paquete individual,Neumático para automóvil,1910.54,12,1,2026-09-06 13:00:00,2026-10-21 20:15:00
1174,P01174,Amazon Basics Cable HDMI 2m,Cable HDMI de alta velocidad de 2 metros,239.76,69,1,2026-05-09 15:00:00,2026-05-22 20:30:00
1175,P01175,Kingston NV2 1TB edición especial,Unidad SSD NVMe M.2 de 1 TB,1563.5,88,1,2026-02-25 09:00:00,2026-03-22 11:15:00
1176,P01176,T-fal Juego de sartenes 3 piezas,Juego de sartenes antiadherentes,1106.19,62,1,2026-05-12 11:00:00,2026-05-29 14:30:00
1177,P01177,Castrol GTX 5W-30 1L modelo 2026,Aceite para motor de automóvil,171.81,119,1,2026-08-21 16:30:00,2026-08-28 21:45:00
1178,P01178,Kingston Fury Beast 8GB presentación familiar,Memoria RAM DDR4 de 8 GB,476.82,106,1,2026-01-05 10:00:00,2026-01-08 12:30:00
1179,P01179,Koblenz Aspiradora WD-2,Aspiradora para limpieza doméstica,1741.31,46,0,2026-01-31 15:15:00,2026-03-01 01:15:00
1180,P01180,TP-Link Archer C6 versión estándar,Router inalámbrico Gigabit AC1200,1006.25,11,0,2026-02-05 17:45:00,2026-03-13 18:30:00
1181,P01181,Cinsa Olla de presión 6L presentación familiar,Olla de presión de aluminio de 6 litros,904.29,65,1,2026-08-15 10:30:00,2026-08-24 22:00:00
1182,P01182,Gillette Mach3 modelo 2026,Rastrillo para afeitar con tres hojas,175.46,92,1,2026-04-08 12:15:00,2026-05-13 14:30:00
1183,P01183,Castrol GTX 5W-30 1L versión estándar,Aceite para motor de automóvil,148.09,129,1,2026-08-27 18:45:00,2026-09-09 23:30:00
1184,P01184,Bosch Bujía de encendido paquete con 2 piezas,Bujía para motor de gasolina,120.73,138,1,2026-08-20 18:00:00,2026-09-04 02:45:00
1185,P01185,Pyrex Recipiente de vidrio 1L paquete individual,Recipiente de vidrio resistente al calor,233.77,5,1,2026-08-04 14:45:00,2026-08-16 01:45:00
1186,P01186,TP-Link Archer C6 color negro,Router inalámbrico Gigabit AC1200,1118.14,98,0,2026-06-11 17:45:00,2026-07-26 00:45:00
1187,P01187,Tramontina Sartén 24cm paquete individual,Sartén antiadherente de 24 centímetros,458.94,80,1,2026-01-31 15:30:00,2026-03-13 19:45:00
1188,P01188,Kingston DataTraveler Exodia 64GB modelo 2026,Memoria USB 3.2 de 64 GB,132.98,42,0,2026-06-16 19:45:00,2026-06-27 08:15:00
1189,P01189,Black+Decker Tostador 2 rebanadas paquete individual,Tostador eléctrico de dos ranuras,534.1,93,1,2026-08-10 13:15:00,2026-08-16 13:45:00
1190,P01190,BIC Bolígrafo Cristal paquete con 2 piezas,Bolígrafo de tinta azul,13.04,124,1,2026-01-08 10:00:00,2026-02-07 20:30:00
1191,P01191,Tramontina Sartén 24cm modelo 2026,Sartén antiadherente de 24 centímetros,467.92,143,1,2026-05-21 09:15:00,2026-07-05 12:00:00
1192,P01192,Tefal Plancha Ultragliss versión estándar,Plancha de vapor para ropa,1086.58,28,1,2026-03-01 09:45:00,2026-03-19 17:00:00
1193,P01193,Wilson Pelota de tenis Championship edición especial,Pelota de tenis para entrenamiento,134.76,27,1,2026-02-03 08:45:00,2026-02-26 21:00:00
1194,P01194,Logitech Mouse G203 color azul,Mouse para gaming con sensor óptico,693.37,40,1,2026-08-04 11:00:00,2026-08-06 12:15:00
1195,P01195,Castrol GTX 5W-30 1L modelo 2026,Aceite para motor de automóvil,153.92,20,1,2026-05-19 08:15:00,2026-06-21 15:30:00
1196,P01196,Rubbermaid Contenedor 10L paquete individual,Contenedor plástico para almacenamiento,193.62,29,0,2026-04-11 16:45:00,2026-05-03 01:45:00
1197,P01197,Kingston NV2 1TB color azul,Unidad SSD NVMe M.2 de 1 TB,1534.25,46,1,2026-07-12 10:00:00,2026-07-27 13:15:00
1198,P01198,JBL Tune 510BT paquete individual,Audífonos inalámbricos Bluetooth,880.73,79,1,2026-03-12 08:00:00,2026-04-07 19:45:00
1199,P01199,Scribe Cuaderno profesional color azul,Cuaderno de hojas rayadas,84.36,73,1,2026-08-29 14:00:00,2026-10-01 23:30:00
1200,P01200,HP DeskJet 2875 versión estándar,Impresora multifuncional inalámbrica,1970.13,30,1,2026-01-15 08:30:00,2026-02-07 15:45:00
1201,P01201,Everlast Guantes de boxeo 12 oz,Guantes de boxeo para entrenamiento,755.67,47,1,2026-06-11 10:30:00,2026-06-22 16:30:00
1202,P01202,Cinsa Olla de presión 6L presentación familiar,Olla de presión de aluminio de 6 litros,1080.91,1,0,2026-06-17 12:30:00,2026-07-02 20:45:00
1203,P01203,Staedtler Lápiz Noris HB color negro,Lápiz de grafito HB,15.31,92,1,2026-03-21 13:45:00,2026-04-08 02:30:00
1204,P01204,Logitech Mouse M185 paquete individual,Mouse inalámbrico compacto con receptor USB,361.15,38,1,2026-09-05 18:45:00,2026-09-25 05:00:00
1205,P01205,HP DeskJet 2875 paquete con 2 piezas,Impresora multifuncional inalámbrica,1852.12,142,1,2026-06-24 09:15:00,2026-07-10 16:15:00
1206,P01206,LG Monitor 24MP400-B modelo 2026,Monitor LED Full HD de 24 pulgadas,3190.92,132,1,2026-01-12 16:00:00,2026-01-17 22:45:00
1207,P01207,Sterilite Caja organizadora 40L versión estándar,Caja plástica con tapa para almacenamiento,356.36,113,1,2026-01-12 16:00:00,2026-01-13 02:30:00
1208,P01208,Tramontina Juego de cuchillos 6 piezas color azul,Set de cuchillos para cocina,820.71,128,0,2026-01-28 13:45:00,2026-02-02 13:45:00
1209,P01209,Hamilton Beach Cafetera 12 tazas presentación familiar,Cafetera programable de 12 tazas,721.23,67,0,2026-05-26 10:00:00,2026-06-27 18:15:00
1210,P01210,Puma Essentials Hoodie presentación familiar,Sudadera deportiva con capucha,1049.17,31,1,2026-06-05 14:30:00,2026-07-19 20:00:00
1211,P01211,UGREEN Adaptador USB-C versión estándar,Adaptador USB-C a USB 3.0,235.28,20,1,2026-06-22 09:15:00,2026-07-03 16:45:00
1212,P01212,Post-it Notas adhesivas 76x76mm color negro,Bloc de notas adhesivas amarillas,75.37,137,1,2026-04-06 11:00:00,2026-05-21 17:15:00
1213,P01213,Puma Essentials Hoodie color azul,Sudadera deportiva con capucha,1061.57,73,1,2026-04-21 11:00:00,2026-05-01 22:00:00
1214,P01214,SanDisk Ultra microSD 128GB modelo 2026,Tarjeta microSD de 128 GB,320.65,149,1,2026-07-20 10:15:00,2026-08-14 13:30:00
1215,P01215,Tramontina Sartén 24cm versión estándar,Sartén antiadherente de 24 centímetros,488.67,51,1,2026-05-24 16:15:00,2026-06-04 18:30:00
1216,P01216,LG Monitor 24MP400-B color azul,Monitor LED Full HD de 24 pulgadas,2751.15,69,1,2026-08-27 16:30:00,2026-10-10 20:00:00
1217,P01217,Puma Essentials Hoodie color azul,Sudadera deportiva con capucha,991.07,13,1,2026-01-03 19:15:00,2026-01-04 03:45:00
1218,P01218,Amazon Basics Cable HDMI 2m,Cable HDMI de alta velocidad de 2 metros,223.19,78,1,2026-09-16 13:00:00,2026-09-17 20:30:00
1219,P01219,JBL Tune 510BT edición especial,Audífonos inalámbricos Bluetooth,915.84,33,1,2026-03-01 19:15:00,2026-03-14 07:30:00
1220,P01220,Kingston Fury Beast 8GB presentación familiar,Memoria RAM DDR4 de 8 GB,453.05,102,1,2026-04-08 19:15:00,2026-04-11 19:30:00
1221,P01221,Puma Essentials Hoodie modelo 2026,Sudadera deportiva con capucha,1002.98,88,0,2026-09-18 09:15:00,2026-10-20 14:00:00
1222,P01222,Amazon Basics Cable HDMI 2m versión estándar,Cable HDMI de alta velocidad de 2 metros,240.61,11,1,2026-03-03 15:15:00,2026-03-23 16:15:00
1223,P01223,Koblenz Aspiradora WD-2 color rojo,Aspiradora para limpieza doméstica,1550.44,74,1,2026-07-10 17:15:00,2026-07-24 18:15:00
1224,P01224,Scotch-Brite Esponjas multiusos color rojo,Paquete de esponjas para limpieza doméstica,82.02,62,1,2026-03-04 18:45:00,2026-04-09 05:15:00
1225,P01225,Staedtler Lápiz Noris HB paquete con 2 piezas,Lápiz de grafito HB,14.6,90,1,2026-06-03 12:00:00,2026-07-06 18:15:00
1226,P01226,Adidas Runfalcon 5 edición especial,Calzado deportivo para correr,1464.62,82,0,2026-08-28 14:15:00,2026-09-03 19:30:00
1227,P01227,Staedtler Lápiz Noris HB versión estándar,Lápiz de grafito HB,15.33,48,0,2026-06-15 11:45:00,2026-07-17 23:15:00
1228,P01228,Ninja Air Fryer 4L color rojo,Freidora de aire de 4 litros,1938.74,57,0,2026-09-04 14:15:00,2026-10-19 20:00:00
1229,P01229,Tefal Plancha Ultragliss color rojo,Plancha de vapor para ropa,1327.75,62,1,2026-08-23 15:45:00,2026-08-31 15:45:00
1230,P01230,Spalding TF-1000 paquete individual,Balón de basquetbol para interiores,847.85,148,1,2026-01-17 11:15:00,2026-02-10 13:45:00
1231,P01231,UGREEN Adaptador USB-C color rojo,Adaptador USB-C a USB 3.0,243.61,20,0,2026-03-31 09:15:00,2026-05-14 11:30:00
1232,P01232,Vasconia Cacerola 24cm paquete individual,Cacerola de aluminio con tapa,531.31,143,1,2026-03-08 19:45:00,2026-04-05 06:00:00
1233,P01233,Gillette Mach3 color azul,Rastrillo para afeitar con tres hojas,201.13,35,1,2026-02-04 09:15:00,2026-03-02 17:30:00
1234,P01234,Bosch Bujía de encendido versión estándar,Bujía para motor de gasolina,116.2,46,0,2026-06-29 14:45:00,2026-08-07 02:30:00
1235,P01235,Vasconia Cacerola 24cm presentación familiar,Cacerola de aluminio con tapa,513.78,96,1,2026-04-25 11:00:00,2026-05-24 13:00:00
1236,P01236,Everlast Guantes de boxeo 12 oz presentación familiar,Guantes de boxeo para entrenamiento,779.76,131,1,2026-09-16 11:45:00,2026-09-27 20:15:00
1237,P01237,Rubbermaid Contenedor 10L color azul,Contenedor plástico para almacenamiento,190.79,129,0,2026-06-24 14:15:00,2026-08-05 22:45:00
1238,P01238,Michelin Energy XM2+ color negro,Neumático para automóvil,1819.73,59,1,2026-03-31 19:00:00,2026-04-17 02:15:00
1239,P01239,Logitech Mouse G203 versión estándar,Mouse para gaming con sensor óptico,765.9,67,1,2026-02-02 12:15:00,2026-03-07 17:00:00
1240,P01240,Samsung Monitor T350 24 pulgadas color negro,Monitor Full HD de 24 pulgadas con panel IPS,2802.7,135,0,2026-08-30 11:00:00,2026-09-17 22:15:00
1241,P01241,Post-it Notas adhesivas 76x76mm paquete individual,Bloc de notas adhesivas amarillas,68.83,84,1,2026-04-18 11:15:00,2026-05-28 22:45:00
1242,P01242,Scotch-Brite Esponjas multiusos paquete individual,Paquete de esponjas para limpieza doméstica,89.13,33,1,2026-04-18 10:15:00,2026-05-20 23:00:00
1243,P01243,Scotch-Brite Esponjas multiusos edición especial,Paquete de esponjas para limpieza doméstica,80.44,36,1,2026-08-06 16:45:00,2026-09-13 20:30:00
1244,P01244,Adidas Runfalcon 5,Calzado deportivo para correr,1340.27,12,1,2026-04-12 19:45:00,2026-05-22 02:00:00
1245,P01245,Oster Licuadora clásica versión estándar,Licuadora de vaso para preparación de alimentos,879.45,76,1,2026-06-27 12:00:00,2026-08-05 20:45:00
1246,P01246,Kong Classic M presentación familiar,Juguete resistente para perros,385.69,64,1,2026-03-15 17:45:00,2026-04-27 19:15:00
1247,P01247,Kingston Fury Beast 8GB paquete con 2 piezas,Memoria RAM DDR4 de 8 GB,477.44,109,1,2026-04-21 08:15:00,2026-04-22 20:15:00
1248,P01248,Logitech Teclado K120 modelo 2026,Teclado alámbrico USB de tamaño completo,341.56,139,1,2026-04-05 16:00:00,2026-04-19 01:00:00
1249,P01249,Puma Essentials Hoodie color negro,Sudadera deportiva con capucha,1055.57,63,1,2026-03-02 08:30:00,2026-03-20 12:45:00
1250,P01250,Black+Decker Tostador 2 rebanadas edición especial,Tostador eléctrico de dos ranuras,473.48,46,0,2026-07-12 14:15:00,2026-08-05 21:00:00
1251,P01251,Nivea Crema corporal,Crema hidratante para cuerpo,112.35,49,0,2026-03-21 18:30:00,2026-04-06 00:15:00
1252,P01252,HP DeskJet 2875,Impresora multifuncional inalámbrica,1902.03,150,0,2026-04-28 14:15:00,2026-05-31 18:45:00
1253,P01253,Tramontina Juego de cuchillos 6 piezas modelo 2026,Set de cuchillos para cocina,873.75,116,0,2026-08-09 19:30:00,2026-09-01 21:00:00
1254,P01254,TP-Link Archer C6 color rojo,Router inalámbrico Gigabit AC1200,1042.51,77,1,2026-07-09 17:15:00,2026-08-20 00:15:00
1255,P01255,Scribe Cuaderno profesional color azul,Cuaderno de hojas rayadas,97.2,48,1,2026-02-26 12:30:00,2026-03-05 14:30:00
1256,P01256,LG Monitor 24MP400-B modelo 2026,Monitor LED Full HD de 24 pulgadas,2730.24,51,1,2026-05-14 15:00:00,2026-05-18 17:15:00
1257,P01257,Spalding TF-1000 modelo 2026,Balón de basquetbol para interiores,777.48,70,1,2026-04-07 08:15:00,2026-05-22 12:00:00
1258,P01258,Logitech Mouse M185 versión estándar,Mouse inalámbrico compacto con receptor USB,323.54,66,1,2026-03-16 17:00:00,2026-03-24 18:45:00
1259,P01259,Kingston Fury Beast 8GB paquete individual,Memoria RAM DDR4 de 8 GB,461.65,115,1,2026-04-27 12:00:00,2026-05-17 20:00:00
1260,P01260,BIC Bolígrafo Cristal paquete individual,Bolígrafo de tinta azul,11.87,22,1,2026-08-05 18:30:00,2026-09-17 21:30:00
1261,P01261,Logitech Webcam C920s color azul,Cámara web Full HD con micrófono estéreo,1423.79,48,1,2026-05-01 13:15:00,2026-05-24 15:15:00
1262,P01262,Logitech Webcam C920s presentación familiar,Cámara web Full HD con micrófono estéreo,1338.54,73,1,2026-03-13 12:00:00,2026-04-27 19:15:00
1263,P01263,Pilot G2 edición especial,Bolígrafo de gel de tinta negra,42.98,146,1,2026-05-05 14:00:00,2026-06-05 21:30:00
1264,P01264,Kingston NV2 1TB edición especial,Unidad SSD NVMe M.2 de 1 TB,1548.89,31,1,2026-02-22 09:30:00,2026-03-04 15:00:00
1265,P01265,Logitech Webcam C920s presentación familiar,Cámara web Full HD con micrófono estéreo,1463.53,144,1,2026-05-12 08:30:00,2026-06-13 12:00:00
1266,P01266,LG Monitor 24MP400-B presentación familiar,Monitor LED Full HD de 24 pulgadas,2829.09,103,1,2026-03-06 17:15:00,2026-04-08 03:45:00
1267,P01267,Koblenz Aspiradora WD-2 color rojo,Aspiradora para limpieza doméstica,1623.96,129,1,2026-01-19 08:45:00,2026-02-11 18:15:00
1268,P01268,Kingston NV2 1TB presentación familiar,Unidad SSD NVMe M.2 de 1 TB,1413.84,94,1,2026-06-02 19:30:00,2026-07-10 03:30:00
1269,P01269,Wilson Pelota de tenis Championship color negro,Pelota de tenis para entrenamiento,142.32,133,1,2026-01-06 10:00:00,2026-01-19 13:00:00
1270,P01270,LG Monitor 24MP400-B presentación familiar,Monitor LED Full HD de 24 pulgadas,3018.8,130,1,2026-07-02 14:15:00,2026-08-08 20:45:00
1271,P01271,Everlast Guantes de boxeo 12 oz color negro,Guantes de boxeo para entrenamiento,706.5,18,1,2026-07-28 15:45:00,2026-08-09 04:00:00
1272,P01272,Avery Etiquetas adhesivas edición especial,Paquete de etiquetas autoadhesivas,125.63,100,1,2026-04-11 12:45:00,2026-04-16 20:15:00
1273,P01273,Vasconia Cacerola 24cm,Cacerola de aluminio con tapa,467.63,108,1,2026-08-05 09:00:00,2026-09-10 09:45:00
1274,P01274,Sterilite Caja organizadora 40L color rojo,Caja plástica con tapa para almacenamiento,370.43,97,0,2026-08-20 11:30:00,2026-09-06 19:30:00
1275,P01275,Kingston Fury Beast 8GB versión estándar,Memoria RAM DDR4 de 8 GB,465.67,18,1,2026-03-15 16:45:00,2026-04-19 17:45:00
1276,P01276,Koblenz Aspiradora WD-2 versión estándar,Aspiradora para limpieza doméstica,1627.37,34,0,2026-01-16 09:00:00,2026-01-17 13:00:00
1277,P01277,Gillette Mach3 paquete con 2 piezas,Rastrillo para afeitar con tres hojas,184.59,128,1,2026-01-28 19:30:00,2026-02-04 02:30:00
1278,P01278,BIC Bolígrafo Cristal,Bolígrafo de tinta azul,11.57,81,1,2026-04-29 18:30:00,2026-05-30 02:15:00
1279,P01279,Pilot G2 color negro,Bolígrafo de gel de tinta negra,36.07,77,0,2026-08-08 19:00:00,2026-09-12 04:30:00
1280,P01280,Tramontina Juego de cuchillos 6 piezas paquete individual,Set de cuchillos para cocina,826.81,2,1,2026-08-02 14:30:00,2026-09-09 18:45:00
1281,P01281,Logitech Mouse M185 color negro,Mouse inalámbrico compacto con receptor USB,322.89,48,1,2026-03-03 19:30:00,2026-04-09 21:45:00
1282,P01282,Puma Essentials Hoodie paquete con 2 piezas,Sudadera deportiva con capucha,1003.0,75,0,2026-05-31 13:30:00,2026-06-02 23:30:00
1283,P01283,Koblenz Aspiradora WD-2 versión estándar,Aspiradora para limpieza doméstica,1687.38,113,1,2026-03-21 15:45:00,2026-05-06 03:00:00
1284,P01284,Sharpie Marcador permanente edición especial,Marcador permanente de punta fina,35.11,124,1,2026-06-10 16:45:00,2026-07-23 18:45:00
1285,P01285,Nivea Crema corporal color negro,Crema hidratante para cuerpo,127.31,136,1,2026-03-23 10:15:00,2026-04-09 11:00:00
1286,P01286,HP DeskJet 2875 paquete con 2 piezas,Impresora multifuncional inalámbrica,1945.91,9,1,2026-02-11 11:15:00,2026-03-03 20:00:00
1287,P01287,Dove Jabón corporal modelo 2026,Jabón corporal de uso diario,54.87,126,1,2026-04-13 16:15:00,2026-04-23 23:15:00
1288,P01288,Samsung Monitor T350 24 pulgadas color negro,Monitor Full HD de 24 pulgadas con panel IPS,2479.02,97,1,2026-02-02 12:45:00,2026-03-14 17:30:00
1289,P01289,Logitech Mouse M185 modelo 2026,Mouse inalámbrico compacto con receptor USB,321.03,43,1,2026-01-04 09:30:00,2026-02-15 13:00:00
1290,P01290,Nivea Crema corporal color negro,Crema hidratante para cuerpo,107.7,8,0,2026-08-16 13:00:00,2026-09-06 17:30:00
1291,P01291,Whiskas Adulto 1.5kg color negro,Alimento seco para gatos adultos,152.98,90,1,2026-02-17 16:45:00,2026-03-18 20:30:00
1292,P01292,Dove Jabón corporal color azul,Jabón corporal de uso diario,47.99,87,0,2026-08-30 15:30:00,2026-09-04 22:00:00
1293,P01293,Hamilton Beach Cafetera 12 tazas paquete individual,Cafetera programable de 12 tazas,725.99,7,1,2026-04-25 10:15:00,2026-05-18 22:30:00
1294,P01294,Logitech Mouse G203 paquete individual,Mouse para gaming con sensor óptico,753.96,128,1,2026-09-08 12:00:00,2026-09-12 12:30:00
1295,P01295,Tramontina Sartén 24cm color azul,Sartén antiadherente de 24 centímetros,482.94,28,1,2026-03-11 14:45:00,2026-03-26 15:00:00
1296,P01296,Tramontina Juego de cuchillos 6 piezas color rojo,Set de cuchillos para cocina,818.15,125,1,2026-04-03 13:45:00,2026-04-20 13:45:00
1297,P01297,Logitech Mouse M185 color azul,Mouse inalámbrico compacto con receptor USB,361.79,63,1,2026-08-25 17:15:00,2026-10-10 03:45:00
1298,P01298,Adidas Runfalcon 5 color azul,Calzado deportivo para correr,1467.69,116,1,2026-04-14 11:00:00,2026-04-17 21:45:00
1299,P01299,Tefal Plancha Ultragliss,Plancha de vapor para ropa,1140.06,63,1,2026-05-02 08:30:00,2026-05-27 20:30:00
1300,P01300,Adidas Runfalcon 5 paquete individual,Calzado deportivo para correr,1509.93,60,1,2026-04-10 16:00:00,2026-05-20 21:00:00
1301,P01301,Kingston NV2 1TB versión estándar,Unidad SSD NVMe M.2 de 1 TB,1271.01,9,1,2026-09-09 14:15:00,2026-10-20 01:45:00
1302,P01302,Adidas Runfalcon 5 versión estándar,Calzado deportivo para correr,1479.98,133,0,2026-06-10 17:45:00,2026-07-01 21:00:00
1303,P01303,Koblenz Aspiradora WD-2 paquete con 2 piezas,Aspiradora para limpieza doméstica,1765.63,20,1,2026-06-20 08:15:00,2026-07-24 16:00:00
1304,P01304,LG Monitor 24MP400-B edición especial,Monitor LED Full HD de 24 pulgadas,2829.3,21,1,2026-07-29 14:00:00,2026-08-13 23:00:00
1305,P01305,Adidas Runfalcon 5 modelo 2026,Calzado deportivo para correr,1397.59,19,0,2026-02-21 08:15:00,2026-03-08 12:30:00
1306,P01306,Staedtler Lápiz Noris HB,Lápiz de grafito HB,14.73,134,1,2026-05-28 08:30:00,2026-06-20 17:30:00
1307,P01307,Pilot G2 modelo 2026,Bolígrafo de gel de tinta negra,38.69,137,1,2026-06-07 19:30:00,2026-06-10 03:45:00
1308,P01308,Gillette Mach3 versión estándar,Rastrillo para afeitar con tres hojas,176.16,84,1,2026-06-24 18:45:00,2026-06-27 07:30:00
1309,P01309,T-fal Juego de sartenes 3 piezas color azul,Juego de sartenes antiadherentes,1328.9,43,1,2026-08-03 19:00:00,2026-09-09 05:00:00
1310,P01310,Logitech Webcam C920s paquete con 2 piezas,Cámara web Full HD con micrófono estéreo,1341.61,92,1,2026-01-18 09:15:00,2026-02-23 20:00:00
1311,P01311,Black+Decker Tostador 2 rebanadas versión estándar,Tostador eléctrico de dos ranuras,521.83,126,1,2026-08-22 10:15:00,2026-09-19 11:15:00
1312,P01312,Hamilton Beach Cafetera 12 tazas color azul,Cafetera programable de 12 tazas,862.84,132,1,2026-07-28 08:45:00,2026-09-03 13:30:00
1313,P01313,SanDisk Ultra microSD 128GB versión estándar,Tarjeta microSD de 128 GB,295.98,38,1,2026-02-18 13:30:00,2026-03-09 18:00:00
1314,P01314,Michelin Energy XM2+ paquete individual,Neumático para automóvil,1760.49,121,1,2026-08-21 19:30:00,2026-08-25 20:00:00
1315,P01315,Nivea Crema corporal modelo 2026,Crema hidratante para cuerpo,107.57,10,1,2026-08-12 13:00:00,2026-09-19 13:00:00
1316,P01316,Sterilite Caja organizadora 40L modelo 2026,Caja plástica con tapa para almacenamiento,318.86,85,1,2026-07-17 11:30:00,2026-08-26 19:00:00
1317,P01317,Hamilton Beach Cafetera 12 tazas color rojo,Cafetera programable de 12 tazas,892.34,147,1,2026-03-24 11:15:00,2026-04-30 16:00:00
1318,P01318,UGREEN Adaptador USB-C color negro,Adaptador USB-C a USB 3.0,225.38,86,1,2026-01-15 12:00:00,2026-02-03 00:30:00
1319,P01319,Nike Revolution 7 edición especial,Tenis deportivos para entrenamiento,1785.35,132,1,2026-01-24 18:30:00,2026-02-12 01:30:00
1320,P01320,Sharpie Marcador permanente color rojo,Marcador permanente de punta fina,34.41,5,1,2026-09-07 09:15:00,2026-09-20 21:30:00
1321,P01321,Wilson Pelota de tenis Championship color rojo,Pelota de tenis para entrenamiento,130.79,133,1,2026-05-29 11:30:00,2026-06-29 12:30:00
1322,P01322,Gillette Mach3 color negro,Rastrillo para afeitar con tres hojas,177.92,39,1,2026-03-08 11:45:00,2026-04-07 18:15:00
1323,P01323,Logitech Mouse G203,Mouse para gaming con sensor óptico,749.84,83,1,2026-08-19 08:00:00,2026-09-01 12:00:00
1324,P01324,Kingston NV2 1TB versión estándar,Unidad SSD NVMe M.2 de 1 TB,1447.69,14,1,2026-06-19 15:30:00,2026-07-09 21:30:00
1325,P01325,TP-Link Archer C6 presentación familiar,Router inalámbrico Gigabit AC1200,1055.38,111,1,2026-06-30 18:15:00,2026-07-04 05:30:00
1326,P01326,Logitech Mouse M185 color negro,Mouse inalámbrico compacto con receptor USB,385.81,141,1,2026-07-04 17:45:00,2026-07-27 22:30:00
1327,P01327,Tefal Plancha Ultragliss color azul,Plancha de vapor para ropa,1218.09,94,1,2026-07-19 08:00:00,2026-08-04 19:00:00
1328,P01328,Koblenz Aspiradora WD-2 color azul,Aspiradora para limpieza doméstica,1619.24,20,0,2026-02-02 11:30:00,2026-02-16 15:00:00
1329,P01329,HP DeskJet 2875 presentación familiar,Impresora multifuncional inalámbrica,1994.35,13,1,2026-08-05 13:15:00,2026-09-01 21:30:00
1330,P01330,Cinsa Olla de presión 6L color rojo,Olla de presión de aluminio de 6 litros,1065.36,66,1,2026-04-01 15:30:00,2026-05-10 18:00:00
1331,P01331,Nivea Crema corporal edición especial,Crema hidratante para cuerpo,129.47,75,1,2026-08-26 12:15:00,2026-10-03 16:30:00
1332,P01332,Bosch Bujía de encendido color negro,Bujía para motor de gasolina,122.66,37,1,2026-09-04 17:45:00,2026-09-08 00:45:00
1333,P01333,Kong Classic M presentación familiar,Juguete resistente para perros,372.61,24,1,2026-03-09 10:00:00,2026-04-18 19:30:00
1334,P01334,Amazon Basics Cable HDMI 2m modelo 2026,Cable HDMI de alta velocidad de 2 metros,233.73,113,1,2026-05-19 19:00:00,2026-06-17 22:30:00
1335,P01335,JBL Tune 510BT color rojo,Audífonos inalámbricos Bluetooth,985.1,92,1,2026-06-28 08:00:00,2026-08-02 19:15:00
1336,P01336,Hamilton Beach Cafetera 12 tazas color negro,Cafetera programable de 12 tazas,877.11,92,0,2026-02-21 13:15:00,2026-03-29 18:00:00
1337,P01337,BIC Bolígrafo Cristal color negro,Bolígrafo de tinta azul,12.09,73,1,2026-02-25 15:45:00,2026-03-09 17:45:00
1338,P01338,Sterilite Caja organizadora 40L paquete individual,Caja plástica con tapa para almacenamiento,359.84,22,0,2026-04-03 12:00:00,2026-04-14 21:00:00
1339,P01339,Philips Hervidor HD9350 presentación familiar,Hervidor eléctrico de acero inoxidable,942.45,54,1,2026-09-07 16:45:00,2026-10-08 22:30:00
1340,P01340,Adidas Runfalcon 5 color negro,Calzado deportivo para correr,1499.4,31,1,2026-02-04 13:00:00,2026-02-05 17:45:00
1341,P01341,Castrol GTX 5W-30 1L color azul,Aceite para motor de automóvil,148.39,41,1,2026-07-19 19:30:00,2026-08-27 22:00:00
1342,P01342,Castrol GTX 5W-30 1L paquete con 2 piezas,Aceite para motor de automóvil,152.93,76,1,2026-06-11 18:30:00,2026-06-30 20:30:00
1343,P01343,Wilson Pelota de tenis Championship color azul,Pelota de tenis para entrenamiento,132.99,47,0,2026-02-05 13:45:00,2026-02-09 00:00:00
1344,P01344,Puma Essentials Hoodie color rojo,Sudadera deportiva con capucha,1041.69,44,1,2026-07-11 17:30:00,2026-07-23 03:15:00
1345,P01345,Kingston DataTraveler Exodia 64GB paquete con 2 piezas,Memoria USB 3.2 de 64 GB,150.12,92,1,2026-09-09 14:00:00,2026-09-26 21:30:00
1346,P01346,Oster Licuadora clásica,Licuadora de vaso para preparación de alimentos,911.65,99,1,2026-02-10 11:45:00,2026-03-27 12:45:00
1347,P01347,Oster Licuadora clásica presentación familiar,Licuadora de vaso para preparación de alimentos,924.72,43,1,2026-04-07 09:15:00,2026-05-20 10:45:00
1348,P01348,Avery Etiquetas adhesivas paquete individual,Paquete de etiquetas autoadhesivas,127.48,31,1,2026-05-22 16:45:00,2026-06-04 21:15:00
1349,P01349,SanDisk Ultra microSD 128GB paquete individual,Tarjeta microSD de 128 GB,333.26,1,1,2026-07-11 16:45:00,2026-07-25 21:30:00
1350,P01350,Tefal Plancha Ultragliss paquete individual,Plancha de vapor para ropa,1130.42,96,0,2026-08-14 10:30:00,2026-09-20 20:00:00
1351,P01351,Pyrex Recipiente de vidrio 1L,Recipiente de vidrio resistente al calor,210.67,58,0,2026-02-05 12:00:00,2026-02-25 22:30:00
1352,P01352,Logitech Teclado K120 presentación familiar,Teclado alámbrico USB de tamaño completo,363.9,49,1,2026-03-04 19:30:00,2026-04-01 07:45:00
1353,P01353,SanDisk Ultra microSD 128GB paquete con 2 piezas,Tarjeta microSD de 128 GB,323.26,48,1,2026-09-14 15:00:00,2026-09-25 20:15:00
1354,P01354,Amazon Basics Cable HDMI 2m modelo 2026,Cable HDMI de alta velocidad de 2 metros,239.69,95,1,2026-06-16 16:45:00,2026-07-01 20:00:00
1355,P01355,Gillette Mach3 paquete individual,Rastrillo para afeitar con tres hojas,175.57,136,1,2026-02-06 19:00:00,2026-02-06 23:15:00
1356,P01356,Michelin Energy XM2+ color rojo,Neumático para automóvil,1847.17,130,1,2026-01-15 10:15:00,2026-02-13 16:45:00
1357,P01357,Philips Hervidor HD9350 paquete individual,Hervidor eléctrico de acero inoxidable,942.74,14,0,2026-07-17 19:30:00,2026-08-19 03:00:00
1358,P01358,Kingston NV2 1TB edición especial,Unidad SSD NVMe M.2 de 1 TB,1483.91,62,1,2026-06-08 14:15:00,2026-07-06 21:30:00
1359,P01359,Colgate Total 12 paquete con 2 piezas,Pasta dental de protección integral,69.3,118,1,2026-03-19 14:00:00,2026-04-03 01:45:00
1360,P01360,Sterilite Caja organizadora 40L versión estándar,Caja plástica con tapa para almacenamiento,322.37,27,0,2026-03-07 10:45:00,2026-04-18 21:30:00
1361,P01361,Pilot G2 modelo 2026,Bolígrafo de gel de tinta negra,40.84,54,1,2026-03-08 14:45:00,2026-03-19 20:30:00
1362,P01362,Vasconia Cacerola 24cm paquete con 2 piezas,Cacerola de aluminio con tapa,455.57,149,0,2026-04-05 10:45:00,2026-05-11 18:15:00
1363,P01363,HP DeskJet 2875 paquete individual,Impresora multifuncional inalámbrica,1648.29,20,1,2026-09-14 16:15:00,2026-09-30 03:45:00
1364,P01364,Amazon Basics Cable HDMI 2m color azul,Cable HDMI de alta velocidad de 2 metros,219.38,27,0,2026-08-24 08:30:00,2026-08-24 13:30:00
1365,P01365,Adidas Runfalcon 5 presentación familiar,Calzado deportivo para correr,1547.71,3,1,2026-04-10 17:30:00,2026-05-04 22:45:00
1366,P01366,Samsung Monitor T350 24 pulgadas,Monitor Full HD de 24 pulgadas con panel IPS,2594.43,73,1,2026-09-09 09:45:00,2026-10-08 20:00:00
1367,P01367,JBL Go 4 paquete con 2 piezas,Bocina portátil Bluetooth,1164.46,141,1,2026-05-24 16:30:00,2026-06-02 17:15:00
1368,P01368,Rubbermaid Contenedor 10L presentación familiar,Contenedor plástico para almacenamiento,193.86,1,1,2026-05-21 09:15:00,2026-06-03 16:15:00
1369,P01369,TP-Link Archer C6 modelo 2026,Router inalámbrico Gigabit AC1200,948.26,36,1,2026-06-02 13:15:00,2026-06-30 22:30:00
1370,P01370,Kingston DataTraveler Exodia 64GB paquete individual,Memoria USB 3.2 de 64 GB,149.14,146,1,2026-07-15 17:00:00,2026-08-09 00:45:00
1371,P01371,Colgate Total 12 versión estándar,Pasta dental de protección integral,69.84,79,1,2026-04-12 08:00:00,2026-04-18 13:15:00
1372,P01372,Koblenz Aspiradora WD-2 versión estándar,Aspiradora para limpieza doméstica,1754.99,19,1,2026-05-17 14:00:00,2026-05-30 15:30:00
1373,P01373,LG Monitor 24MP400-B,Monitor LED Full HD de 24 pulgadas,2676.03,137,1,2026-04-11 19:00:00,2026-04-13 04:00:00
1374,P01374,Kingston NV2 1TB edición especial,Unidad SSD NVMe M.2 de 1 TB,1497.95,79,1,2026-02-06 13:30:00,2026-03-19 23:45:00
1375,P01375,Logitech Webcam C920s color rojo,Cámara web Full HD con micrófono estéreo,1268.47,131,1,2026-02-01 08:15:00,2026-02-05 17:15:00
1376,P01376,Nike Revolution 7 color negro,Tenis deportivos para entrenamiento,1747.48,69,1,2026-04-30 10:30:00,2026-05-06 22:45:00
1377,P01377,APC Back-UPS 600VA edición especial,Sistema de respaldo de energía de 600 VA,1880.26,31,1,2026-05-09 17:45:00,2026-05-19 00:00:00
1378,P01378,Spalding TF-1000 versión estándar,Balón de basquetbol para interiores,863.84,145,1,2026-07-15 18:00:00,2026-07-18 19:45:00
1379,P01379,Black+Decker Tostador 2 rebanadas modelo 2026,Tostador eléctrico de dos ranuras,487.42,55,1,2026-06-03 11:30:00,2026-07-11 12:15:00
1380,P01380,BIC Bolígrafo Cristal color negro,Bolígrafo de tinta azul,12.67,141,1,2026-02-13 18:15:00,2026-03-04 05:00:00
1381,P01381,Logitech Webcam C920s presentación familiar,Cámara web Full HD con micrófono estéreo,1518.55,20,0,2026-04-05 16:30:00,2026-05-02 21:00:00
1382,P01382,Post-it Notas adhesivas 76x76mm color rojo,Bloc de notas adhesivas amarillas,77.15,60,1,2026-01-10 08:15:00,2026-02-24 09:00:00
1383,P01383,Kong Classic M,Juguete resistente para perros,342.13,126,1,2026-04-16 19:15:00,2026-05-14 05:30:00
1384,P01384,JBL Go 4 edición especial,Bocina portátil Bluetooth,1179.23,54,1,2026-04-13 11:00:00,2026-04-17 17:15:00
1385,P01385,UGREEN Adaptador USB-C color azul,Adaptador USB-C a USB 3.0,269.64,132,0,2026-01-26 13:00:00,2026-03-11 18:00:00
1386,P01386,Scribe Cuaderno profesional color azul,Cuaderno de hojas rayadas,87.2,63,1,2026-09-06 14:00:00,2026-09-22 23:45:00
1387,P01387,Oster Licuadora clásica edición especial,Licuadora de vaso para preparación de alimentos,922.68,112,1,2026-06-13 17:30:00,2026-07-16 01:30:00
1388,P01388,Nivea Crema corporal presentación familiar,Crema hidratante para cuerpo,130.04,27,1,2026-04-28 18:15:00,2026-05-26 03:15:00
1389,P01389,T-fal Juego de sartenes 3 piezas paquete individual,Juego de sartenes antiadherentes,1167.38,54,1,2026-01-01 13:30:00,2026-02-07 15:15:00
1390,P01390,JBL Go 4 modelo 2026,Bocina portátil Bluetooth,1203.6,61,1,2026-07-16 16:15:00,2026-08-17 17:30:00
1391,P01391,HP DeskJet 2875 modelo 2026,Impresora multifuncional inalámbrica,1726.35,94,1,2026-08-09 13:15:00,2026-09-17 01:15:00
1392,P01392,Spalding TF-1000 presentación familiar,Balón de basquetbol para interiores,790.32,114,1,2026-08-07 18:30:00,2026-08-22 02:15:00
1393,P01393,Wilson Pelota de tenis Championship presentación familiar,Pelota de tenis para entrenamiento,120.11,39,1,2026-08-23 15:15:00,2026-09-12 00:30:00
1394,P01394,APC Back-UPS 600VA paquete con 2 piezas,Sistema de respaldo de energía de 600 VA,1569.7,142,1,2026-09-11 08:30:00,2026-10-01 09:00:00
1395,P01395,Tramontina Juego de cuchillos 6 piezas color negro,Set de cuchillos para cocina,869.69,37,0,2026-01-23 10:45:00,2026-02-01 12:00:00
1396,P01396,Sterilite Caja organizadora 40L edición especial,Caja plástica con tapa para almacenamiento,383.51,44,1,2026-07-24 10:15:00,2026-08-20 16:45:00
1397,P01397,Bosch Bujía de encendido color negro,Bujía para motor de gasolina,129.33,3,0,2026-03-16 15:45:00,2026-04-05 21:45:00
1398,P01398,Pedigree Adulto 2kg color azul,Alimento seco para perros adultos,171.32,43,1,2026-09-04 10:30:00,2026-10-18 22:15:00
1399,P01399,Dove Jabón corporal presentación familiar,Jabón corporal de uso diario,54.31,38,1,2026-01-24 14:00:00,2026-02-07 14:15:00
1400,P01400,Tefal Plancha Ultragliss paquete individual,Plancha de vapor para ropa,1272.55,15,0,2026-03-05 15:30:00,2026-04-13 16:30:00
1401,P01401,BIC Bolígrafo Cristal color rojo,Bolígrafo de tinta azul,12.52,138,1,2026-08-23 14:30:00,2026-09-22 01:30:00
1402,P01402,Nike Revolution 7 modelo 2026,Tenis deportivos para entrenamiento,1502.99,89,1,2026-05-06 15:00:00,2026-05-30 15:00:00
1403,P01403,Sharpie Marcador permanente color rojo,Marcador permanente de punta fina,36.79,42,1,2026-01-24 16:15:00,2026-03-06 16:30:00
1404,P01404,Amazon Basics Cable HDMI 2m color negro,Cable HDMI de alta velocidad de 2 metros,238.08,115,1,2026-07-31 08:15:00,2026-08-16 15:45:00
1405,P01405,Logitech Teclado K120 paquete individual,Teclado alámbrico USB de tamaño completo,328.03,139,1,2026-02-22 17:45:00,2026-03-27 05:30:00
1406,P01406,Colgate Total 12,Pasta dental de protección integral,68.32,146,1,2026-03-23 08:30:00,2026-04-11 16:30:00
1407,P01407,Pilot G2 versión estándar,Bolígrafo de gel de tinta negra,41.33,70,1,2026-04-18 15:30:00,2026-05-06 17:30:00
1408,P01408,T-fal Juego de sartenes 3 piezas modelo 2026,Juego de sartenes antiadherentes,1260.11,58,1,2026-02-01 19:45:00,2026-03-15 00:30:00
1409,P01409,Tramontina Juego de cuchillos 6 piezas versión estándar,Set de cuchillos para cocina,734.39,43,1,2026-05-27 15:00:00,2026-06-02 02:00:00
1410,P01410,Gillette Mach3 color negro,Rastrillo para afeitar con tres hojas,201.57,99,1,2026-04-18 15:00:00,2026-04-18 21:00:00
1411,P01411,Pedigree Adulto 2kg presentación familiar,Alimento seco para perros adultos,173.6,76,1,2026-02-18 13:45:00,2026-03-07 02:00:00
1412,P01412,Hamilton Beach Cafetera 12 tazas edición especial,Cafetera programable de 12 tazas,783.54,64,1,2026-01-13 13:30:00,2026-02-24 19:45:00
1413,P01413,Sterilite Caja organizadora 40L,Caja plástica con tapa para almacenamiento,339.67,35,1,2026-03-16 16:15:00,2026-04-13 20:45:00
1414,P01414,Oster Licuadora clásica paquete con 2 piezas,Licuadora de vaso para preparación de alimentos,818.97,70,1,2026-08-10 17:15:00,2026-09-18 19:30:00
1415,P01415,T-fal Juego de sartenes 3 piezas color rojo,Juego de sartenes antiadherentes,1177.53,30,1,2026-05-30 15:45:00,2026-07-14 22:15:00
1416,P01416,Nike Revolution 7 edición especial,Tenis deportivos para entrenamiento,1776.48,77,1,2026-09-09 19:15:00,2026-10-24 05:00:00
1417,P01417,Hamilton Beach Cafetera 12 tazas color azul,Cafetera programable de 12 tazas,886.13,82,1,2026-06-23 16:15:00,2026-07-05 22:15:00
1418,P01418,Logitech Webcam C920s color rojo,Cámara web Full HD con micrófono estéreo,1408.91,65,1,2026-02-24 13:00:00,2026-03-25 19:45:00
1419,P01419,Tramontina Sartén 24cm versión estándar,Sartén antiadherente de 24 centímetros,487.3,83,1,2026-04-18 16:00:00,2026-06-03 01:30:00
1420,P01420,Adidas Runfalcon 5 paquete con 2 piezas,Calzado deportivo para correr,1541.96,120,1,2026-09-01 17:00:00,2026-10-12 05:45:00
1421,P01421,Koblenz Aspiradora WD-2 edición especial,Aspiradora para limpieza doméstica,1730.32,88,1,2026-03-17 19:00:00,2026-03-24 21:00:00
1422,P01422,Spalding TF-1000 modelo 2026,Balón de basquetbol para interiores,722.35,123,1,2026-08-12 14:45:00,2026-09-27 00:45:00
1423,P01423,JBL Go 4 color azul,Bocina portátil Bluetooth,1047.11,7,1,2026-02-20 18:00:00,2026-02-27 06:45:00
1424,P01424,Oster Licuadora clásica color azul,Licuadora de vaso para preparación de alimentos,834.63,15,0,2026-03-31 15:30:00,2026-04-25 18:15:00
1425,P01425,T-fal Juego de sartenes 3 piezas edición especial,Juego de sartenes antiadherentes,1177.51,42,1,2026-02-02 14:00:00,2026-02-05 14:30:00
1426,P01426,Logitech Mouse G203 color rojo,Mouse para gaming con sensor óptico,680.3,116,1,2026-05-21 09:00:00,2026-06-01 14:30:00
1427,P01427,Avery Etiquetas adhesivas paquete con 2 piezas,Paquete de etiquetas autoadhesivas,139.16,102,0,2026-04-09 19:15:00,2026-04-15 03:15:00
1428,P01428,Cinsa Olla de presión 6L,Olla de presión de aluminio de 6 litros,951.61,74,0,2026-03-08 10:00:00,2026-03-28 18:00:00
1429,P01429,Post-it Notas adhesivas 76x76mm modelo 2026,Bloc de notas adhesivas amarillas,67.49,49,1,2026-01-11 11:30:00,2026-01-21 22:15:00
1430,P01430,Michelin Energy XM2+ edición especial,Neumático para automóvil,1994.94,37,1,2026-08-02 11:30:00,2026-09-16 13:30:00
1431,P01431,Kingston NV2 1TB paquete con 2 piezas,Unidad SSD NVMe M.2 de 1 TB,1380.25,147,0,2026-07-05 11:15:00,2026-08-02 20:30:00
1432,P01432,Cinsa Olla de presión 6L paquete individual,Olla de presión de aluminio de 6 litros,921.64,42,0,2026-03-10 09:15:00,2026-03-24 11:45:00
1433,P01433,Pilot G2,Bolígrafo de gel de tinta negra,39.93,38,0,2026-09-01 10:30:00,2026-10-11 10:45:00
1434,P01434,Avery Etiquetas adhesivas edición especial,Paquete de etiquetas autoadhesivas,128.58,49,1,2026-06-01 15:00:00,2026-06-26 15:30:00
1435,P01435,Tefal Plancha Ultragliss presentación familiar,Plancha de vapor para ropa,1117.24,7,1,2026-02-15 17:15:00,2026-03-30 23:15:00
1436,P01436,Kingston NV2 1TB color negro,Unidad SSD NVMe M.2 de 1 TB,1298.88,5,1,2026-02-17 12:15:00,2026-03-19 12:45:00
1437,P01437,Ninja Air Fryer 4L edición especial,Freidora de aire de 4 litros,1893.88,13,0,2026-04-26 15:30:00,2026-05-23 20:45:00
1438,P01438,Staedtler Lápiz Noris HB versión estándar,Lápiz de grafito HB,15.36,89,1,2026-09-01 10:45:00,2026-09-13 15:30:00
1439,P01439,Colgate Total 12 edición especial,Pasta dental de protección integral,73.71,29,1,2026-07-01 08:45:00,2026-07-18 13:45:00
1440,P01440,Gillette Mach3 edición especial,Rastrillo para afeitar con tres hojas,189.85,92,1,2026-02-17 15:15:00,2026-03-05 20:15:00
1441,P01441,Samsung Monitor T350 24 pulgadas paquete con 2 piezas,Monitor Full HD de 24 pulgadas con panel IPS,2484.74,67,1,2026-06-05 18:45:00,2026-06-25 19:30:00
1442,P01442,Philips Hervidor HD9350 versión estándar,Hervidor eléctrico de acero inoxidable,1039.18,109,1,2026-03-08 13:00:00,2026-03-22 19:15:00
1443,P01443,Tramontina Juego de cuchillos 6 piezas color rojo,Set de cuchillos para cocina,764.13,98,0,2026-07-10 16:30:00,2026-07-20 20:45:00
1444,P01444,Tramontina Sartén 24cm color azul,Sartén antiadherente de 24 centímetros,465.75,14,1,2026-04-17 10:45:00,2026-05-29 20:00:00
1445,P01445,LG Monitor 24MP400-B color negro,Monitor LED Full HD de 24 pulgadas,2703.97,65,1,2026-07-20 15:00:00,2026-09-01 21:15:00
1446,P01446,Pedigree Adulto 2kg color azul,Alimento seco para perros adultos,168.22,60,1,2026-09-01 13:00:00,2026-10-10 18:30:00
1447,P01447,Nivea Crema corporal paquete con 2 piezas,Crema hidratante para cuerpo,118.24,126,1,2026-02-20 16:00:00,2026-02-25 21:15:00
1448,P01448,Nivea Crema corporal paquete con 2 piezas,Crema hidratante para cuerpo,113.57,78,0,2026-05-25 11:30:00,2026-07-02 20:45:00
1449,P01449,Vasconia Cacerola 24cm paquete individual,Cacerola de aluminio con tapa,526.71,23,0,2026-08-07 13:30:00,2026-09-19 02:00:00
1450,P01450,Dove Jabón corporal,Jabón corporal de uso diario,46.46,28,1,2026-04-21 09:30:00,2026-05-12 18:15:00
1451,P01451,APC Back-UPS 600VA paquete individual,Sistema de respaldo de energía de 600 VA,1888.51,21,1,2026-06-22 15:15:00,2026-07-12 02:15:00
1452,P01452,Nike Revolution 7 paquete individual,Tenis deportivos para entrenamiento,1649.87,51,1,2026-01-16 11:15:00,2026-01-20 20:15:00
1453,P01453,Amazon Basics Cable HDMI 2m,Cable HDMI de alta velocidad de 2 metros,202.19,106,1,2026-09-05 10:30:00,2026-09-18 20:15:00
1454,P01454,LG Monitor 24MP400-B,Monitor LED Full HD de 24 pulgadas,3104.35,137,1,2026-01-25 15:15:00,2026-02-05 00:15:00
1455,P01455,Nike Revolution 7 paquete con 2 piezas,Tenis deportivos para entrenamiento,1525.11,61,1,2026-03-11 09:45:00,2026-04-14 15:15:00
1456,P01456,Pyrex Recipiente de vidrio 1L paquete con 2 piezas,Recipiente de vidrio resistente al calor,244.92,69,1,2026-07-15 12:30:00,2026-08-07 17:45:00
1457,P01457,SanDisk Ultra microSD 128GB versión estándar,Tarjeta microSD de 128 GB,286.72,28,0,2026-04-15 14:45:00,2026-05-22 01:45:00
1458,P01458,Pyrex Recipiente de vidrio 1L edición especial,Recipiente de vidrio resistente al calor,230.65,147,1,2026-02-15 17:15:00,2026-03-26 20:15:00
1459,P01459,Tefal Plancha Ultragliss paquete con 2 piezas,Plancha de vapor para ropa,1228.05,149,1,2026-09-16 11:30:00,2026-10-06 21:30:00
1460,P01460,Sterilite Caja organizadora 40L versión estándar,Caja plástica con tapa para almacenamiento,377.05,51,1,2026-07-28 11:00:00,2026-09-02 22:15:00
1461,P01461,Tramontina Sartén 24cm paquete individual,Sartén antiadherente de 24 centímetros,471.98,0,1,2026-04-05 16:30:00,2026-04-12 00:45:00
1462,P01462,Avery Etiquetas adhesivas color negro,Paquete de etiquetas autoadhesivas,122.18,107,1,2026-06-11 10:15:00,2026-07-19 22:15:00
1463,P01463,Dove Jabón corporal color azul,Jabón corporal de uso diario,47.89,146,1,2026-01-26 18:00:00,2026-02-05 04:00:00
1464,P01464,Kingston NV2 1TB paquete individual,Unidad SSD NVMe M.2 de 1 TB,1391.57,130,1,2026-05-13 19:00:00,2026-06-27 20:45:00
1465,P01465,Tefal Plancha Ultragliss paquete individual,Plancha de vapor para ropa,1205.83,19,1,2026-04-10 17:45:00,2026-05-17 22:00:00
1466,P01466,Rubbermaid Contenedor 10L color azul,Contenedor plástico para almacenamiento,195.45,51,1,2026-05-23 13:00:00,2026-07-06 01:30:00
1467,P01467,Pilot G2 color negro,Bolígrafo de gel de tinta negra,40.81,118,1,2026-03-12 10:15:00,2026-03-26 19:45:00
1468,P01468,Sterilite Caja organizadora 40L versión estándar,Caja plástica con tapa para almacenamiento,336.81,87,1,2026-07-10 10:45:00,2026-08-24 22:15:00
1469,P01469,Wilson Pelota de tenis Championship paquete individual,Pelota de tenis para entrenamiento,131.0,93,1,2026-08-20 17:00:00,2026-09-16 22:15:00
1470,P01470,Kingston DataTraveler Exodia 64GB paquete individual,Memoria USB 3.2 de 64 GB,151.21,44,0,2026-09-18 13:00:00,2026-10-02 19:15:00
1471,P01471,BIC Bolígrafo Cristal color rojo,Bolígrafo de tinta azul,11.77,81,0,2026-03-19 17:15:00,2026-03-24 20:30:00
1472,P01472,Tefal Plancha Ultragliss color negro,Plancha de vapor para ropa,1120.8,58,0,2026-04-11 10:45:00,2026-05-10 15:45:00
1473,P01473,Rubbermaid Contenedor 10L paquete individual,Contenedor plástico para almacenamiento,192.52,4,1,2026-03-16 12:30:00,2026-04-14 17:00:00
1474,P01474,Puma Essentials Hoodie versión estándar,Sudadera deportiva con capucha,948.44,74,0,2026-04-25 11:15:00,2026-05-28 12:00:00
1475,P01475,T-fal Juego de sartenes 3 piezas color azul,Juego de sartenes antiadherentes,1122.01,40,1,2026-05-29 11:00:00,2026-07-13 21:45:00
1476,P01476,Black+Decker Tostador 2 rebanadas versión estándar,Tostador eléctrico de dos ranuras,539.36,80,1,2026-03-11 09:30:00,2026-04-06 21:15:00
1477,P01477,Pyrex Recipiente de vidrio 1L,Recipiente de vidrio resistente al calor,208.4,24,1,2026-03-12 11:15:00,2026-04-10 17:30:00
1478,P01478,Logitech Mouse G203 modelo 2026,Mouse para gaming con sensor óptico,777.08,8,1,2026-08-03 08:30:00,2026-08-16 19:45:00
1479,P01479,Bosch Bujía de encendido,Bujía para motor de gasolina,139.45,27,1,2026-05-12 11:15:00,2026-05-18 16:45:00
1480,P01480,Oster Licuadora clásica versión estándar,Licuadora de vaso para preparación de alimentos,933.31,55,1,2026-07-21 19:15:00,2026-08-24 20:45:00
1481,P01481,Dove Jabón corporal,Jabón corporal de uso diario,47.8,58,1,2026-06-28 10:15:00,2026-07-23 14:45:00
1482,P01482,Black+Decker Tostador 2 rebanadas color azul,Tostador eléctrico de dos ranuras,516.77,142,1,2026-09-07 14:00:00,2026-10-17 17:30:00
1483,P01483,Oster Licuadora clásica modelo 2026,Licuadora de vaso para preparación de alimentos,978.34,124,1,2026-01-02 15:15:00,2026-01-08 20:15:00
1484,P01484,Castrol GTX 5W-30 1L color azul,Aceite para motor de automóvil,177.1,121,1,2026-04-29 19:30:00,2026-06-01 03:00:00
1485,P01485,Cinsa Olla de presión 6L color negro,Olla de presión de aluminio de 6 litros,1099.92,53,1,2026-05-15 11:15:00,2026-06-29 22:15:00
1486,P01486,Bosch Bujía de encendido color azul,Bujía para motor de gasolina,130.07,34,1,2026-06-17 15:15:00,2026-07-13 18:30:00
1487,P01487,Cinsa Olla de presión 6L,Olla de presión de aluminio de 6 litros,905.34,65,1,2026-04-16 15:00:00,2026-04-19 16:15:00
1488,P01488,Kingston DataTraveler Exodia 64GB,Memoria USB 3.2 de 64 GB,148.97,6,0,2026-01-15 11:15:00,2026-02-12 20:15:00
1489,P01489,Ninja Air Fryer 4L color rojo,Freidora de aire de 4 litros,1805.89,27,1,2026-07-09 19:15:00,2026-07-26 04:15:00
1490,P01490,Logitech Webcam C920s color rojo,Cámara web Full HD con micrófono estéreo,1494.13,115,0,2026-03-22 18:30:00,2026-04-02 03:15:00
1491,P01491,Scotch-Brite Esponjas multiusos versión estándar,Paquete de esponjas para limpieza doméstica,93.86,39,1,2026-06-21 14:30:00,2026-06-26 19:00:00
1492,P01492,Philips Hervidor HD9350 presentación familiar,Hervidor eléctrico de acero inoxidable,1086.02,121,0,2026-01-18 12:00:00,2026-02-12 15:30:00
1493,P01493,Hamilton Beach Cafetera 12 tazas color rojo,Cafetera programable de 12 tazas,880.47,106,1,2026-03-13 14:15:00,2026-04-08 20:00:00
1494,P01494,Pyrex Recipiente de vidrio 1L,Recipiente de vidrio resistente al calor,249.19,24,0,2026-09-02 16:15:00,2026-10-05 02:00:00
1495,P01495,Logitech Mouse G203 color negro,Mouse para gaming con sensor óptico,659.55,6,1,2026-06-17 12:15:00,2026-07-20 00:15:00
1496,P01496,BIC Bolígrafo Cristal color negro,Bolígrafo de tinta azul,11.46,110,1,2026-08-13 14:15:00,2026-09-20 02:30:00
1497,P01497,JBL Go 4 presentación familiar,Bocina portátil Bluetooth,1208.43,95,1,2026-02-22 11:45:00,2026-03-06 00:00:00
1498,P01498,Logitech Mouse M185 color negro,Mouse inalámbrico compacto con receptor USB,356.32,61,1,2026-02-26 08:30:00,2026-03-01 15:00:00
1499,P01499,TP-Link Archer C6 color rojo,Router inalámbrico Gigabit AC1200,925.48,69,0,2026-07-18 11:30:00,2026-09-01 23:00:00
1500,P01500,Logitech Mouse G203 versión estándar,Mouse para gaming con sensor óptico,777.04,141,0,2026-03-02 12:15:00,2026-04-14 13:00:00
1501,P01501,Adidas Runfalcon 5 versión estándar,Calzado deportivo para correr,1351.77,107,1,2026-05-12 14:00:00,2026-06-24 01:45:00
1502,P01502,Logitech Mouse M185 color negro,Mouse inalámbrico compacto con receptor USB,348.28,7,1,2026-04-12 19:30:00,2026-05-25 04:00:00
1503,P01503,SanDisk Ultra microSD 128GB color rojo,Tarjeta microSD de 128 GB,291.35,93,1,2026-05-28 17:15:00,2026-06-17 05:15:00
1504,P01504,Michelin Energy XM2+ color rojo,Neumático para automóvil,1951.31,126,1,2026-09-05 16:45:00,2026-09-13 19:45:00
1505,P01505,Gillette Mach3 color rojo,Rastrillo para afeitar con tres hojas,187.61,94,1,2026-02-10 13:45:00,2026-03-20 18:15:00
1506,P01506,Pedigree Adulto 2kg edición especial,Alimento seco para perros adultos,170.15,46,1,2026-04-23 16:30:00,2026-05-30 03:00:00
1507,P01507,Tramontina Sartén 24cm paquete con 2 piezas,Sartén antiadherente de 24 centímetros,544.21,137,1,2026-07-24 19:45:00,2026-08-13 00:15:00
1508,P01508,JBL Go 4 paquete individual,Bocina portátil Bluetooth,1122.04,121,0,2026-07-06 11:15:00,2026-07-30 13:15:00
1509,P01509,Oster Licuadora clásica modelo 2026,Licuadora de vaso para preparación de alimentos,831.09,61,1,2026-01-01 13:45:00,2026-02-04 14:45:00
1510,P01510,Tramontina Sartén 24cm color azul,Sartén antiadherente de 24 centímetros,459.1,14,1,2026-03-02 12:30:00,2026-03-19 15:30:00
1511,P01511,Sterilite Caja organizadora 40L color negro,Caja plástica con tapa para almacenamiento,366.41,36,1,2026-03-03 15:00:00,2026-03-10 00:30:00
1512,P01512,Scotch-Brite Esponjas multiusos paquete individual,Paquete de esponjas para limpieza doméstica,93.55,114,1,2026-03-16 14:00:00,2026-04-11 22:00:00
1513,P01513,Amazon Basics Cable HDMI 2m edición especial,Cable HDMI de alta velocidad de 2 metros,197.72,1,1,2026-06-18 14:30:00,2026-07-10 20:45:00
1514,P01514,UGREEN Adaptador USB-C edición especial,Adaptador USB-C a USB 3.0,277.17,3,1,2026-04-07 16:15:00,2026-04-16 18:00:00
1515,P01515,BIC Bolígrafo Cristal paquete con 2 piezas,Bolígrafo de tinta azul,12.04,118,1,2026-07-22 17:45:00,2026-07-24 02:15:00
1516,P01516,Cinsa Olla de presión 6L versión estándar,Olla de presión de aluminio de 6 litros,993.34,144,1,2026-06-24 17:15:00,2026-07-26 21:45:00
1517,P01517,Amazon Basics Cable HDMI 2m color azul,Cable HDMI de alta velocidad de 2 metros,211.52,12,1,2026-03-18 14:30:00,2026-03-18 20:30:00
1518,P01518,Post-it Notas adhesivas 76x76mm paquete con 2 piezas,Bloc de notas adhesivas amarillas,65.26,84,0,2026-07-13 12:45:00,2026-08-06 15:30:00
1519,P01519,Pyrex Recipiente de vidrio 1L versión estándar,Recipiente de vidrio resistente al calor,223.41,119,1,2026-07-23 15:00:00,2026-08-25 17:45:00
1520,P01520,Scribe Cuaderno profesional edición especial,Cuaderno de hojas rayadas,88.51,32,1,2026-09-03 19:00:00,2026-09-07 04:45:00
1521,P01521,T-fal Juego de sartenes 3 piezas color rojo,Juego de sartenes antiadherentes,1131.35,30,1,2026-05-16 11:00:00,2026-06-14 14:30:00
1522,P01522,Bosch Bujía de encendido,Bujía para motor de gasolina,116.8,79,0,2026-03-21 12:15:00,2026-03-21 15:15:00
1523,P01523,Rubbermaid Contenedor 10L edición especial,Contenedor plástico para almacenamiento,193.49,90,1,2026-05-11 18:00:00,2026-06-16 03:30:00
1524,P01524,Cinsa Olla de presión 6L,Olla de presión de aluminio de 6 litros,987.93,34,1,2026-04-20 18:15:00,2026-04-28 21:00:00
1525,P01525,Philips Hervidor HD9350,Hervidor eléctrico de acero inoxidable,1103.9,35,0,2026-09-14 09:30:00,2026-10-03 21:15:00
1526,P01526,Logitech Mouse M185 versión estándar,Mouse inalámbrico compacto con receptor USB,387.85,142,1,2026-07-16 11:00:00,2026-08-13 20:30:00
1527,P01527,T-fal Juego de sartenes 3 piezas paquete con 2 piezas,Juego de sartenes antiadherentes,1272.64,22,0,2026-02-25 16:30:00,2026-03-01 03:00:00
1528,P01528,Amazon Basics Cable HDMI 2m paquete con 2 piezas,Cable HDMI de alta velocidad de 2 metros,199.54,81,1,2026-06-22 11:45:00,2026-06-28 17:45:00
1529,P01529,HP DeskJet 2875 paquete con 2 piezas,Impresora multifuncional inalámbrica,1797.63,143,1,2026-03-10 14:00:00,2026-04-19 14:00:00
1530,P01530,Sterilite Caja organizadora 40L paquete individual,Caja plástica con tapa para almacenamiento,347.97,113,1,2026-02-05 08:00:00,2026-03-08 16:15:00
1531,P01531,Amazon Basics Cable HDMI 2m modelo 2026,Cable HDMI de alta velocidad de 2 metros,222.63,94,0,2026-02-01 08:45:00,2026-03-18 11:15:00
1532,P01532,BIC Bolígrafo Cristal edición especial,Bolígrafo de tinta azul,12.4,7,1,2026-06-10 09:30:00,2026-06-15 12:00:00
1533,P01533,Nivea Crema corporal versión estándar,Crema hidratante para cuerpo,123.78,118,1,2026-08-07 12:00:00,2026-08-30 00:00:00
1534,P01534,BIC Bolígrafo Cristal edición especial,Bolígrafo de tinta azul,11.35,21,0,2026-07-03 12:45:00,2026-07-25 22:00:00
1535,P01535,Amazon Basics Cable HDMI 2m edición especial,Cable HDMI de alta velocidad de 2 metros,197.52,31,1,2026-01-15 12:15:00,2026-02-19 16:45:00
1536,P01536,Everlast Guantes de boxeo 12 oz modelo 2026,Guantes de boxeo para entrenamiento,681.47,1,1,2026-01-31 12:45:00,2026-03-05 16:30:00
1537,P01537,Kingston Fury Beast 8GB paquete con 2 piezas,Memoria RAM DDR4 de 8 GB,468.53,147,1,2026-07-30 14:15:00,2026-08-04 02:45:00
1538,P01538,Rubbermaid Contenedor 10L presentación familiar,Contenedor plástico para almacenamiento,207.57,109,1,2026-02-19 10:30:00,2026-02-25 13:45:00
1539,P01539,Everlast Guantes de boxeo 12 oz color rojo,Guantes de boxeo para entrenamiento,777.32,121,1,2026-03-02 08:00:00,2026-04-11 09:00:00
1540,P01540,HP DeskJet 2875 paquete con 2 piezas,Impresora multifuncional inalámbrica,1730.86,80,1,2026-03-17 12:15:00,2026-04-02 16:00:00
1541,P01541,Logitech Mouse M185 modelo 2026,Mouse inalámbrico compacto con receptor USB,355.5,43,0,2026-09-11 13:00:00,2026-10-19 20:15:00
1542,P01542,BIC Bolígrafo Cristal color azul,Bolígrafo de tinta azul,12.12,123,1,2026-08-30 08:15:00,2026-09-19 21:00:00
1543,P01543,Bosch Bujía de encendido color azul,Bujía para motor de gasolina,126.36,75,0,2026-07-01 19:00:00,2026-07-02 03:30:00
1544,P01544,UGREEN Adaptador USB-C color rojo,Adaptador USB-C a USB 3.0,250.82,106,1,2026-07-09 12:45:00,2026-07-31 21:45:00
1545,P01545,SanDisk Ultra microSD 128GB paquete individual,Tarjeta microSD de 128 GB,302.6,102,1,2026-03-02 19:00:00,2026-03-03 23:00:00
1546,P01546,Post-it Notas adhesivas 76x76mm paquete con 2 piezas,Bloc de notas adhesivas amarillas,69.51,60,1,2026-05-21 19:00:00,2026-05-23 02:15:00
1547,P01547,Avery Etiquetas adhesivas versión estándar,Paquete de etiquetas autoadhesivas,121.33,77,0,2026-02-27 12:00:00,2026-03-17 16:30:00
1548,P01548,UGREEN Adaptador USB-C modelo 2026,Adaptador USB-C a USB 3.0,248.75,31,1,2026-03-03 14:00:00,2026-03-20 14:00:00
1549,P01549,JBL Go 4,Bocina portátil Bluetooth,1156.11,46,0,2026-08-31 15:45:00,2026-10-15 02:15:00
1550,P01550,Oster Licuadora clásica versión estándar,Licuadora de vaso para preparación de alimentos,952.96,114,1,2026-09-14 13:15:00,2026-10-29 17:45:00
1551,P01551,Scotch-Brite Esponjas multiusos color negro,Paquete de esponjas para limpieza doméstica,80.38,61,0,2026-04-28 13:30:00,2026-05-08 13:30:00
1552,P01552,Nivea Crema corporal versión estándar,Crema hidratante para cuerpo,119.39,95,0,2026-03-10 18:45:00,2026-03-28 05:15:00
1553,P01553,Everlast Guantes de boxeo 12 oz presentación familiar,Guantes de boxeo para entrenamiento,630.02,39,1,2026-05-16 13:00:00,2026-06-30 01:15:00
1554,P01554,BIC Bolígrafo Cristal,Bolígrafo de tinta azul,10.83,112,1,2026-08-27 10:45:00,2026-09-29 21:30:00
1555,P01555,Bosch Bujía de encendido color azul,Bujía para motor de gasolina,133.14,67,1,2026-08-02 08:00:00,2026-08-05 09:00:00
1556,P01556,BIC Bolígrafo Cristal color azul,Bolígrafo de tinta azul,12.19,93,1,2026-04-24 15:15:00,2026-06-04 20:30:00
1557,P01557,Whiskas Adulto 1.5kg color negro,Alimento seco para gatos adultos,158.65,134,1,2026-05-21 14:15:00,2026-06-03 17:15:00
1558,P01558,Whiskas Adulto 1.5kg color negro,Alimento seco para gatos adultos,146.08,41,0,2026-08-15 16:30:00,2026-09-19 00:15:00
1559,P01559,Logitech Mouse G203 paquete individual,Mouse para gaming con sensor óptico,763.43,29,1,2026-01-09 09:15:00,2026-01-20 12:45:00
1560,P01560,Castrol GTX 5W-30 1L color azul,Aceite para motor de automóvil,153.67,144,1,2026-07-26 10:30:00,2026-09-08 13:45:00
1561,P01561,Hamilton Beach Cafetera 12 tazas color azul,Cafetera programable de 12 tazas,815.1,53,1,2026-08-18 12:00:00,2026-09-16 21:30:00
1562,P01562,Pedigree Adulto 2kg edición especial,Alimento seco para perros adultos,169.69,41,1,2026-08-10 17:15:00,2026-09-20 20:30:00
1563,P01563,SanDisk Ultra microSD 128GB color rojo,Tarjeta microSD de 128 GB,273.52,96,1,2026-08-20 09:45:00,2026-09-09 11:30:00
1564,P01564,Michelin Energy XM2+ paquete con 2 piezas,Neumático para automóvil,1768.18,118,1,2026-01-23 15:30:00,2026-03-06 01:15:00
1565,P01565,Bosch Bujía de encendido color rojo,Bujía para motor de gasolina,119.48,106,1,2026-08-18 11:45:00,2026-09-17 17:00:00
1566,P01566,Whiskas Adulto 1.5kg paquete con 2 piezas,Alimento seco para gatos adultos,161.43,93,0,2026-06-05 11:30:00,2026-06-11 22:45:00
1567,P01567,Pedigree Adulto 2kg color negro,Alimento seco para perros adultos,162.82,4,1,2026-07-27 13:45:00,2026-08-14 19:30:00
1568,P01568,Tefal Plancha Ultragliss paquete individual,Plancha de vapor para ropa,1291.33,12,1,2026-05-16 13:45:00,2026-06-17 01:30:00
1569,P01569,Vasconia Cacerola 24cm versión estándar,Cacerola de aluminio con tapa,514.87,85,1,2026-07-10 17:30:00,2026-08-05 03:00:00
1570,P01570,Black+Decker Tostador 2 rebanadas edición especial,Tostador eléctrico de dos ranuras,505.85,125,1,2026-05-27 18:45:00,2026-06-13 06:45:00
1571,P01571,Pedigree Adulto 2kg color rojo,Alimento seco para perros adultos,148.82,21,1,2026-06-13 12:45:00,2026-06-23 19:30:00
1572,P01572,Kong Classic M paquete individual,Juguete resistente para perros,340.35,130,1,2026-01-31 11:30:00,2026-03-06 17:15:00
1573,P01573,Pilot G2 color azul,Bolígrafo de gel de tinta negra,37.04,126,1,2026-08-14 15:15:00,2026-09-20 18:15:00
1574,P01574,Everlast Guantes de boxeo 12 oz,Guantes de boxeo para entrenamiento,751.8,142,1,2026-05-19 16:45:00,2026-06-20 22:15:00
1575,P01575,Pedigree Adulto 2kg edición especial,Alimento seco para perros adultos,162.95,90,0,2026-09-07 18:00:00,2026-09-18 04:45:00
1576,P01576,HP DeskJet 2875,Impresora multifuncional inalámbrica,1944.44,10,1,2026-09-18 14:15:00,2026-10-26 00:30:00
1577,P01577,Scribe Cuaderno profesional edición especial,Cuaderno de hojas rayadas,84.38,76,1,2026-08-31 15:00:00,2026-09-04 22:45:00
1578,P01578,Nike Revolution 7 versión estándar,Tenis deportivos para entrenamiento,1703.25,26,1,2026-02-07 14:00:00,2026-03-20 15:15:00
1579,P01579,Amazon Basics Cable HDMI 2m,Cable HDMI de alta velocidad de 2 metros,221.84,103,1,2026-08-18 13:15:00,2026-08-23 17:45:00
1580,P01580,Post-it Notas adhesivas 76x76mm modelo 2026,Bloc de notas adhesivas amarillas,71.15,38,1,2026-04-18 09:15:00,2026-04-28 14:30:00
1581,P01581,Kingston DataTraveler Exodia 64GB color azul,Memoria USB 3.2 de 64 GB,129.04,40,1,2026-08-25 09:00:00,2026-08-28 09:15:00
1582,P01582,Scribe Cuaderno profesional,Cuaderno de hojas rayadas,83.93,131,1,2026-05-17 19:45:00,2026-06-21 08:00:00
1583,P01583,Sharpie Marcador permanente modelo 2026,Marcador permanente de punta fina,32.11,105,0,2026-06-21 08:45:00,2026-07-11 10:45:00
1584,P01584,Whiskas Adulto 1.5kg edición especial,Alimento seco para gatos adultos,143.44,50,1,2026-09-09 13:15:00,2026-10-02 18:15:00
1585,P01585,Kingston NV2 1TB color rojo,Unidad SSD NVMe M.2 de 1 TB,1505.31,148,1,2026-04-25 17:45:00,2026-06-08 01:15:00
1586,P01586,Kingston Fury Beast 8GB modelo 2026,Memoria RAM DDR4 de 8 GB,479.8,37,1,2026-05-14 17:45:00,2026-05-20 21:00:00
1587,P01587,Logitech Webcam C920s versión estándar,Cámara web Full HD con micrófono estéreo,1407.19,127,1,2026-03-21 14:15:00,2026-04-17 23:30:00
1588,P01588,Oster Licuadora clásica,Licuadora de vaso para preparación de alimentos,1000.53,73,0,2026-05-22 14:45:00,2026-06-14 14:45:00
1589,P01589,TP-Link Archer C6 presentación familiar,Router inalámbrico Gigabit AC1200,1095.56,36,0,2026-08-01 16:30:00,2026-09-10 03:45:00
1590,P01590,Rubbermaid Contenedor 10L color negro,Contenedor plástico para almacenamiento,199.49,79,1,2026-06-30 13:30:00,2026-07-25 01:45:00
1591,P01591,Oster Licuadora clásica color negro,Licuadora de vaso para preparación de alimentos,816.59,99,1,2026-03-09 13:00:00,2026-04-08 21:15:00
1592,P01592,Michelin Energy XM2+ paquete con 2 piezas,Neumático para automóvil,1870.32,28,1,2026-07-06 18:45:00,2026-07-06 22:00:00
1593,P01593,Logitech Mouse M185 edición especial,Mouse inalámbrico compacto con receptor USB,375.56,10,1,2026-05-12 17:45:00,2026-06-23 22:00:00
1594,P01594,Pyrex Recipiente de vidrio 1L color negro,Recipiente de vidrio resistente al calor,240.82,72,1,2026-06-23 11:15:00,2026-07-12 22:15:00
1595,P01595,Sterilite Caja organizadora 40L color negro,Caja plástica con tapa para almacenamiento,356.68,26,1,2026-04-22 19:30:00,2026-05-08 02:15:00
1596,P01596,Ninja Air Fryer 4L paquete individual,Freidora de aire de 4 litros,1920.21,72,1,2026-07-30 19:00:00,2026-08-08 20:30:00
1597,P01597,JBL Tune 510BT paquete individual,Audífonos inalámbricos Bluetooth,815.37,119,1,2026-03-28 14:15:00,2026-04-22 14:30:00
1598,P01598,Tramontina Sartén 24cm paquete con 2 piezas,Sartén antiadherente de 24 centímetros,539.63,42,0,2026-05-31 08:00:00,2026-06-18 14:30:00
1599,P01599,Colgate Total 12 edición especial,Pasta dental de protección integral,66.74,58,1,2026-04-22 16:00:00,2026-04-27 18:45:00
1600,P01600,Pedigree Adulto 2kg paquete con 2 piezas,Alimento seco para perros adultos,150.77,54,1,2026-08-07 09:00:00,2026-09-04 18:45:00
1601,P01601,Wilson Pelota de tenis Championship color negro,Pelota de tenis para entrenamiento,127.67,53,1,2026-07-28 14:30:00,2026-09-07 17:30:00
1602,P01602,Adidas Runfalcon 5 modelo 2026,Calzado deportivo para correr,1332.88,69,1,2026-08-30 14:45:00,2026-10-11 19:30:00
1603,P01603,Sharpie Marcador permanente edición especial,Marcador permanente de punta fina,38.72,70,0,2026-07-12 08:45:00,2026-07-27 16:15:00
1604,P01604,Vasconia Cacerola 24cm paquete individual,Cacerola de aluminio con tapa,465.39,55,0,2026-09-04 16:30:00,2026-10-15 23:30:00
1605,P01605,Adidas Runfalcon 5 paquete con 2 piezas,Calzado deportivo para correr,1494.95,13,1,2026-04-10 11:00:00,2026-04-27 13:00:00
1606,P01606,Michelin Energy XM2+,Neumático para automóvil,1982.12,37,1,2026-08-22 16:00:00,2026-09-08 02:15:00
1607,P01607,Sterilite Caja organizadora 40L color azul,Caja plástica con tapa para almacenamiento,363.8,143,1,2026-03-02 11:15:00,2026-03-22 12:00:00
1608,P01608,Cinsa Olla de presión 6L color azul,Olla de presión de aluminio de 6 litros,899.51,129,1,2026-04-03 11:15:00,2026-05-02 23:30:00
1609,P01609,SanDisk Ultra microSD 128GB color negro,Tarjeta microSD de 128 GB,298.27,38,0,2026-09-05 09:00:00,2026-09-26 13:30:00
1610,P01610,Castrol GTX 5W-30 1L,Aceite para motor de automóvil,168.66,20,1,2026-03-07 12:45:00,2026-04-16 21:30:00
1611,P01611,Logitech Webcam C920s versión estándar,Cámara web Full HD con micrófono estéreo,1370.04,128,1,2026-04-27 17:45:00,2026-05-04 03:00:00
1612,P01612,Rubbermaid Contenedor 10L,Contenedor plástico para almacenamiento,208.82,88,1,2026-03-06 11:30:00,2026-04-04 18:45:00
1613,P01613,Pedigree Adulto 2kg paquete individual,Alimento seco para perros adultos,165.26,49,1,2026-01-05 17:30:00,2026-02-15 18:15:00
1614,P01614,Rubbermaid Contenedor 10L paquete con 2 piezas,Contenedor plástico para almacenamiento,211.87,124,1,2026-08-20 16:00:00,2026-08-25 23:15:00
1615,P01615,Amazon Basics Cable HDMI 2m color negro,Cable HDMI de alta velocidad de 2 metros,197.42,148,1,2026-08-27 10:00:00,2026-09-30 13:15:00
1616,P01616,Logitech Teclado K120 color rojo,Teclado alámbrico USB de tamaño completo,341.54,27,1,2026-03-14 17:15:00,2026-04-20 04:30:00
1617,P01617,Rubbermaid Contenedor 10L color rojo,Contenedor plástico para almacenamiento,202.35,116,1,2026-06-14 14:45:00,2026-07-19 23:15:00
1618,P01618,HP DeskJet 2875 edición especial,Impresora multifuncional inalámbrica,1652.04,113,1,2026-01-08 15:45:00,2026-01-19 21:15:00
1619,P01619,Pyrex Recipiente de vidrio 1L color rojo,Recipiente de vidrio resistente al calor,249.61,6,1,2026-05-18 17:30:00,2026-06-22 05:45:00
1620,P01620,Castrol GTX 5W-30 1L edición especial,Aceite para motor de automóvil,144.43,18,0,2026-05-05 18:45:00,2026-06-11 06:45:00
1621,P01621,Kong Classic M paquete individual,Juguete resistente para perros,373.56,36,1,2026-01-30 10:15:00,2026-02-21 11:30:00
1622,P01622,UGREEN Adaptador USB-C versión estándar,Adaptador USB-C a USB 3.0,252.73,103,1,2026-02-06 15:30:00,2026-02-19 17:15:00
1623,P01623,Black+Decker Tostador 2 rebanadas paquete individual,Tostador eléctrico de dos ranuras,528.35,41,1,2026-04-10 14:30:00,2026-04-22 18:45:00
1624,P01624,Black+Decker Tostador 2 rebanadas versión estándar,Tostador eléctrico de dos ranuras,533.32,2,1,2026-07-21 10:15:00,2026-09-03 18:45:00
1625,P01625,Samsung Monitor T350 24 pulgadas modelo 2026,Monitor Full HD de 24 pulgadas con panel IPS,2950.84,23,0,2026-07-02 16:30:00,2026-08-15 21:00:00
1626,P01626,Logitech Mouse G203 paquete con 2 piezas,Mouse para gaming con sensor óptico,730.2,85,1,2026-08-10 11:45:00,2026-08-20 00:00:00
1627,P01627,Whiskas Adulto 1.5kg paquete con 2 piezas,Alimento seco para gatos adultos,159.98,146,1,2026-02-17 12:15:00,2026-03-22 01:00:00
1628,P01628,Puma Essentials Hoodie edición especial,Sudadera deportiva con capucha,911.87,26,1,2026-02-24 17:30:00,2026-04-06 21:00:00
1629,P01629,Kingston DataTraveler Exodia 64GB versión estándar,Memoria USB 3.2 de 64 GB,142.34,39,1,2026-03-04 08:00:00,2026-03-05 20:00:00
1630,P01630,Kingston DataTraveler Exodia 64GB presentación familiar,Memoria USB 3.2 de 64 GB,140.33,137,1,2026-05-13 18:00:00,2026-06-18 22:30:00
1631,P01631,Kingston Fury Beast 8GB,Memoria RAM DDR4 de 8 GB,543.62,130,1,2026-05-11 13:45:00,2026-06-12 23:15:00
1632,P01632,Black+Decker Tostador 2 rebanadas color rojo,Tostador eléctrico de dos ranuras,525.33,123,0,2026-08-16 14:15:00,2026-08-30 00:45:00
1633,P01633,Tramontina Juego de cuchillos 6 piezas versión estándar,Set de cuchillos para cocina,881.05,65,1,2026-07-28 10:45:00,2026-08-19 23:30:00
1634,P01634,Bosch Bujía de encendido color negro,Bujía para motor de gasolina,141.07,39,0,2026-07-29 11:15:00,2026-08-05 20:00:00
1635,P01635,Avery Etiquetas adhesivas,Paquete de etiquetas autoadhesivas,142.45,140,0,2026-06-21 12:15:00,2026-07-04 17:45:00
1636,P01636,Pedigree Adulto 2kg versión estándar,Alimento seco para perros adultos,150.97,64,1,2026-08-15 11:00:00,2026-09-08 13:15:00
1637,P01637,Koblenz Aspiradora WD-2 edición especial,Aspiradora para limpieza doméstica,1595.15,80,1,2026-03-06 15:30:00,2026-03-18 04:00:00
1638,P01638,Nivea Crema corporal presentación familiar,Crema hidratante para cuerpo,117.87,138,1,2026-02-13 15:30:00,2026-03-20 03:45:00
1639,P01639,Oster Licuadora clásica modelo 2026,Licuadora de vaso para preparación de alimentos,941.78,53,1,2026-02-22 13:45:00,2026-04-02 23:45:00
1640,P01640,Vasconia Cacerola 24cm color rojo,Cacerola de aluminio con tapa,505.8,22,1,2026-07-04 12:30:00,2026-07-22 16:00:00
1641,P01641,Oster Licuadora clásica,Licuadora de vaso para preparación de alimentos,899.48,65,1,2026-03-16 16:30:00,2026-03-29 04:45:00
1642,P01642,Gillette Mach3 versión estándar,Rastrillo para afeitar con tres hojas,184.66,107,1,2026-07-28 19:15:00,2026-08-30 23:15:00
1643,P01643,Ninja Air Fryer 4L paquete individual,Freidora de aire de 4 litros,1951.49,1,0,2026-01-23 12:00:00,2026-01-23 16:15:00
1644,P01644,Logitech Webcam C920s versión estándar,Cámara web Full HD con micrófono estéreo,1408.53,26,1,2026-03-17 16:00:00,2026-04-22 17:45:00
1645,P01645,Vasconia Cacerola 24cm presentación familiar,Cacerola de aluminio con tapa,453.04,14,1,2026-04-19 11:15:00,2026-04-19 18:00:00
1646,P01646,Castrol GTX 5W-30 1L modelo 2026,Aceite para motor de automóvil,152.67,65,1,2026-08-07 17:00:00,2026-08-15 01:30:00
1647,P01647,Kingston Fury Beast 8GB paquete con 2 piezas,Memoria RAM DDR4 de 8 GB,509.69,81,1,2026-02-27 14:15:00,2026-03-28 17:30:00
1648,P01648,Dove Jabón corporal presentación familiar,Jabón corporal de uso diario,52.04,34,1,2026-03-24 08:00:00,2026-05-05 15:00:00
1649,P01649,Nivea Crema corporal,Crema hidratante para cuerpo,109.0,122,1,2026-08-07 08:45:00,2026-08-07 19:00:00
1650,P01650,Logitech Mouse M185 presentación familiar,Mouse inalámbrico compacto con receptor USB,379.23,123,1,2026-04-06 16:45:00,2026-05-02 20:00:00
1651,P01651,Logitech Webcam C920s paquete con 2 piezas,Cámara web Full HD con micrófono estéreo,1429.71,70,0,2026-08-25 14:00:00,2026-09-24 20:30:00
1652,P01652,Ninja Air Fryer 4L presentación familiar,Freidora de aire de 4 litros,1828.87,6,1,2026-03-29 08:45:00,2026-04-22 12:00:00
1653,P01653,Philips Hervidor HD9350 color rojo,Hervidor eléctrico de acero inoxidable,1074.12,1,1,2026-08-20 14:15:00,2026-09-14 02:45:00
1654,P01654,Sterilite Caja organizadora 40L color azul,Caja plástica con tapa para almacenamiento,321.39,89,0,2026-01-15 10:15:00,2026-02-10 13:45:00
1655,P01655,Spalding TF-1000 edición especial,Balón de basquetbol para interiores,832.48,6,1,2026-08-31 15:45:00,2026-08-31 17:00:00
1656,P01656,Sterilite Caja organizadora 40L modelo 2026,Caja plástica con tapa para almacenamiento,325.97,4,0,2026-08-14 12:15:00,2026-09-19 20:15:00
1657,P01657,Puma Essentials Hoodie modelo 2026,Sudadera deportiva con capucha,939.28,64,1,2026-01-18 13:00:00,2026-02-12 14:00:00
1658,P01658,T-fal Juego de sartenes 3 piezas color azul,Juego de sartenes antiadherentes,1266.23,46,1,2026-03-13 15:45:00,2026-03-15 02:45:00
1659,P01659,Oster Licuadora clásica color negro,Licuadora de vaso para preparación de alimentos,959.22,29,1,2026-05-28 08:45:00,2026-07-12 17:15:00
1660,P01660,Logitech Teclado K120 edición especial,Teclado alámbrico USB de tamaño completo,322.66,81,1,2026-03-13 12:00:00,2026-03-27 18:45:00
1661,P01661,Logitech Webcam C920s paquete individual,Cámara web Full HD con micrófono estéreo,1407.7,73,1,2026-02-09 10:30:00,2026-03-05 17:45:00
1662,P01662,Scribe Cuaderno profesional,Cuaderno de hojas rayadas,89.35,116,0,2026-02-11 09:15:00,2026-03-08 12:30:00
1663,P01663,HP DeskJet 2875 paquete con 2 piezas,Impresora multifuncional inalámbrica,1915.15,26,1,2026-07-15 11:15:00,2026-08-11 15:45:00
1664,P01664,Pyrex Recipiente de vidrio 1L versión estándar,Recipiente de vidrio resistente al calor,233.11,43,1,2026-04-11 08:30:00,2026-05-02 17:00:00
1665,P01665,Logitech Teclado K120 edición especial,Teclado alámbrico USB de tamaño completo,302.49,21,1,2026-01-14 15:15:00,2026-01-24 02:00:00
1666,P01666,Wilson Pelota de tenis Championship modelo 2026,Pelota de tenis para entrenamiento,139.31,38,1,2026-06-28 16:15:00,2026-06-30 20:15:00
1667,P01667,Oster Licuadora clásica paquete individual,Licuadora de vaso para preparación de alimentos,841.27,133,1,2026-02-03 18:30:00,2026-03-03 07:00:00
1668,P01668,Ninja Air Fryer 4L color azul,Freidora de aire de 4 litros,2125.17,123,1,2026-07-14 13:45:00,2026-07-27 14:15:00
1669,P01669,Michelin Energy XM2+ edición especial,Neumático para automóvil,1880.18,149,1,2026-05-26 15:00:00,2026-06-07 03:00:00
1670,P01670,Puma Essentials Hoodie color azul,Sudadera deportiva con capucha,1014.0,9,1,2026-08-02 18:15:00,2026-09-06 05:30:00
1671,P01671,JBL Tune 510BT,Audífonos inalámbricos Bluetooth,885.57,77,1,2026-03-25 12:45:00,2026-04-29 00:00:00
1672,P01672,Wilson Pelota de tenis Championship color rojo,Pelota de tenis para entrenamiento,133.91,131,1,2026-03-29 09:15:00,2026-04-17 14:30:00
1673,P01673,Ninja Air Fryer 4L color azul,Freidora de aire de 4 litros,1732.03,115,0,2026-03-29 10:45:00,2026-04-07 13:30:00
1674,P01674,Staedtler Lápiz Noris HB modelo 2026,Lápiz de grafito HB,14.65,102,1,2026-04-28 13:45:00,2026-06-08 01:15:00
1675,P01675,Kong Classic M color azul,Juguete resistente para perros,332.03,94,0,2026-05-19 11:00:00,2026-05-28 15:15:00
1676,P01676,Kong Classic M,Juguete resistente para perros,328.52,125,1,2026-07-04 12:45:00,2026-08-10 17:00:00
1677,P01677,APC Back-UPS 600VA presentación familiar,Sistema de respaldo de energía de 600 VA,1713.33,8,1,2026-06-06 18:45:00,2026-07-10 20:30:00
1678,P01678,Nike Revolution 7 paquete con 2 piezas,Tenis deportivos para entrenamiento,1684.66,144,1,2026-08-15 12:00:00,2026-08-31 12:00:00
1679,P01679,Tefal Plancha Ultragliss color rojo,Plancha de vapor para ropa,1088.25,41,1,2026-02-07 11:45:00,2026-02-12 00:15:00
1680,P01680,Tramontina Sartén 24cm color azul,Sartén antiadherente de 24 centímetros,555.3,57,1,2026-09-15 17:15:00,2026-10-20 18:45:00
1681,P01681,TP-Link Archer C6 color negro,Router inalámbrico Gigabit AC1200,945.78,26,0,2026-01-08 10:15:00,2026-01-13 16:30:00
1682,P01682,Koblenz Aspiradora WD-2 color azul,Aspiradora para limpieza doméstica,1673.79,35,1,2026-05-17 14:00:00,2026-06-04 00:15:00
1683,P01683,Whiskas Adulto 1.5kg modelo 2026,Alimento seco para gatos adultos,163.74,2,1,2026-09-04 11:45:00,2026-09-09 16:00:00
1684,P01684,Tramontina Juego de cuchillos 6 piezas,Set de cuchillos para cocina,731.59,123,1,2026-05-28 11:15:00,2026-06-10 18:45:00
1685,P01685,Logitech Teclado K120 color azul,Teclado alámbrico USB de tamaño completo,355.04,58,1,2026-01-24 09:30:00,2026-02-17 21:45:00
1686,P01686,Philips Hervidor HD9350 color negro,Hervidor eléctrico de acero inoxidable,906.65,124,0,2026-03-07 14:30:00,2026-04-01 00:45:00
1687,P01687,Sterilite Caja organizadora 40L,Caja plástica con tapa para almacenamiento,323.8,142,0,2026-08-22 14:00:00,2026-10-02 00:00:00
1688,P01688,BIC Bolígrafo Cristal color negro,Bolígrafo de tinta azul,12.92,87,1,2026-08-08 14:15:00,2026-09-14 18:00:00
1689,P01689,JBL Tune 510BT paquete con 2 piezas,Audífonos inalámbricos Bluetooth,980.84,117,1,2026-02-03 19:15:00,2026-02-11 07:45:00
1690,P01690,Logitech Mouse G203 presentación familiar,Mouse para gaming con sensor óptico,674.16,49,1,2026-06-11 11:45:00,2026-06-28 23:30:00
1691,P01691,APC Back-UPS 600VA presentación familiar,Sistema de respaldo de energía de 600 VA,1538.96,143,1,2026-06-02 08:15:00,2026-06-19 16:00:00
1692,P01692,Logitech Webcam C920s presentación familiar,Cámara web Full HD con micrófono estéreo,1344.84,101,1,2026-01-06 12:15:00,2026-01-28 17:00:00
1693,P01693,HP DeskJet 2875 paquete con 2 piezas,Impresora multifuncional inalámbrica,1655.17,29,0,2026-01-13 08:45:00,2026-02-13 21:30:00
1694,P01694,Avery Etiquetas adhesivas,Paquete de etiquetas autoadhesivas,129.04,96,1,2026-09-05 13:15:00,2026-09-08 00:15:00
1695,P01695,Kingston Fury Beast 8GB edición especial,Memoria RAM DDR4 de 8 GB,495.33,72,1,2026-02-08 15:30:00,2026-02-26 01:45:00
1696,P01696,Logitech Webcam C920s paquete con 2 piezas,Cámara web Full HD con micrófono estéreo,1285.77,114,0,2026-01-02 18:45:00,2026-02-17 00:00:00
1697,P01697,Tramontina Sartén 24cm paquete individual,Sartén antiadherente de 24 centímetros,534.59,23,1,2026-01-13 16:15:00,2026-01-16 19:30:00
1698,P01698,Scribe Cuaderno profesional edición especial,Cuaderno de hojas rayadas,90.23,109,1,2026-02-03 14:00:00,2026-03-19 17:30:00
1699,P01699,Kingston DataTraveler Exodia 64GB color rojo,Memoria USB 3.2 de 64 GB,139.33,115,1,2026-05-26 10:15:00,2026-06-06 17:45:00
1700,P01700,TP-Link Archer C6 color azul,Router inalámbrico Gigabit AC1200,1066.54,116,1,2026-04-23 15:45:00,2026-05-06 22:00:00
1701,P01701,Castrol GTX 5W-30 1L color azul,Aceite para motor de automóvil,146.53,82,1,2026-04-09 13:45:00,2026-05-23 17:45:00
1702,P01702,Puma Essentials Hoodie paquete con 2 piezas,Sudadera deportiva con capucha,976.78,142,1,2026-08-03 11:45:00,2026-08-04 20:30:00
1703,P01703,BIC Bolígrafo Cristal,Bolígrafo de tinta azul,13.44,18,1,2026-05-11 18:15:00,2026-05-18 01:15:00
1704,P01704,Colgate Total 12 color negro,Pasta dental de protección integral,62.31,68,1,2026-08-17 16:45:00,2026-09-21 01:45:00
1705,P01705,Oster Licuadora clásica color azul,Licuadora de vaso para preparación de alimentos,1005.4,59,1,2026-04-26 18:30:00,2026-05-01 23:30:00
1706,P01706,Rubbermaid Contenedor 10L versión estándar,Contenedor plástico para almacenamiento,217.32,138,0,2026-06-26 08:15:00,2026-07-03 19:00:00
1707,P01707,Nivea Crema corporal modelo 2026,Crema hidratante para cuerpo,122.56,40,1,2026-06-08 11:15:00,2026-06-11 20:15:00
1708,P01708,Kingston NV2 1TB,Unidad SSD NVMe M.2 de 1 TB,1477.23,147,1,2026-03-16 11:45:00,2026-04-26 15:30:00
1709,P01709,Dove Jabón corporal paquete individual,Jabón corporal de uso diario,50.12,110,1,2026-03-24 09:15:00,2026-04-20 12:45:00
1710,P01710,Whiskas Adulto 1.5kg paquete individual,Alimento seco para gatos adultos,139.23,27,0,2026-07-08 19:30:00,2026-08-14 05:45:00
1711,P01711,JBL Tune 510BT edición especial,Audífonos inalámbricos Bluetooth,958.95,8,1,2026-08-30 11:00:00,2026-09-16 14:45:00
1712,P01712,Adidas Runfalcon 5,Calzado deportivo para correr,1344.48,2,1,2026-08-29 10:45:00,2026-09-16 12:30:00
1713,P01713,Castrol GTX 5W-30 1L,Aceite para motor de automóvil,163.61,27,1,2026-01-04 18:00:00,2026-01-18 00:00:00
1714,P01714,Adidas Runfalcon 5 color azul,Calzado deportivo para correr,1262.4,59,1,2026-05-13 19:30:00,2026-05-27 06:00:00
1715,P01715,Pyrex Recipiente de vidrio 1L paquete con 2 piezas,Recipiente de vidrio resistente al calor,213.46,41,0,2026-09-03 12:00:00,2026-10-10 23:15:00
1716,P01716,Kingston Fury Beast 8GB color azul,Memoria RAM DDR4 de 8 GB,514.55,12,1,2026-03-28 09:00:00,2026-05-01 19:30:00
1717,P01717,Koblenz Aspiradora WD-2 versión estándar,Aspiradora para limpieza doméstica,1579.18,84,1,2026-04-13 16:45:00,2026-04-24 00:45:00
1718,P01718,Tefal Plancha Ultragliss,Plancha de vapor para ropa,1132.87,73,1,2026-02-14 10:00:00,2026-03-01 10:30:00
1719,P01719,APC Back-UPS 600VA versión estándar,Sistema de respaldo de energía de 600 VA,1832.24,86,0,2026-05-11 17:00:00,2026-06-15 22:45:00
1720,P01720,Scribe Cuaderno profesional presentación familiar,Cuaderno de hojas rayadas,89.76,127,1,2026-07-07 15:15:00,2026-07-27 18:45:00
1721,P01721,Castrol GTX 5W-30 1L modelo 2026,Aceite para motor de automóvil,145.6,96,1,2026-05-06 16:45:00,2026-05-27 00:30:00
1722,P01722,Ninja Air Fryer 4L edición especial,Freidora de aire de 4 litros,1963.13,64,1,2026-06-22 09:45:00,2026-06-25 21:15:00
1723,P01723,Puma Essentials Hoodie versión estándar,Sudadera deportiva con capucha,1003.48,139,1,2026-02-18 18:15:00,2026-03-07 02:00:00
1724,P01724,Logitech Teclado K120 color negro,Teclado alámbrico USB de tamaño completo,359.25,65,1,2026-04-23 18:00:00,2026-05-25 06:15:00
1725,P01725,Dove Jabón corporal,Jabón corporal de uso diario,47.58,149,1,2026-07-20 19:45:00,2026-07-22 05:00:00
1726,P01726,Spalding TF-1000 versión estándar,Balón de basquetbol para interiores,724.41,23,0,2026-08-06 13:45:00,2026-08-23 01:30:00
1727,P01727,Tramontina Sartén 24cm modelo 2026,Sartén antiadherente de 24 centímetros,516.7,74,1,2026-02-03 15:15:00,2026-02-20 18:15:00
1728,P01728,Staedtler Lápiz Noris HB paquete con 2 piezas,Lápiz de grafito HB,13.9,104,1,2026-02-14 18:45:00,2026-03-09 23:30:00
1729,P01729,SanDisk Ultra microSD 128GB versión estándar,Tarjeta microSD de 128 GB,271.67,134,1,2026-09-16 12:15:00,2026-09-17 16:30:00
1730,P01730,Wilson Pelota de tenis Championship modelo 2026,Pelota de tenis para entrenamiento,120.86,103,0,2026-07-24 14:45:00,2026-08-01 16:30:00
1731,P01731,Black+Decker Tostador 2 rebanadas edición especial,Tostador eléctrico de dos ranuras,484.02,104,0,2026-05-29 14:00:00,2026-05-30 18:30:00
1732,P01732,Kingston Fury Beast 8GB,Memoria RAM DDR4 de 8 GB,548.36,39,1,2026-07-02 11:30:00,2026-07-19 18:15:00
1733,P01733,Tefal Plancha Ultragliss edición especial,Plancha de vapor para ropa,1288.43,17,0,2026-06-18 19:45:00,2026-06-27 21:15:00
1734,P01734,Whiskas Adulto 1.5kg paquete con 2 piezas,Alimento seco para gatos adultos,145.17,33,1,2026-03-24 16:15:00,2026-04-25 01:45:00
1735,P01735,Pedigree Adulto 2kg color negro,Alimento seco para perros adultos,156.86,76,1,2026-05-16 15:15:00,2026-06-09 16:30:00
1736,P01736,APC Back-UPS 600VA color rojo,Sistema de respaldo de energía de 600 VA,1618.58,11,1,2026-08-11 16:15:00,2026-09-08 19:15:00
1737,P01737,Nivea Crema corporal paquete con 2 piezas,Crema hidratante para cuerpo,114.92,150,1,2026-07-02 19:00:00,2026-07-17 19:00:00
1738,P01738,Spalding TF-1000 versión estándar,Balón de basquetbol para interiores,733.74,142,1,2026-06-15 12:00:00,2026-07-05 12:30:00
1739,P01739,Scotch-Brite Esponjas multiusos modelo 2026,Paquete de esponjas para limpieza doméstica,80.85,132,1,2026-05-16 10:00:00,2026-06-13 22:00:00
1740,P01740,UGREEN Adaptador USB-C color rojo,Adaptador USB-C a USB 3.0,237.67,60,1,2026-05-06 08:45:00,2026-05-31 17:15:00
1741,P01741,Adidas Runfalcon 5,Calzado deportivo para correr,1402.43,70,0,2026-05-24 13:15:00,2026-06-29 17:30:00
1742,P01742,Hamilton Beach Cafetera 12 tazas modelo 2026,Cafetera programable de 12 tazas,721.67,119,1,2026-01-11 10:00:00,2026-02-20 22:00:00
1743,P01743,Everlast Guantes de boxeo 12 oz modelo 2026,Guantes de boxeo para entrenamiento,754.74,24,1,2026-02-14 10:30:00,2026-03-20 20:15:00
1744,P01744,Ninja Air Fryer 4L color azul,Freidora de aire de 4 litros,2118.25,34,1,2026-09-03 11:45:00,2026-10-12 14:00:00
1745,P01745,Hamilton Beach Cafetera 12 tazas paquete individual,Cafetera programable de 12 tazas,854.15,70,1,2026-07-23 16:30:00,2026-08-22 17:00:00
1746,P01746,Logitech Teclado K120 modelo 2026,Teclado alámbrico USB de tamaño completo,350.37,56,1,2026-04-25 12:00:00,2026-04-26 20:30:00
1747,P01747,Amazon Basics Cable HDMI 2m versión estándar,Cable HDMI de alta velocidad de 2 metros,213.5,74,1,2026-04-17 11:45:00,2026-05-19 15:30:00
1748,P01748,Kingston Fury Beast 8GB paquete con 2 piezas,Memoria RAM DDR4 de 8 GB,459.44,47,0,2026-09-16 12:45:00,2026-10-21 00:15:00
1749,P01749,Samsung Monitor T350 24 pulgadas color rojo,Monitor Full HD de 24 pulgadas con panel IPS,2672.66,88,0,2026-08-10 10:00:00,2026-08-13 14:30:00
1750,P01750,Pedigree Adulto 2kg modelo 2026,Alimento seco para perros adultos,152.93,55,1,2026-04-17 19:45:00,2026-05-18 02:45:00
1751,P01751,Oster Licuadora clásica color rojo,Licuadora de vaso para preparación de alimentos,888.28,60,1,2026-08-27 10:15:00,2026-09-15 20:30:00
1752,P01752,Ninja Air Fryer 4L versión estándar,Freidora de aire de 4 litros,2097.04,127,1,2026-07-18 14:30:00,2026-08-26 16:00:00
1753,P01753,BIC Bolígrafo Cristal versión estándar,Bolígrafo de tinta azul,11.62,112,0,2026-04-04 13:15:00,2026-04-06 18:15:00
1754,P01754,Kingston DataTraveler Exodia 64GB color negro,Memoria USB 3.2 de 64 GB,152.65,95,1,2026-08-15 16:45:00,2026-09-18 23:30:00
1755,P01755,Sharpie Marcador permanente versión estándar,Marcador permanente de punta fina,38.33,135,1,2026-03-25 16:00:00,2026-04-13 23:15:00
1756,P01756,TP-Link Archer C6 versión estándar,Router inalámbrico Gigabit AC1200,1055.32,58,1,2026-02-22 18:15:00,2026-03-20 22:00:00
1757,P01757,Colgate Total 12 paquete con 2 piezas,Pasta dental de protección integral,71.84,86,1,2026-07-30 09:30:00,2026-08-25 13:00:00
1758,P01758,Scribe Cuaderno profesional color negro,Cuaderno de hojas rayadas,85.59,110,1,2026-03-25 13:00:00,2026-05-09 16:00:00
1759,P01759,Avery Etiquetas adhesivas versión estándar,Paquete de etiquetas autoadhesivas,126.46,28,1,2026-09-12 09:45:00,2026-10-24 15:30:00
1760,P01760,Nivea Crema corporal color negro,Crema hidratante para cuerpo,115.38,68,1,2026-07-08 18:45:00,2026-07-15 06:00:00
1761,P01761,Dove Jabón corporal color rojo,Jabón corporal de uso diario,47.79,141,1,2026-01-29 09:30:00,2026-03-08 10:45:00
1762,P01762,Kong Classic M modelo 2026,Juguete resistente para perros,325.76,12,1,2026-02-08 17:00:00,2026-02-25 21:45:00
1763,P01763,Philips Hervidor HD9350,Hervidor eléctrico de acero inoxidable,1109.71,49,0,2026-02-03 14:45:00,2026-02-16 17:45:00
1764,P01764,Post-it Notas adhesivas 76x76mm modelo 2026,Bloc de notas adhesivas amarillas,74.9,19,1,2026-06-03 14:45:00,2026-06-13 15:00:00
1765,P01765,Samsung Monitor T350 24 pulgadas presentación familiar,Monitor Full HD de 24 pulgadas con panel IPS,2884.61,3,1,2026-01-25 09:30:00,2026-02-18 19:30:00
1766,P01766,Rubbermaid Contenedor 10L edición especial,Contenedor plástico para almacenamiento,207.47,97,1,2026-01-31 09:30:00,2026-02-14 17:00:00
1767,P01767,Tefal Plancha Ultragliss color negro,Plancha de vapor para ropa,1149.98,100,1,2026-08-21 19:00:00,2026-09-01 00:00:00
1768,P01768,Logitech Teclado K120 presentación familiar,Teclado alámbrico USB de tamaño completo,302.24,57,1,2026-03-08 11:00:00,2026-03-24 19:15:00
1769,P01769,Scotch-Brite Esponjas multiusos edición especial,Paquete de esponjas para limpieza doméstica,90.25,114,1,2026-02-07 14:45:00,2026-03-03 21:15:00
1770,P01770,Scribe Cuaderno profesional color negro,Cuaderno de hojas rayadas,85.79,92,1,2026-07-15 16:45:00,2026-08-13 19:45:00
1771,P01771,TP-Link Archer C6 edición especial,Router inalámbrico Gigabit AC1200,1074.18,105,0,2026-01-15 17:15:00,2026-02-13 01:15:00
1772,P01772,JBL Go 4 color rojo,Bocina portátil Bluetooth,1056.13,1,1,2026-03-20 16:15:00,2026-03-20 19:00:00
1773,P01773,Gillette Mach3 edición especial,Rastrillo para afeitar con tres hojas,191.32,58,1,2026-01-07 14:00:00,2026-02-15 02:15:00
1774,P01774,Adidas Runfalcon 5 edición especial,Calzado deportivo para correr,1326.23,91,1,2026-01-12 10:45:00,2026-01-15 12:15:00
1775,P01775,Spalding TF-1000,Balón de basquetbol para interiores,863.87,42,1,2026-01-27 18:30:00,2026-02-24 19:00:00
1776,P01776,Castrol GTX 5W-30 1L edición especial,Aceite para motor de automóvil,169.3,120,1,2026-03-27 16:30:00,2026-04-10 04:15:00
1777,P01777,Scribe Cuaderno profesional color azul,Cuaderno de hojas rayadas,93.85,124,0,2026-08-29 15:15:00,2026-08-31 16:15:00
1778,P01778,Oster Licuadora clásica presentación familiar,Licuadora de vaso para preparación de alimentos,955.0,138,1,2026-03-14 12:00:00,2026-03-19 15:15:00
1779,P01779,Hamilton Beach Cafetera 12 tazas color rojo,Cafetera programable de 12 tazas,850.04,96,1,2026-01-31 09:30:00,2026-02-10 15:00:00
1780,P01780,Logitech Mouse M185 presentación familiar,Mouse inalámbrico compacto con receptor USB,389.24,18,1,2026-08-20 11:00:00,2026-09-30 13:00:00
1781,P01781,Whiskas Adulto 1.5kg versión estándar,Alimento seco para gatos adultos,146.68,79,1,2026-06-06 18:30:00,2026-06-26 00:00:00
1782,P01782,Tramontina Juego de cuchillos 6 piezas versión estándar,Set de cuchillos para cocina,856.9,1,1,2026-04-06 12:45:00,2026-05-11 21:30:00
1783,P01783,JBL Go 4 paquete individual,Bocina portátil Bluetooth,1021.67,14,1,2026-05-03 16:45:00,2026-05-18 03:15:00
1784,P01784,Scribe Cuaderno profesional versión estándar,Cuaderno de hojas rayadas,81.45,110,1,2026-06-12 17:30:00,2026-07-13 03:45:00
1785,P01785,Pyrex Recipiente de vidrio 1L versión estándar,Recipiente de vidrio resistente al calor,210.19,139,1,2026-06-13 18:30:00,2026-06-15 03:15:00
1786,P01786,Koblenz Aspiradora WD-2 presentación familiar,Aspiradora para limpieza doméstica,1447.52,102,1,2026-07-14 19:30:00,2026-07-22 23:15:00
1787,P01787,Ninja Air Fryer 4L color negro,Freidora de aire de 4 litros,2124.61,129,0,2026-01-27 18:00:00,2026-03-08 19:15:00
1788,P01788,T-fal Juego de sartenes 3 piezas,Juego de sartenes antiadherentes,1288.97,118,1,2026-09-11 09:45:00,2026-10-02 14:15:00
1789,P01789,Nivea Crema corporal color rojo,Crema hidratante para cuerpo,107.83,127,1,2026-02-15 11:15:00,2026-03-04 19:00:00
1790,P01790,Everlast Guantes de boxeo 12 oz color negro,Guantes de boxeo para entrenamiento,635.71,112,1,2026-06-19 10:15:00,2026-08-02 10:30:00
1791,P01791,BIC Bolígrafo Cristal modelo 2026,Bolígrafo de tinta azul,12.25,47,1,2026-09-10 13:30:00,2026-09-23 21:45:00
1792,P01792,Scotch-Brite Esponjas multiusos color azul,Paquete de esponjas para limpieza doméstica,94.44,26,1,2026-04-18 14:00:00,2026-05-07 19:00:00
1793,P01793,LG Monitor 24MP400-B color rojo,Monitor LED Full HD de 24 pulgadas,3036.14,88,1,2026-04-09 14:15:00,2026-05-23 14:30:00
1794,P01794,Everlast Guantes de boxeo 12 oz color rojo,Guantes de boxeo para entrenamiento,760.67,101,1,2026-05-29 17:30:00,2026-06-04 18:00:00
1795,P01795,Logitech Webcam C920s,Cámara web Full HD con micrófono estéreo,1312.74,42,0,2026-02-15 12:15:00,2026-03-12 18:15:00
1796,P01796,Avery Etiquetas adhesivas presentación familiar,Paquete de etiquetas autoadhesivas,126.05,76,1,2026-06-15 08:45:00,2026-07-11 19:00:00
1797,P01797,Colgate Total 12 presentación familiar,Pasta dental de protección integral,71.14,92,1,2026-06-29 19:30:00,2026-07-30 21:30:00
1798,P01798,Sharpie Marcador permanente,Marcador permanente de punta fina,32.62,26,1,2026-09-03 12:45:00,2026-09-07 20:15:00
1799,P01799,Oster Licuadora clásica color rojo,Licuadora de vaso para preparación de alimentos,866.22,55,1,2026-03-25 18:00:00,2026-04-24 18:30:00
1800,P01800,Koblenz Aspiradora WD-2,Aspiradora para limpieza doméstica,1565.21,148,1,2026-03-09 16:45:00,2026-04-01 01:45:00
1801,P01801,Puma Essentials Hoodie color rojo,Sudadera deportiva con capucha,1003.55,96,1,2026-01-09 15:30:00,2026-02-02 21:15:00
1802,P01802,Dove Jabón corporal color negro,Jabón corporal de uso diario,46.3,7,1,2026-01-04 13:30:00,2026-01-18 01:45:00
1803,P01803,Tefal Plancha Ultragliss presentación familiar,Plancha de vapor para ropa,1125.41,111,1,2026-07-14 17:15:00,2026-08-03 18:00:00
1804,P01804,Oster Licuadora clásica versión estándar,Licuadora de vaso para preparación de alimentos,938.26,56,1,2026-07-31 12:30:00,2026-09-09 23:15:00
1805,P01805,SanDisk Ultra microSD 128GB presentación familiar,Tarjeta microSD de 128 GB,313.69,30,1,2026-05-29 14:15:00,2026-06-17 02:00:00
1806,P01806,Spalding TF-1000 paquete con 2 piezas,Balón de basquetbol para interiores,817.44,138,1,2026-01-19 14:00:00,2026-02-21 01:15:00
1807,P01807,Sharpie Marcador permanente paquete individual,Marcador permanente de punta fina,37.37,90,1,2026-03-06 10:45:00,2026-03-29 20:30:00
1808,P01808,Whiskas Adulto 1.5kg color azul,Alimento seco para gatos adultos,140.1,96,1,2026-04-08 13:15:00,2026-05-04 22:30:00
1809,P01809,T-fal Juego de sartenes 3 piezas,Juego de sartenes antiadherentes,1138.02,113,0,2026-04-17 10:00:00,2026-05-19 18:45:00
1810,P01810,Nivea Crema corporal paquete con 2 piezas,Crema hidratante para cuerpo,110.85,46,1,2026-08-26 16:00:00,2026-09-10 01:30:00
1811,P01811,Tramontina Juego de cuchillos 6 piezas color rojo,Set de cuchillos para cocina,812.25,79,0,2026-01-23 12:45:00,2026-01-26 01:00:00
1812,P01812,Colgate Total 12 color rojo,Pasta dental de protección integral,65.91,111,0,2026-07-19 12:00:00,2026-08-12 17:30:00
1813,P01813,Scotch-Brite Esponjas multiusos paquete individual,Paquete de esponjas para limpieza doméstica,84.51,80,1,2026-03-10 09:30:00,2026-04-21 16:45:00
1814,P01814,TP-Link Archer C6 presentación familiar,Router inalámbrico Gigabit AC1200,1093.03,131,1,2026-03-01 08:00:00,2026-03-02 08:45:00
1815,P01815,Logitech Mouse M185 paquete individual,Mouse inalámbrico compacto con receptor USB,329.48,40,1,2026-04-02 14:30:00,2026-04-14 03:00:00
1816,P01816,JBL Go 4 versión estándar,Bocina portátil Bluetooth,1050.96,144,1,2026-08-18 19:30:00,2026-09-08 03:30:00
1817,P01817,Colgate Total 12 presentación familiar,Pasta dental de protección integral,73.32,16,0,2026-04-24 09:45:00,2026-04-24 16:15:00
1818,P01818,T-fal Juego de sartenes 3 piezas paquete individual,Juego de sartenes antiadherentes,1330.39,41,1,2026-01-28 18:15:00,2026-03-02 19:15:00
1819,P01819,Staedtler Lápiz Noris HB color azul,Lápiz de grafito HB,16.71,79,1,2026-04-24 14:00:00,2026-06-08 21:30:00
1820,P01820,Kingston Fury Beast 8GB paquete con 2 piezas,Memoria RAM DDR4 de 8 GB,483.53,40,0,2026-07-27 13:15:00,2026-08-05 20:00:00
1821,P01821,Logitech Teclado K120 color negro,Teclado alámbrico USB de tamaño completo,339.37,150,1,2026-05-02 10:00:00,2026-05-13 12:45:00
1822,P01822,Logitech Mouse M185 color azul,Mouse inalámbrico compacto con receptor USB,329.62,94,1,2026-02-20 08:30:00,2026-02-20 16:15:00
1823,P01823,Kong Classic M paquete con 2 piezas,Juguete resistente para perros,326.77,96,1,2026-03-27 08:30:00,2026-04-03 10:15:00
1824,P01824,Ninja Air Fryer 4L,Freidora de aire de 4 litros,1786.9,107,0,2026-08-02 08:45:00,2026-08-10 20:45:00
1825,P01825,Ninja Air Fryer 4L paquete con 2 piezas,Freidora de aire de 4 litros,1953.1,55,1,2026-04-26 18:30:00,2026-05-16 00:00:00
1826,P01826,Philips Hervidor HD9350 versión estándar,Hervidor eléctrico de acero inoxidable,1078.09,140,0,2026-04-18 16:30:00,2026-05-02 03:45:00
1827,P01827,HP DeskJet 2875 modelo 2026,Impresora multifuncional inalámbrica,1855.12,76,0,2026-03-02 18:00:00,2026-03-26 04:30:00
1828,P01828,Logitech Mouse M185 modelo 2026,Mouse inalámbrico compacto con receptor USB,367.83,111,1,2026-06-25 13:30:00,2026-07-23 17:00:00
1829,P01829,Tramontina Sartén 24cm modelo 2026,Sartén antiadherente de 24 centímetros,540.02,77,1,2026-05-29 09:45:00,2026-06-14 10:15:00
1830,P01830,Sharpie Marcador permanente modelo 2026,Marcador permanente de punta fina,37.25,33,1,2026-05-28 09:15:00,2026-06-13 15:00:00
1831,P01831,Spalding TF-1000,Balón de basquetbol para interiores,839.13,26,1,2026-04-12 16:45:00,2026-04-17 19:30:00
1832,P01832,Philips Hervidor HD9350,Hervidor eléctrico de acero inoxidable,1031.33,125,1,2026-08-15 09:30:00,2026-09-03 22:00:00
1833,P01833,Tefal Plancha Ultragliss color azul,Plancha de vapor para ropa,1106.89,103,1,2026-08-14 09:15:00,2026-09-16 16:30:00
1834,P01834,Whiskas Adulto 1.5kg paquete individual,Alimento seco para gatos adultos,164.39,67,1,2026-03-25 13:00:00,2026-04-26 22:15:00
1835,P01835,Pedigree Adulto 2kg paquete con 2 piezas,Alimento seco para perros adultos,176.71,19,0,2026-06-15 17:45:00,2026-07-26 04:15:00
1836,P01836,Pyrex Recipiente de vidrio 1L versión estándar,Recipiente de vidrio resistente al calor,213.91,84,1,2026-04-11 18:00:00,2026-04-23 00:15:00
1837,P01837,Black+Decker Tostador 2 rebanadas presentación familiar,Tostador eléctrico de dos ranuras,492.29,1,1,2026-04-08 19:45:00,2026-04-20 00:15:00
1838,P01838,Wilson Pelota de tenis Championship edición especial,Pelota de tenis para entrenamiento,139.16,86,1,2026-04-19 08:45:00,2026-04-19 14:15:00
1839,P01839,JBL Tune 510BT color azul,Audífonos inalámbricos Bluetooth,962.52,128,1,2026-05-15 10:15:00,2026-06-17 11:30:00
1840,P01840,Rubbermaid Contenedor 10L modelo 2026,Contenedor plástico para almacenamiento,188.33,138,1,2026-03-21 10:45:00,2026-03-22 13:15:00
1841,P01841,Dove Jabón corporal color azul,Jabón corporal de uso diario,45.38,15,1,2026-07-17 12:45:00,2026-08-30 21:45:00
1842,P01842,Avery Etiquetas adhesivas,Paquete de etiquetas autoadhesivas,120.56,35,1,2026-02-15 08:30:00,2026-02-20 20:30:00
1843,P01843,Oster Licuadora clásica paquete con 2 piezas,Licuadora de vaso para preparación de alimentos,999.01,16,0,2026-07-24 12:15:00,2026-08-07 15:45:00
1844,P01844,Adidas Runfalcon 5 modelo 2026,Calzado deportivo para correr,1542.91,51,1,2026-01-20 19:15:00,2026-02-03 02:15:00
1845,P01845,Kingston DataTraveler Exodia 64GB paquete con 2 piezas,Memoria USB 3.2 de 64 GB,142.87,52,0,2026-05-16 12:00:00,2026-05-31 13:45:00
1846,P01846,Philips Hervidor HD9350 presentación familiar,Hervidor eléctrico de acero inoxidable,1104.58,28,1,2026-06-27 10:45:00,2026-07-26 17:30:00
1847,P01847,Cinsa Olla de presión 6L color negro,Olla de presión de aluminio de 6 litros,974.98,56,0,2026-05-15 13:30:00,2026-06-19 20:00:00
1848,P01848,Amazon Basics Cable HDMI 2m color negro,Cable HDMI de alta velocidad de 2 metros,201.48,88,1,2026-05-07 13:00:00,2026-06-08 15:15:00
1849,P01849,Puma Essentials Hoodie,Sudadera deportiva con capucha,949.11,35,1,2026-05-03 09:15:00,2026-05-29 16:45:00
1850,P01850,LG Monitor 24MP400-B paquete con 2 piezas,Monitor LED Full HD de 24 pulgadas,3018.33,144,1,2026-02-19 14:30:00,2026-04-02 18:45:00
1851,P01851,Pedigree Adulto 2kg color negro,Alimento seco para perros adultos,150.91,41,1,2026-06-13 14:30:00,2026-06-21 01:45:00
1852,P01852,Hamilton Beach Cafetera 12 tazas,Cafetera programable de 12 tazas,734.89,78,1,2026-05-09 11:45:00,2026-06-09 18:15:00
1853,P01853,LG Monitor 24MP400-B presentación familiar,Monitor LED Full HD de 24 pulgadas,2666.3,97,1,2026-05-12 09:30:00,2026-05-19 11:15:00
1854,P01854,Rubbermaid Contenedor 10L color rojo,Contenedor plástico para almacenamiento,221.14,3,1,2026-08-27 19:00:00,2026-09-19 01:30:00
1855,P01855,Bosch Bujía de encendido paquete con 2 piezas,Bujía para motor de gasolina,143.95,77,1,2026-05-15 09:15:00,2026-06-06 12:30:00
1856,P01856,T-fal Juego de sartenes 3 piezas color azul,Juego de sartenes antiadherentes,1117.4,113,1,2026-09-16 19:45:00,2026-10-24 08:15:00
1857,P01857,Spalding TF-1000 paquete individual,Balón de basquetbol para interiores,840.9,122,0,2026-05-20 14:15:00,2026-06-08 20:30:00
1858,P01858,Post-it Notas adhesivas 76x76mm versión estándar,Bloc de notas adhesivas amarillas,72.81,13,1,2026-08-09 18:45:00,2026-09-16 02:00:00
1859,P01859,Pedigree Adulto 2kg paquete con 2 piezas,Alimento seco para perros adultos,145.41,146,1,2026-02-08 15:00:00,2026-02-22 16:30:00
1860,P01860,Dove Jabón corporal modelo 2026,Jabón corporal de uso diario,49.48,126,1,2026-01-16 08:45:00,2026-02-01 20:30:00
1861,P01861,Bosch Bujía de encendido color negro,Bujía para motor de gasolina,131.6,65,1,2026-07-02 18:00:00,2026-08-10 04:15:00
1862,P01862,Cinsa Olla de presión 6L modelo 2026,Olla de presión de aluminio de 6 litros,928.77,47,1,2026-03-17 11:00:00,2026-03-21 18:30:00
1863,P01863,Puma Essentials Hoodie modelo 2026,Sudadera deportiva con capucha,999.89,112,1,2026-01-13 19:00:00,2026-02-23 22:15:00
1864,P01864,Koblenz Aspiradora WD-2,Aspiradora para limpieza doméstica,1754.76,72,1,2026-03-03 12:15:00,2026-03-23 12:45:00
1865,P01865,Logitech Mouse M185 modelo 2026,Mouse inalámbrico compacto con receptor USB,348.91,83,1,2026-06-17 10:45:00,2026-07-30 18:00:00
1866,P01866,Rubbermaid Contenedor 10L color rojo,Contenedor plástico para almacenamiento,216.08,36,1,2026-02-20 15:15:00,2026-02-21 01:45:00
1867,P01867,HP DeskJet 2875 paquete con 2 piezas,Impresora multifuncional inalámbrica,1750.91,27,1,2026-09-18 14:00:00,2026-10-12 23:15:00
1868,P01868,Pyrex Recipiente de vidrio 1L paquete individual,Recipiente de vidrio resistente al calor,251.93,103,1,2026-08-03 12:30:00,2026-08-19 18:45:00
1869,P01869,Vasconia Cacerola 24cm color negro,Cacerola de aluminio con tapa,527.84,50,0,2026-06-12 12:30:00,2026-07-21 23:15:00
1870,P01870,Adidas Runfalcon 5,Calzado deportivo para correr,1293.48,108,1,2026-04-08 16:45:00,2026-05-15 00:00:00
1871,P01871,Oster Licuadora clásica versión estándar,Licuadora de vaso para preparación de alimentos,1004.58,57,0,2026-01-25 17:15:00,2026-03-09 20:30:00
1872,P01872,Spalding TF-1000 paquete con 2 piezas,Balón de basquetbol para interiores,856.6,101,1,2026-07-11 10:45:00,2026-08-05 20:30:00
1873,P01873,Logitech Mouse G203 edición especial,Mouse para gaming con sensor óptico,666.2,150,0,2026-02-05 17:15:00,2026-02-27 01:30:00
1874,P01874,Kong Classic M modelo 2026,Juguete resistente para perros,328.29,33,1,2026-03-11 16:00:00,2026-04-05 22:45:00
1875,P01875,Koblenz Aspiradora WD-2 presentación familiar,Aspiradora para limpieza doméstica,1720.53,149,1,2026-05-21 09:00:00,2026-05-31 15:30:00
1876,P01876,Bosch Bujía de encendido paquete con 2 piezas,Bujía para motor de gasolina,129.61,90,1,2026-07-22 17:30:00,2026-08-21 01:15:00
1877,P01877,TP-Link Archer C6 color negro,Router inalámbrico Gigabit AC1200,1027.11,62,1,2026-07-22 15:45:00,2026-07-23 01:00:00
1878,P01878,Dove Jabón corporal color azul,Jabón corporal de uso diario,50.53,39,1,2026-08-19 11:15:00,2026-09-05 15:00:00
1879,P01879,Staedtler Lápiz Noris HB color azul,Lápiz de grafito HB,14.33,107,1,2026-07-05 10:00:00,2026-07-23 10:45:00
1880,P01880,Rubbermaid Contenedor 10L edición especial,Contenedor plástico para almacenamiento,215.78,13,1,2026-06-24 18:00:00,2026-07-31 20:30:00
1881,P01881,Logitech Mouse G203,Mouse para gaming con sensor óptico,654.69,31,1,2026-05-02 15:30:00,2026-05-28 03:15:00
1882,P01882,Staedtler Lápiz Noris HB color azul,Lápiz de grafito HB,14.33,34,1,2026-08-21 09:30:00,2026-08-28 11:45:00
1883,P01883,Whiskas Adulto 1.5kg edición especial,Alimento seco para gatos adultos,141.34,147,1,2026-02-02 17:00:00,2026-03-10 00:15:00
1884,P01884,Staedtler Lápiz Noris HB,Lápiz de grafito HB,16.29,91,1,2026-07-18 11:00:00,2026-07-28 23:00:00
1885,P01885,Samsung Monitor T350 24 pulgadas edición especial,Monitor Full HD de 24 pulgadas con panel IPS,2863.24,83,1,2026-03-31 18:00:00,2026-04-11 02:15:00
1886,P01886,Ninja Air Fryer 4L edición especial,Freidora de aire de 4 litros,1892.22,24,1,2026-06-24 18:45:00,2026-07-07 07:00:00
1887,P01887,Kong Classic M paquete con 2 piezas,Juguete resistente para perros,340.84,144,1,2026-03-21 18:15:00,2026-04-25 20:30:00
1888,P01888,Rubbermaid Contenedor 10L presentación familiar,Contenedor plástico para almacenamiento,205.48,66,0,2026-04-21 18:00:00,2026-05-09 22:15:00
1889,P01889,Tefal Plancha Ultragliss presentación familiar,Plancha de vapor para ropa,1301.93,149,1,2026-03-20 15:00:00,2026-04-28 17:15:00
1890,P01890,Logitech Mouse M185 presentación familiar,Mouse inalámbrico compacto con receptor USB,326.18,91,1,2026-07-13 14:30:00,2026-08-05 15:45:00
1891,P01891,Staedtler Lápiz Noris HB color rojo,Lápiz de grafito HB,14.69,72,1,2026-06-03 10:15:00,2026-06-20 20:30:00
1892,P01892,Logitech Teclado K120 presentación familiar,Teclado alámbrico USB de tamaño completo,325.08,145,1,2026-01-05 15:45:00,2026-01-15 00:45:00
1893,P01893,Philips Hervidor HD9350 modelo 2026,Hervidor eléctrico de acero inoxidable,1003.6,63,1,2026-02-20 08:15:00,2026-03-01 08:45:00
1894,P01894,Kingston Fury Beast 8GB modelo 2026,Memoria RAM DDR4 de 8 GB,501.96,20,0,2026-09-07 13:15:00,2026-09-27 01:45:00
1895,P01895,Puma Essentials Hoodie paquete con 2 piezas,Sudadera deportiva con capucha,998.44,23,1,2026-07-06 18:15:00,2026-08-12 22:45:00
1896,P01896,Avery Etiquetas adhesivas modelo 2026,Paquete de etiquetas autoadhesivas,125.49,121,0,2026-01-29 12:00:00,2026-02-26 19:30:00
1897,P01897,Nike Revolution 7 versión estándar,Tenis deportivos para entrenamiento,1775.83,83,1,2026-09-08 19:30:00,2026-10-04 05:00:00
1898,P01898,Colgate Total 12 color negro,Pasta dental de protección integral,63.92,7,1,2026-03-28 16:30:00,2026-04-08 17:00:00
1899,P01899,Bosch Bujía de encendido edición especial,Bujía para motor de gasolina,135.51,79,1,2026-07-04 11:30:00,2026-08-04 19:45:00
1900,P01900,Pilot G2 color azul,Bolígrafo de gel de tinta negra,39.58,138,1,2026-02-03 08:00:00,2026-03-11 18:30:00
1901,P01901,Rubbermaid Contenedor 10L paquete con 2 piezas,Contenedor plástico para almacenamiento,181.18,144,1,2026-04-05 15:30:00,2026-05-17 16:30:00
1902,P01902,Pilot G2 modelo 2026,Bolígrafo de gel de tinta negra,40.93,20,0,2026-02-27 10:15:00,2026-03-31 11:45:00
1903,P01903,Gillette Mach3,Rastrillo para afeitar con tres hojas,204.53,13,1,2026-03-03 19:45:00,2026-04-04 07:45:00
1904,P01904,Whiskas Adulto 1.5kg edición especial,Alimento seco para gatos adultos,137.09,11,1,2026-03-22 14:00:00,2026-03-31 20:00:00
1905,P01905,JBL Tune 510BT edición especial,Audífonos inalámbricos Bluetooth,984.38,0,1,2026-05-17 19:30:00,2026-05-30 07:15:00
1906,P01906,Tramontina Sartén 24cm,Sartén antiadherente de 24 centímetros,471.71,64,1,2026-04-26 14:30:00,2026-05-19 21:30:00
1907,P01907,Oster Licuadora clásica paquete con 2 piezas,Licuadora de vaso para preparación de alimentos,907.19,94,1,2026-01-26 13:15:00,2026-02-05 18:00:00
1908,P01908,Pyrex Recipiente de vidrio 1L color rojo,Recipiente de vidrio resistente al calor,253.33,24,1,2026-04-13 19:00:00,2026-04-29 20:00:00
1909,P01909,JBL Go 4 presentación familiar,Bocina portátil Bluetooth,1115.8,70,0,2026-08-23 11:00:00,2026-09-01 22:15:00
1910,P01910,Avery Etiquetas adhesivas paquete con 2 piezas,Paquete de etiquetas autoadhesivas,142.21,97,1,2026-01-25 13:30:00,2026-02-02 19:30:00
1911,P01911,TP-Link Archer C6 edición especial,Router inalámbrico Gigabit AC1200,945.79,101,0,2026-02-26 09:15:00,2026-03-01 19:45:00
1912,P01912,Pilot G2 versión estándar,Bolígrafo de gel de tinta negra,42.05,148,1,2026-07-16 09:30:00,2026-07-21 22:15:00
1913,P01913,Kingston Fury Beast 8GB presentación familiar,Memoria RAM DDR4 de 8 GB,469.63,43,1,2026-02-10 12:30:00,2026-03-10 19:30:00
1914,P01914,JBL Go 4,Bocina portátil Bluetooth,1093.07,0,1,2026-08-30 13:30:00,2026-09-22 19:45:00
1915,P01915,Post-it Notas adhesivas 76x76mm paquete con 2 piezas,Bloc de notas adhesivas amarillas,67.91,54,1,2026-03-18 11:00:00,2026-04-19 20:45:00
1916,P01916,Tramontina Juego de cuchillos 6 piezas color azul,Set de cuchillos para cocina,781.14,86,1,2026-02-05 10:30:00,2026-02-27 11:00:00
1917,P01917,Logitech Teclado K120 color azul,Teclado alámbrico USB de tamaño completo,298.39,107,0,2026-04-07 17:30:00,2026-05-12 05:00:00
1918,P01918,Everlast Guantes de boxeo 12 oz presentación familiar,Guantes de boxeo para entrenamiento,766.21,85,1,2026-07-23 10:30:00,2026-08-15 22:00:00
1919,P01919,Logitech Teclado K120 paquete con 2 piezas,Teclado alámbrico USB de tamaño completo,346.9,89,0,2026-02-04 08:45:00,2026-03-09 09:45:00
1920,P01920,Adidas Runfalcon 5,Calzado deportivo para correr,1420.54,115,1,2026-09-09 19:15:00,2026-09-09 19:30:00
1921,P01921,Samsung Monitor T350 24 pulgadas versión estándar,Monitor Full HD de 24 pulgadas con panel IPS,3009.76,76,1,2026-09-09 15:00:00,2026-09-22 01:00:00
1922,P01922,Scribe Cuaderno profesional edición especial,Cuaderno de hojas rayadas,88.58,92,1,2026-03-09 18:45:00,2026-03-25 05:00:00
1923,P01923,Samsung Monitor T350 24 pulgadas color azul,Monitor Full HD de 24 pulgadas con panel IPS,2621.7,142,1,2026-06-04 19:30:00,2026-06-10 00:15:00
1924,P01924,UGREEN Adaptador USB-C color azul,Adaptador USB-C a USB 3.0,231.81,102,1,2026-08-13 18:45:00,2026-08-14 20:45:00
1925,P01925,T-fal Juego de sartenes 3 piezas color rojo,Juego de sartenes antiadherentes,1218.02,88,1,2026-01-24 08:30:00,2026-02-28 09:45:00
1926,P01926,SanDisk Ultra microSD 128GB color negro,Tarjeta microSD de 128 GB,274.33,114,1,2026-01-29 11:15:00,2026-02-03 20:45:00
1927,P01927,Michelin Energy XM2+ modelo 2026,Neumático para automóvil,1938.83,3,1,2026-08-22 16:15:00,2026-09-16 21:00:00
1928,P01928,Samsung Monitor T350 24 pulgadas,Monitor Full HD de 24 pulgadas con panel IPS,2931.15,82,1,2026-07-10 11:15:00,2026-07-18 18:30:00
1929,P01929,Tefal Plancha Ultragliss modelo 2026,Plancha de vapor para ropa,1304.09,107,1,2026-08-05 08:00:00,2026-08-13 17:30:00
1930,P01930,JBL Go 4 color rojo,Bocina portátil Bluetooth,1176.55,100,1,2026-06-25 15:30:00,2026-07-26 02:15:00
1931,P01931,JBL Tune 510BT color negro,Audífonos inalámbricos Bluetooth,874.24,70,0,2026-05-05 18:15:00,2026-06-08 03:00:00
1932,P01932,Logitech Mouse G203 presentación familiar,Mouse para gaming con sensor óptico,768.98,139,1,2026-06-15 15:45:00,2026-07-26 16:45:00
1933,P01933,LG Monitor 24MP400-B color azul,Monitor LED Full HD de 24 pulgadas,2708.08,36,0,2026-07-15 17:30:00,2026-08-28 20:15:00
1934,P01934,Ninja Air Fryer 4L color rojo,Freidora de aire de 4 litros,1874.04,95,0,2026-05-26 08:45:00,2026-07-09 11:15:00
1935,P01935,Tramontina Juego de cuchillos 6 piezas color negro,Set de cuchillos para cocina,757.45,44,1,2026-05-15 15:30:00,2026-06-09 20:00:00
1936,P01936,Amazon Basics Cable HDMI 2m color rojo,Cable HDMI de alta velocidad de 2 metros,203.16,12,1,2026-02-10 19:15:00,2026-02-25 02:30:00
1937,P01937,Samsung Monitor T350 24 pulgadas,Monitor Full HD de 24 pulgadas con panel IPS,2855.57,70,1,2026-08-20 11:15:00,2026-10-02 00:00:00
1938,P01938,Staedtler Lápiz Noris HB versión estándar,Lápiz de grafito HB,15.45,63,1,2026-08-08 17:15:00,2026-08-12 22:45:00
1939,P01939,Adidas Runfalcon 5,Calzado deportivo para correr,1455.2,92,1,2026-05-27 17:45:00,2026-05-31 19:00:00
1940,P01940,JBL Go 4 color azul,Bocina portátil Bluetooth,1173.86,121,0,2026-07-22 10:45:00,2026-08-27 14:15:00
1941,P01941,Post-it Notas adhesivas 76x76mm color negro,Bloc de notas adhesivas amarillas,62.88,150,1,2026-08-21 08:00:00,2026-09-24 08:30:00
1942,P01942,Philips Hervidor HD9350 versión estándar,Hervidor eléctrico de acero inoxidable,984.85,66,0,2026-07-07 18:45:00,2026-08-04 20:45:00
1943,P01943,Whiskas Adulto 1.5kg modelo 2026,Alimento seco para gatos adultos,144.43,95,1,2026-01-25 19:45:00,2026-02-27 20:45:00
1944,P01944,Samsung Monitor T350 24 pulgadas edición especial,Monitor Full HD de 24 pulgadas con panel IPS,2690.61,85,1,2026-03-20 09:45:00,2026-04-08 22:15:00
1945,P01945,Sharpie Marcador permanente modelo 2026,Marcador permanente de punta fina,36.56,83,1,2026-09-05 09:30:00,2026-10-06 12:15:00
1946,P01946,Koblenz Aspiradora WD-2 presentación familiar,Aspiradora para limpieza doméstica,1646.66,147,1,2026-01-05 14:00:00,2026-01-25 22:00:00
1947,P01947,Logitech Teclado K120 color rojo,Teclado alámbrico USB de tamaño completo,321.36,23,1,2026-04-26 13:15:00,2026-05-13 17:15:00
1948,P01948,Vasconia Cacerola 24cm color rojo,Cacerola de aluminio con tapa,538.49,17,1,2026-05-23 12:30:00,2026-06-21 23:00:00
1949,P01949,Logitech Webcam C920s presentación familiar,Cámara web Full HD con micrófono estéreo,1267.8,142,1,2026-02-15 17:15:00,2026-03-31 03:30:00
1950,P01950,Scribe Cuaderno profesional edición especial,Cuaderno de hojas rayadas,95.79,126,1,2026-01-10 15:30:00,2026-01-26 21:15:00
1951,P01951,Avery Etiquetas adhesivas color azul,Paquete de etiquetas autoadhesivas,134.29,40,0,2026-03-18 16:30:00,2026-04-24 19:15:00
1952,P01952,Everlast Guantes de boxeo 12 oz modelo 2026,Guantes de boxeo para entrenamiento,745.93,90,1,2026-07-12 18:30:00,2026-07-25 06:15:00
1953,P01953,Hamilton Beach Cafetera 12 tazas modelo 2026,Cafetera programable de 12 tazas,756.04,94,1,2026-08-25 15:15:00,2026-09-04 23:30:00
1954,P01954,Colgate Total 12 versión estándar,Pasta dental de protección integral,66.18,72,1,2026-05-17 09:45:00,2026-05-19 18:45:00
1955,P01955,BIC Bolígrafo Cristal color rojo,Bolígrafo de tinta azul,11.37,79,0,2026-02-03 11:00:00,2026-02-24 22:30:00
1956,P01956,Michelin Energy XM2+ versión estándar,Neumático para automóvil,1733.07,39,1,2026-07-13 09:45:00,2026-07-24 15:30:00
1957,P01957,Kong Classic M paquete con 2 piezas,Juguete resistente para perros,361.88,16,0,2026-06-08 19:15:00,2026-06-13 07:45:00
1958,P01958,Logitech Mouse G203 versión estándar,Mouse para gaming con sensor óptico,765.78,30,1,2026-09-07 19:15:00,2026-09-18 22:00:00
1959,P01959,Kingston Fury Beast 8GB color rojo,Memoria RAM DDR4 de 8 GB,557.8,6,1,2026-03-22 19:45:00,2026-04-14 02:00:00
1960,P01960,Post-it Notas adhesivas 76x76mm color azul,Bloc de notas adhesivas amarillas,70.21,132,1,2026-01-31 12:15:00,2026-02-19 23:00:00
1961,P01961,Logitech Mouse M185 paquete con 2 piezas,Mouse inalámbrico compacto con receptor USB,362.32,98,1,2026-02-16 09:15:00,2026-02-27 17:45:00
1962,P01962,LG Monitor 24MP400-B paquete individual,Monitor LED Full HD de 24 pulgadas,3048.74,116,1,2026-05-18 19:00:00,2026-06-14 05:30:00
1963,P01963,HP DeskJet 2875 presentación familiar,Impresora multifuncional inalámbrica,1861.44,54,1,2026-03-08 12:15:00,2026-03-09 17:30:00
1964,P01964,Kingston NV2 1TB versión estándar,Unidad SSD NVMe M.2 de 1 TB,1325.87,40,1,2026-09-17 11:30:00,2026-10-03 15:00:00
1965,P01965,Logitech Mouse G203,Mouse para gaming con sensor óptico,683.66,40,1,2026-04-07 14:15:00,2026-04-10 17:15:00
1966,P01966,Adidas Runfalcon 5 paquete individual,Calzado deportivo para correr,1479.26,64,1,2026-03-07 14:00:00,2026-04-22 00:30:00
1967,P01967,Black+Decker Tostador 2 rebanadas color negro,Tostador eléctrico de dos ranuras,473.4,34,1,2026-06-14 14:30:00,2026-06-27 15:00:00
1968,P01968,Scribe Cuaderno profesional color azul,Cuaderno de hojas rayadas,87.77,92,1,2026-06-18 12:00:00,2026-07-13 20:30:00
1969,P01969,UGREEN Adaptador USB-C paquete individual,Adaptador USB-C a USB 3.0,243.91,52,1,2026-09-07 12:45:00,2026-10-17 22:00:00
1970,P01970,Philips Hervidor HD9350 modelo 2026,Hervidor eléctrico de acero inoxidable,912.04,57,1,2026-04-10 08:00:00,2026-05-23 16:00:00
1971,P01971,Castrol GTX 5W-30 1L modelo 2026,Aceite para motor de automóvil,165.01,45,1,2026-06-27 17:30:00,2026-07-26 01:30:00
1972,P01972,Avery Etiquetas adhesivas paquete con 2 piezas,Paquete de etiquetas autoadhesivas,118.34,60,1,2026-09-06 12:30:00,2026-10-02 14:45:00
1973,P01973,Pyrex Recipiente de vidrio 1L,Recipiente de vidrio resistente al calor,230.34,16,1,2026-02-25 11:00:00,2026-03-14 22:30:00
1974,P01974,Pilot G2 color azul,Bolígrafo de gel de tinta negra,38.01,137,1,2026-07-15 17:45:00,2026-08-30 03:15:00
1975,P01975,Koblenz Aspiradora WD-2 paquete individual,Aspiradora para limpieza doméstica,1782.06,51,1,2026-05-12 18:30:00,2026-05-19 06:00:00
1976,P01976,Hamilton Beach Cafetera 12 tazas paquete individual,Cafetera programable de 12 tazas,808.97,112,1,2026-08-25 18:00:00,2026-09-21 00:15:00
1977,P01977,Puma Essentials Hoodie presentación familiar,Sudadera deportiva con capucha,1057.03,63,1,2026-09-02 08:30:00,2026-09-20 16:00:00
1978,P01978,SanDisk Ultra microSD 128GB paquete con 2 piezas,Tarjeta microSD de 128 GB,320.2,9,1,2026-01-09 11:15:00,2026-01-31 11:45:00
1979,P01979,UGREEN Adaptador USB-C color negro,Adaptador USB-C a USB 3.0,226.13,130,1,2026-01-15 10:15:00,2026-02-23 18:45:00
1980,P01980,HP DeskJet 2875 paquete con 2 piezas,Impresora multifuncional inalámbrica,1932.42,99,1,2026-05-15 08:30:00,2026-06-21 14:30:00
1981,P01981,Logitech Teclado K120 versión estándar,Teclado alámbrico USB de tamaño completo,316.83,24,1,2026-06-19 08:15:00,2026-06-29 11:00:00
1982,P01982,Avery Etiquetas adhesivas paquete individual,Paquete de etiquetas autoadhesivas,135.73,116,1,2026-01-15 14:15:00,2026-02-07 17:15:00
1983,P01983,T-fal Juego de sartenes 3 piezas versión estándar,Juego de sartenes antiadherentes,1290.2,104,1,2026-05-09 12:45:00,2026-05-28 01:00:00
1984,P01984,Gillette Mach3 edición especial,Rastrillo para afeitar con tres hojas,172.15,147,1,2026-03-06 16:15:00,2026-03-15 18:00:00
1985,P01985,Nike Revolution 7 presentación familiar,Tenis deportivos para entrenamiento,1552.72,84,1,2026-04-06 16:15:00,2026-05-13 23:30:00
1986,P01986,JBL Go 4 color negro,Bocina portátil Bluetooth,992.54,116,1,2026-08-03 18:15:00,2026-08-28 05:00:00
1987,P01987,Avery Etiquetas adhesivas color rojo,Paquete de etiquetas autoadhesivas,124.14,93,1,2026-01-09 15:15:00,2026-02-03 22:00:00
1988,P01988,UGREEN Adaptador USB-C color azul,Adaptador USB-C a USB 3.0,269.66,66,1,2026-01-16 15:45:00,2026-01-29 04:15:00
1989,P01989,Scotch-Brite Esponjas multiusos color azul,Paquete de esponjas para limpieza doméstica,85.57,25,0,2026-06-08 10:15:00,2026-07-10 20:30:00
1990,P01990,Sterilite Caja organizadora 40L color negro,Caja plástica con tapa para almacenamiento,323.57,79,1,2026-07-14 17:00:00,2026-07-29 21:15:00
1991,P01991,Logitech Webcam C920s modelo 2026,Cámara web Full HD con micrófono estéreo,1398.04,143,1,2026-06-04 12:15:00,2026-07-04 22:30:00
1992,P01992,BIC Bolígrafo Cristal,Bolígrafo de tinta azul,12.57,40,1,2026-05-22 17:30:00,2026-06-01 23:15:00
1993,P01993,Pedigree Adulto 2kg color rojo,Alimento seco para perros adultos,172.4,13,1,2026-06-16 13:30:00,2026-06-25 00:15:00
1994,P01994,Samsung Monitor T350 24 pulgadas modelo 2026,Monitor Full HD de 24 pulgadas con panel IPS,2462.5,45,1,2026-04-22 11:30:00,2026-05-20 12:30:00
1995,P01995,Staedtler Lápiz Noris HB edición especial,Lápiz de grafito HB,13.56,112,1,2026-03-08 16:15:00,2026-04-10 19:15:00
1996,P01996,Nivea Crema corporal paquete con 2 piezas,Crema hidratante para cuerpo,123.07,95,1,2026-08-18 09:00:00,2026-09-02 15:30:00
1997,P01997,Rubbermaid Contenedor 10L color negro,Contenedor plástico para almacenamiento,193.29,95,1,2026-03-14 09:00:00,2026-03-22 12:30:00
1998,P01998,Colgate Total 12 modelo 2026,Pasta dental de protección integral,62.59,63,0,2026-04-01 10:30:00,2026-04-25 11:45:00
1999,P01999,APC Back-UPS 600VA versión estándar,Sistema de respaldo de energía de 600 VA,1571.86,16,1,2026-01-09 11:00:00,2026-02-18 12:45:00
2000,P02000,Kingston NV2 1TB paquete individual,Unidad SSD NVMe M.2 de 1 TB,1389.45,44,1,2026-07-01 09:45:00,2026-07-08 19:15:00
2001,P02001,Kong Classic M color rojo,Juguete resistente para perros,326.37,111,1,2026-07-18 17:00:00,2026-08-21 04:30:00
2002,P02002,Spalding TF-1000 edición especial,Balón de basquetbol para interiores,761.89,94,0,2026-06-01 19:30:00,2026-06-21 07:00:00
2003,P02003,JBL Go 4 paquete individual,Bocina portátil Bluetooth,1011.93,133,1,2026-05-15 11:45:00,2026-06-08 18:15:00
2004,P02004,Philips Hervidor HD9350 modelo 2026,Hervidor eléctrico de acero inoxidable,1056.04,79,1,2026-08-13 13:15:00,2026-09-12 15:00:00
2005,P02005,Gillette Mach3 color negro,Rastrillo para afeitar con tres hojas,178.71,12,1,2026-05-04 14:00:00,2026-05-25 21:15:00
2006,P02006,Whiskas Adulto 1.5kg edición especial,Alimento seco para gatos adultos,153.84,110,1,2026-04-17 12:15:00,2026-04-28 17:45:00
2007,P02007,Kingston Fury Beast 8GB presentación familiar,Memoria RAM DDR4 de 8 GB,501.37,35,1,2026-05-22 19:30:00,2026-05-25 04:45:00
2008,P02008,Tefal Plancha Ultragliss presentación familiar,Plancha de vapor para ropa,1128.97,65,0,2026-07-05 08:45:00,2026-07-05 20:45:00
2009,P02009,APC Back-UPS 600VA versión estándar,Sistema de respaldo de energía de 600 VA,1789.0,83,1,2026-09-16 12:15:00,2026-10-09 12:30:00
2010,P02010,HP DeskJet 2875 paquete individual,Impresora multifuncional inalámbrica,1668.08,80,1,2026-07-01 16:00:00,2026-08-15 18:00:00
2011,P02011,Whiskas Adulto 1.5kg presentación familiar,Alimento seco para gatos adultos,135.71,107,1,2026-07-26 14:30:00,2026-08-17 00:45:00
2012,P02012,Post-it Notas adhesivas 76x76mm paquete individual,Bloc de notas adhesivas amarillas,76.73,72,1,2026-04-27 11:00:00,2026-05-05 18:45:00
2013,P02013,Rubbermaid Contenedor 10L color azul,Contenedor plástico para almacenamiento,206.71,145,1,2026-02-07 14:15:00,2026-03-15 00:30:00
2014,P02014,Koblenz Aspiradora WD-2 paquete con 2 piezas,Aspiradora para limpieza doméstica,1462.84,27,1,2026-01-31 12:30:00,2026-02-25 21:00:00
2015,P02015,Cinsa Olla de presión 6L edición especial,Olla de presión de aluminio de 6 litros,956.47,31,1,2026-02-26 11:30:00,2026-03-10 19:45:00
2016,P02016,Logitech Mouse M185 edición especial,Mouse inalámbrico compacto con receptor USB,315.58,89,1,2026-05-21 15:30:00,2026-06-15 16:00:00
2017,P02017,Philips Hervidor HD9350 color azul,Hervidor eléctrico de acero inoxidable,961.24,7,1,2026-09-13 08:30:00,2026-10-15 20:45:00
2018,P02018,T-fal Juego de sartenes 3 piezas modelo 2026,Juego de sartenes antiadherentes,1234.87,137,1,2026-02-23 12:45:00,2026-04-04 01:30:00
2019,P02019,Wilson Pelota de tenis Championship presentación familiar,Pelota de tenis para entrenamiento,124.71,106,1,2026-03-13 09:15:00,2026-04-11 11:45:00
2020,P02020,BIC Bolígrafo Cristal color negro,Bolígrafo de tinta azul,12.69,63,1,2026-03-19 09:30:00,2026-04-24 18:30:00
2021,P02021,Kingston NV2 1TB modelo 2026,Unidad SSD NVMe M.2 de 1 TB,1414.31,32,1,2026-05-23 13:30:00,2026-06-25 14:00:00
2022,P02022,Gillette Mach3 color negro,Rastrillo para afeitar con tres hojas,181.68,28,0,2026-03-22 17:30:00,2026-03-28 22:45:00
2023,P02023,Everlast Guantes de boxeo 12 oz,Guantes de boxeo para entrenamiento,774.37,86,1,2026-04-14 14:45:00,2026-04-17 17:30:00
2024,P02024,Hamilton Beach Cafetera 12 tazas,Cafetera programable de 12 tazas,785.69,148,1,2026-08-22 14:45:00,2026-10-04 14:45:00
2025,P02025,Whiskas Adulto 1.5kg color rojo,Alimento seco para gatos adultos,140.66,87,1,2026-07-12 09:45:00,2026-07-22 20:30:00
2026,P02026,Pilot G2 versión estándar,Bolígrafo de gel de tinta negra,36.64,53,1,2026-01-15 14:00:00,2026-01-16 23:15:00
2027,P02027,Kingston Fury Beast 8GB presentación familiar,Memoria RAM DDR4 de 8 GB,526.05,142,1,2026-04-07 11:15:00,2026-05-09 21:00:00
2028,P02028,Tramontina Sartén 24cm presentación familiar,Sartén antiadherente de 24 centímetros,450.01,102,1,2026-06-06 12:00:00,2026-07-20 13:45:00
2029,P02029,Logitech Mouse M185 paquete individual,Mouse inalámbrico compacto con receptor USB,348.46,124,0,2026-05-13 14:15:00,2026-05-27 14:15:00
2030,P02030,Castrol GTX 5W-30 1L versión estándar,Aceite para motor de automóvil,165.03,127,1,2026-05-28 08:15:00,2026-06-30 19:30:00
2031,P02031,Philips Hervidor HD9350 presentación familiar,Hervidor eléctrico de acero inoxidable,1041.95,46,0,2026-02-04 19:30:00,2026-03-06 20:45:00
2032,P02032,Hamilton Beach Cafetera 12 tazas paquete con 2 piezas,Cafetera programable de 12 tazas,756.86,21,0,2026-03-08 13:15:00,2026-03-30 14:15:00
2033,P02033,LG Monitor 24MP400-B,Monitor LED Full HD de 24 pulgadas,2914.6,112,1,2026-07-18 08:15:00,2026-08-09 16:15:00
2034,P02034,Spalding TF-1000 edición especial,Balón de basquetbol para interiores,846.53,39,1,2026-08-21 12:00:00,2026-08-22 17:30:00
2035,P02035,TP-Link Archer C6 paquete individual,Router inalámbrico Gigabit AC1200,1105.16,53,1,2026-06-17 12:00:00,2026-06-27 14:30:00
2036,P02036,Bosch Bujía de encendido color negro,Bujía para motor de gasolina,126.7,42,0,2026-03-12 16:00:00,2026-03-16 04:00:00
2037,P02037,JBL Go 4 edición especial,Bocina portátil Bluetooth,1140.05,103,1,2026-07-28 16:00:00,2026-08-27 01:15:00
2038,P02038,JBL Go 4 color azul,Bocina portátil Bluetooth,1037.28,48,0,2026-04-26 08:00:00,2026-04-30 11:45:00
2039,P02039,Bosch Bujía de encendido paquete individual,Bujía para motor de gasolina,129.51,110,1,2026-05-27 12:45:00,2026-06-08 20:15:00
2040,P02040,Oster Licuadora clásica color rojo,Licuadora de vaso para preparación de alimentos,896.33,18,1,2026-02-09 11:30:00,2026-03-14 22:45:00
2041,P02041,Logitech Teclado K120 paquete con 2 piezas,Teclado alámbrico USB de tamaño completo,363.04,41,1,2026-05-22 11:15:00,2026-06-26 15:15:00
2042,P02042,JBL Go 4 presentación familiar,Bocina portátil Bluetooth,1055.67,48,1,2026-03-10 19:15:00,2026-04-03 22:30:00
2043,P02043,Kong Classic M color negro,Juguete resistente para perros,315.66,111,0,2026-03-23 14:45:00,2026-03-23 19:15:00
2044,P02044,Kingston DataTraveler Exodia 64GB,Memoria USB 3.2 de 64 GB,148.17,30,1,2026-05-26 13:30:00,2026-05-26 21:30:00
2045,P02045,Staedtler Lápiz Noris HB color rojo,Lápiz de grafito HB,16.6,33,1,2026-08-08 16:45:00,2026-09-03 21:15:00
2046,P02046,Tramontina Juego de cuchillos 6 piezas modelo 2026,Set de cuchillos para cocina,851.6,21,1,2026-06-05 15:45:00,2026-06-16 16:15:00
2047,P02047,Logitech Teclado K120 paquete individual,Teclado alámbrico USB de tamaño completo,297.46,107,1,2026-06-05 15:30:00,2026-07-05 16:30:00
2048,P02048,Kingston DataTraveler Exodia 64GB paquete individual,Memoria USB 3.2 de 64 GB,133.36,25,1,2026-04-25 19:45:00,2026-05-03 03:45:00
2049,P02049,Whiskas Adulto 1.5kg paquete con 2 piezas,Alimento seco para gatos adultos,135.87,20,1,2026-06-08 08:30:00,2026-06-28 16:45:00
2050,P02050,T-fal Juego de sartenes 3 piezas versión estándar,Juego de sartenes antiadherentes,1236.16,39,1,2026-08-28 14:45:00,2026-09-02 22:00:00
2051,P02051,Nivea Crema corporal modelo 2026,Crema hidratante para cuerpo,129.77,145,1,2026-02-24 08:00:00,2026-02-28 18:15:00
2052,P02052,Samsung Monitor T350 24 pulgadas color azul,Monitor Full HD de 24 pulgadas con panel IPS,2881.51,19,0,2026-01-04 10:30:00,2026-01-09 17:30:00
2053,P02053,Black+Decker Tostador 2 rebanadas color negro,Tostador eléctrico de dos ranuras,521.68,136,0,2026-02-21 11:30:00,2026-03-03 23:00:00
2054,P02054,Kingston DataTraveler Exodia 64GB modelo 2026,Memoria USB 3.2 de 64 GB,147.08,22,0,2026-08-08 18:15:00,2026-08-29 21:30:00
2055,P02055,Post-it Notas adhesivas 76x76mm modelo 2026,Bloc de notas adhesivas amarillas,70.94,8,1,2026-01-06 09:30:00,2026-01-17 17:30:00
2056,P02056,JBL Tune 510BT modelo 2026,Audífonos inalámbricos Bluetooth,815.65,108,1,2026-01-15 12:00:00,2026-01-19 13:00:00
2057,P02057,JBL Tune 510BT color rojo,Audífonos inalámbricos Bluetooth,986.61,74,1,2026-08-29 19:15:00,2026-10-12 06:15:00
2058,P02058,Tramontina Juego de cuchillos 6 piezas paquete con 2 piezas,Set de cuchillos para cocina,808.32,45,1,2026-08-17 16:45:00,2026-09-02 03:15:00
2059,P02059,Logitech Webcam C920s color negro,Cámara web Full HD con micrófono estéreo,1310.63,115,1,2026-01-26 16:00:00,2026-03-09 00:15:00
2060,P02060,SanDisk Ultra microSD 128GB color negro,Tarjeta microSD de 128 GB,307.13,40,1,2026-03-30 17:45:00,2026-05-06 20:00:00
2061,P02061,Avery Etiquetas adhesivas versión estándar,Paquete de etiquetas autoadhesivas,119.68,73,0,2026-01-15 14:00:00,2026-02-12 18:15:00
2062,P02062,JBL Tune 510BT color negro,Audífonos inalámbricos Bluetooth,951.27,112,0,2026-01-04 19:45:00,2026-02-16 20:00:00
2063,P02063,SanDisk Ultra microSD 128GB color negro,Tarjeta microSD de 128 GB,312.5,42,1,2026-03-29 14:00:00,2026-04-29 19:30:00
2064,P02064,Samsung Monitor T350 24 pulgadas presentación familiar,Monitor Full HD de 24 pulgadas con panel IPS,2574.23,71,1,2026-04-22 08:15:00,2026-05-02 18:00:00
2065,P02065,Tramontina Sartén 24cm presentación familiar,Sartén antiadherente de 24 centímetros,521.32,57,1,2026-06-28 15:45:00,2026-08-09 00:30:00
2066,P02066,Nivea Crema corporal color rojo,Crema hidratante para cuerpo,129.7,44,1,2026-05-05 14:15:00,2026-05-12 22:00:00
2067,P02067,BIC Bolígrafo Cristal color rojo,Bolígrafo de tinta azul,12.04,76,1,2026-07-13 16:45:00,2026-07-25 01:15:00
2068,P02068,Amazon Basics Cable HDMI 2m presentación familiar,Cable HDMI de alta velocidad de 2 metros,232.02,68,1,2026-04-25 10:45:00,2026-05-04 19:00:00
2069,P02069,Logitech Teclado K120 paquete individual,Teclado alámbrico USB de tamaño completo,308.94,46,1,2026-04-27 15:30:00,2026-04-29 17:00:00
2070,P02070,Logitech Teclado K120 color azul,Teclado alámbrico USB de tamaño completo,329.08,137,1,2026-02-23 13:30:00,2026-02-27 15:30:00
2071,P02071,Sterilite Caja organizadora 40L edición especial,Caja plástica con tapa para almacenamiento,360.75,40,0,2026-03-09 09:45:00,2026-03-13 10:45:00
2072,P02072,Cinsa Olla de presión 6L color rojo,Olla de presión de aluminio de 6 litros,952.93,1,1,2026-01-04 09:30:00,2026-01-07 17:00:00
2073,P02073,Cinsa Olla de presión 6L paquete individual,Olla de presión de aluminio de 6 litros,957.27,13,1,2026-08-20 14:15:00,2026-09-13 20:00:00
2074,P02074,Kong Classic M paquete con 2 piezas,Juguete resistente para perros,360.7,73,1,2026-01-21 16:45:00,2026-01-24 01:00:00
2075,P02075,BIC Bolígrafo Cristal color negro,Bolígrafo de tinta azul,12.47,34,1,2026-07-08 11:15:00,2026-08-08 14:45:00
2076,P02076,JBL Tune 510BT,Audífonos inalámbricos Bluetooth,835.92,114,1,2026-01-16 10:00:00,2026-02-13 22:30:00
2077,P02077,Dove Jabón corporal paquete con 2 piezas,Jabón corporal de uso diario,52.65,63,1,2026-01-17 15:15:00,2026-03-03 16:15:00
2078,P02078,Scribe Cuaderno profesional color negro,Cuaderno de hojas rayadas,94.86,146,1,2026-01-01 15:00:00,2026-02-07 16:30:00
2079,P02079,Colgate Total 12 paquete con 2 piezas,Pasta dental de protección integral,62.41,40,0,2026-02-16 10:00:00,2026-03-20 15:30:00
2080,P02080,Post-it Notas adhesivas 76x76mm versión estándar,Bloc de notas adhesivas amarillas,66.81,17,1,2026-09-10 10:45:00,2026-10-11 13:15:00
2081,P02081,SanDisk Ultra microSD 128GB color azul,Tarjeta microSD de 128 GB,272.03,42,0,2026-01-26 12:00:00,2026-01-31 22:00:00
2082,P02082,Ninja Air Fryer 4L presentación familiar,Freidora de aire de 4 litros,1846.98,9,1,2026-07-12 16:00:00,2026-07-20 18:00:00
2083,P02083,Post-it Notas adhesivas 76x76mm color rojo,Bloc de notas adhesivas amarillas,66.21,150,1,2026-03-12 08:00:00,2026-04-25 12:15:00
2084,P02084,Oster Licuadora clásica modelo 2026,Licuadora de vaso para preparación de alimentos,945.27,46,1,2026-07-15 11:15:00,2026-08-21 20:45:00
2085,P02085,Everlast Guantes de boxeo 12 oz color rojo,Guantes de boxeo para entrenamiento,678.85,56,1,2026-06-15 12:45:00,2026-06-24 18:00:00
2086,P02086,UGREEN Adaptador USB-C color azul,Adaptador USB-C a USB 3.0,254.1,13,1,2026-06-19 17:45:00,2026-07-01 02:00:00
2087,P02087,HP DeskJet 2875 paquete con 2 piezas,Impresora multifuncional inalámbrica,1730.86,45,1,2026-05-01 16:45:00,2026-06-08 05:00:00
2088,P02088,Vasconia Cacerola 24cm color negro,Cacerola de aluminio con tapa,523.86,96,1,2026-05-14 10:15:00,2026-06-13 20:30:00
2089,P02089,Puma Essentials Hoodie edición especial,Sudadera deportiva con capucha,1079.13,94,1,2026-09-10 15:15:00,2026-10-24 02:15:00
2090,P02090,Logitech Mouse G203 modelo 2026,Mouse para gaming con sensor óptico,698.1,123,1,2026-02-05 15:45:00,2026-03-19 17:15:00
2091,P02091,Philips Hervidor HD9350 versión estándar,Hervidor eléctrico de acero inoxidable,951.69,79,0,2026-03-08 16:45:00,2026-04-10 01:00:00
2092,P02092,Black+Decker Tostador 2 rebanadas presentación familiar,Tostador eléctrico de dos ranuras,544.95,98,0,2026-04-17 14:00:00,2026-05-20 20:00:00
2093,P02093,Ninja Air Fryer 4L color negro,Freidora de aire de 4 litros,1798.54,66,1,2026-09-08 09:30:00,2026-10-22 12:00:00
2094,P02094,Nivea Crema corporal versión estándar,Crema hidratante para cuerpo,126.37,101,1,2026-05-03 15:45:00,2026-05-09 20:30:00
2095,P02095,Gillette Mach3 color negro,Rastrillo para afeitar con tres hojas,176.97,105,1,2026-08-02 16:30:00,2026-08-24 02:45:00
2096,P02096,Pyrex Recipiente de vidrio 1L color rojo,Recipiente de vidrio resistente al calor,207.79,54,1,2026-04-02 14:30:00,2026-04-28 02:00:00
2097,P02097,Kong Classic M,Juguete resistente para perros,366.61,24,1,2026-03-29 16:15:00,2026-05-11 22:15:00
2098,P02098,Tramontina Sartén 24cm,Sartén antiadherente de 24 centímetros,552.96,92,1,2026-09-18 19:45:00,2026-09-25 02:15:00
2099,P02099,Kingston Fury Beast 8GB versión estándar,Memoria RAM DDR4 de 8 GB,458.53,101,1,2026-05-02 10:15:00,2026-06-05 16:15:00
2100,P02100,Colgate Total 12 paquete con 2 piezas,Pasta dental de protección integral,71.49,150,1,2026-08-30 09:00:00,2026-09-13 21:00:00
2101,P02101,Vasconia Cacerola 24cm presentación familiar,Cacerola de aluminio con tapa,534.74,138,1,2026-09-04 15:15:00,2026-09-18 01:15:00
2102,P02102,Nivea Crema corporal versión estándar,Crema hidratante para cuerpo,128.38,92,1,2026-08-28 16:45:00,2026-09-09 18:15:00
2103,P02103,Avery Etiquetas adhesivas paquete con 2 piezas,Paquete de etiquetas autoadhesivas,126.98,6,0,2026-04-16 16:30:00,2026-04-29 00:30:00
2104,P02104,Kingston DataTraveler Exodia 64GB,Memoria USB 3.2 de 64 GB,151.59,125,1,2026-02-09 15:00:00,2026-02-15 00:15:00
2105,P02105,APC Back-UPS 600VA edición especial,Sistema de respaldo de energía de 600 VA,1632.53,74,0,2026-06-16 15:00:00,2026-06-23 01:30:00
2106,P02106,BIC Bolígrafo Cristal modelo 2026,Bolígrafo de tinta azul,13.19,14,1,2026-06-23 11:30:00,2026-08-05 20:45:00
2107,P02107,Adidas Runfalcon 5 color azul,Calzado deportivo para correr,1510.28,74,0,2026-03-06 18:30:00,2026-03-17 04:45:00
2108,P02108,Logitech Teclado K120,Teclado alámbrico USB de tamaño completo,338.16,32,0,2026-07-04 09:30:00,2026-07-30 10:45:00
2109,P02109,JBL Go 4 edición especial,Bocina portátil Bluetooth,1192.36,29,1,2026-09-09 16:45:00,2026-09-13 05:15:00
2110,P02110,Nivea Crema corporal versión estándar,Crema hidratante para cuerpo,122.26,130,1,2026-03-08 17:30:00,2026-04-19 04:15:00
2111,P02111,BIC Bolígrafo Cristal versión estándar,Bolígrafo de tinta azul,11.81,48,1,2026-07-03 19:30:00,2026-08-05 06:30:00
2112,P02112,Scribe Cuaderno profesional paquete con 2 piezas,Cuaderno de hojas rayadas,83.38,144,0,2026-09-11 17:00:00,2026-10-10 23:00:00
2113,P02113,Nivea Crema corporal paquete individual,Crema hidratante para cuerpo,113.62,42,1,2026-05-19 15:00:00,2026-06-29 02:30:00
2114,P02114,Colgate Total 12 edición especial,Pasta dental de protección integral,66.53,137,1,2026-08-24 13:15:00,2026-10-04 19:30:00
2115,P02115,Pilot G2 color azul,Bolígrafo de gel de tinta negra,38.4,8,0,2026-02-09 15:45:00,2026-02-22 21:45:00
2116,P02116,Michelin Energy XM2+ presentación familiar,Neumático para automóvil,1748.25,94,1,2026-08-19 12:45:00,2026-09-19 23:00:00
2117,P02117,Dove Jabón corporal color negro,Jabón corporal de uso diario,51.89,60,1,2026-02-22 11:15:00,2026-02-24 13:15:00
2118,P02118,Kingston DataTraveler Exodia 64GB,Memoria USB 3.2 de 64 GB,125.16,14,1,2026-04-14 09:00:00,2026-05-27 17:00:00
2119,P02119,Scribe Cuaderno profesional color negro,Cuaderno de hojas rayadas,92.92,15,1,2026-06-29 10:15:00,2026-07-21 20:15:00
2120,P02120,TP-Link Archer C6 color azul,Router inalámbrico Gigabit AC1200,968.22,76,1,2026-06-25 09:45:00,2026-08-01 19:45:00
2121,P02121,Sharpie Marcador permanente color negro,Marcador permanente de punta fina,33.3,19,1,2026-06-19 12:15:00,2026-07-17 21:30:00
2122,P02122,Bosch Bujía de encendido paquete con 2 piezas,Bujía para motor de gasolina,130.92,138,1,2026-02-15 12:00:00,2026-03-24 20:30:00
2123,P02123,Dove Jabón corporal color negro,Jabón corporal de uso diario,45.84,118,1,2026-02-04 08:00:00,2026-03-11 13:30:00
2124,P02124,Samsung Monitor T350 24 pulgadas modelo 2026,Monitor Full HD de 24 pulgadas con panel IPS,2582.65,63,1,2026-08-08 15:15:00,2026-08-23 18:15:00
2125,P02125,JBL Go 4 paquete con 2 piezas,Bocina portátil Bluetooth,1221.43,94,1,2026-01-20 11:45:00,2026-01-24 17:45:00
2126,P02126,Avery Etiquetas adhesivas edición especial,Paquete de etiquetas autoadhesivas,122.39,77,1,2026-08-16 09:30:00,2026-09-21 20:30:00
2127,P02127,T-fal Juego de sartenes 3 piezas,Juego de sartenes antiadherentes,1163.45,109,1,2026-02-21 14:30:00,2026-02-21 19:00:00
2128,P02128,UGREEN Adaptador USB-C modelo 2026,Adaptador USB-C a USB 3.0,252.0,131,1,2026-06-14 11:30:00,2026-07-20 17:00:00
2129,P02129,Pedigree Adulto 2kg modelo 2026,Alimento seco para perros adultos,150.0,143,1,2026-08-18 15:00:00,2026-09-10 02:45:00
2130,P02130,Colgate Total 12 color negro,Pasta dental de protección integral,77.0,40,1,2026-06-30 11:45:00,2026-07-31 20:45:00
2131,P02131,LG Monitor 24MP400-B color azul,Monitor LED Full HD de 24 pulgadas,3124.55,51,1,2026-08-10 08:30:00,2026-09-07 15:30:00
2132,P02132,Kingston NV2 1TB edición especial,Unidad SSD NVMe M.2 de 1 TB,1483.99,106,1,2026-05-28 18:00:00,2026-06-10 01:45:00
2133,P02133,Bosch Bujía de encendido paquete individual,Bujía para motor de gasolina,138.97,150,1,2026-01-24 12:15:00,2026-02-09 13:15:00
2134,P02134,Amazon Basics Cable HDMI 2m modelo 2026,Cable HDMI de alta velocidad de 2 metros,242.38,143,1,2026-05-30 15:00:00,2026-06-08 19:15:00
2135,P02135,Pyrex Recipiente de vidrio 1L paquete con 2 piezas,Recipiente de vidrio resistente al calor,237.89,16,1,2026-07-23 16:00:00,2026-07-25 19:15:00
2136,P02136,Adidas Runfalcon 5 versión estándar,Calzado deportivo para correr,1306.15,133,1,2026-02-11 08:45:00,2026-03-04 16:00:00
2137,P02137,Everlast Guantes de boxeo 12 oz color azul,Guantes de boxeo para entrenamiento,662.64,106,1,2026-05-16 17:00:00,2026-05-27 19:00:00
2138,P02138,Rubbermaid Contenedor 10L modelo 2026,Contenedor plástico para almacenamiento,212.88,125,1,2026-03-18 11:00:00,2026-03-21 22:15:00
2139,P02139,Whiskas Adulto 1.5kg color rojo,Alimento seco para gatos adultos,140.99,14,1,2026-02-08 08:45:00,2026-03-09 18:30:00
2140,P02140,JBL Go 4 edición especial,Bocina portátil Bluetooth,1138.96,8,0,2026-09-18 12:15:00,2026-10-31 16:30:00
2141,P02141,HP DeskJet 2875 paquete con 2 piezas,Impresora multifuncional inalámbrica,1865.94,14,1,2026-04-06 08:45:00,2026-04-22 11:45:00
2142,P02142,BIC Bolígrafo Cristal paquete con 2 piezas,Bolígrafo de tinta azul,12.7,51,1,2026-05-19 09:45:00,2026-06-22 16:45:00
2143,P02143,Samsung Monitor T350 24 pulgadas color azul,Monitor Full HD de 24 pulgadas con panel IPS,2437.37,131,1,2026-04-03 13:15:00,2026-05-16 13:45:00
2144,P02144,Amazon Basics Cable HDMI 2m paquete con 2 piezas,Cable HDMI de alta velocidad de 2 metros,239.25,113,0,2026-09-13 12:30:00,2026-10-14 14:30:00
2145,P02145,Staedtler Lápiz Noris HB edición especial,Lápiz de grafito HB,14.81,94,1,2026-03-13 16:15:00,2026-04-23 21:00:00
2146,P02146,SanDisk Ultra microSD 128GB color rojo,Tarjeta microSD de 128 GB,332.97,80,1,2026-02-25 19:30:00,2026-02-28 07:00:00
2147,P02147,Samsung Monitor T350 24 pulgadas color azul,Monitor Full HD de 24 pulgadas con panel IPS,2931.44,125,1,2026-03-11 09:00:00,2026-03-28 21:30:00
2148,P02148,BIC Bolígrafo Cristal presentación familiar,Bolígrafo de tinta azul,12.19,134,1,2026-01-28 13:00:00,2026-03-14 01:45:00
2149,P02149,Kingston NV2 1TB color negro,Unidad SSD NVMe M.2 de 1 TB,1353.65,91,1,2026-08-19 13:30:00,2026-09-21 23:45:00
2150,P02150,Scotch-Brite Esponjas multiusos modelo 2026,Paquete de esponjas para limpieza doméstica,96.33,30,1,2026-02-20 12:15:00,2026-03-22 13:45:00
2151,P02151,Wilson Pelota de tenis Championship color negro,Pelota de tenis para entrenamiento,138.24,133,1,2026-09-09 16:30:00,2026-09-20 21:15:00
2152,P02152,HP DeskJet 2875 color rojo,Impresora multifuncional inalámbrica,1738.59,5,1,2026-07-01 19:45:00,2026-07-19 22:15:00
2153,P02153,Logitech Mouse G203 color azul,Mouse para gaming con sensor óptico,709.32,21,1,2026-08-30 09:15:00,2026-08-31 21:45:00
2154,P02154,Puma Essentials Hoodie color negro,Sudadera deportiva con capucha,1068.88,109,1,2026-06-29 16:45:00,2026-07-30 02:30:00
2155,P02155,Bosch Bujía de encendido edición especial,Bujía para motor de gasolina,142.06,66,0,2026-07-29 09:00:00,2026-09-01 10:00:00
2156,P02156,Gillette Mach3 color negro,Rastrillo para afeitar con tres hojas,183.93,111,1,2026-01-12 08:15:00,2026-02-04 09:30:00
2157,P02157,Kong Classic M edición especial,Juguete resistente para perros,381.83,1,1,2026-08-23 09:30:00,2026-09-08 14:30:00
2158,P02158,LG Monitor 24MP400-B paquete con 2 piezas,Monitor LED Full HD de 24 pulgadas,3233.12,13,1,2026-08-23 15:00:00,2026-10-03 18:00:00
2159,P02159,Whiskas Adulto 1.5kg edición especial,Alimento seco para gatos adultos,162.93,17,1,2026-04-25 13:15:00,2026-05-06 20:00:00
2160,P02160,Tramontina Sartén 24cm color rojo,Sartén antiadherente de 24 centímetros,500.06,52,1,2026-03-15 11:45:00,2026-04-24 17:00:00
2161,P02161,Ninja Air Fryer 4L color azul,Freidora de aire de 4 litros,1798.08,28,1,2026-06-05 13:30:00,2026-06-13 19:15:00
2162,P02162,Whiskas Adulto 1.5kg,Alimento seco para gatos adultos,140.51,25,1,2026-08-13 17:15:00,2026-08-15 17:45:00
2163,P02163,BIC Bolígrafo Cristal paquete con 2 piezas,Bolígrafo de tinta azul,12.55,24,1,2026-03-07 13:15:00,2026-04-08 23:00:00
2164,P02164,Kingston DataTraveler Exodia 64GB paquete individual,Memoria USB 3.2 de 64 GB,153.04,120,1,2026-03-26 13:15:00,2026-05-02 15:30:00
2165,P02165,Scribe Cuaderno profesional color negro,Cuaderno de hojas rayadas,89.71,141,1,2026-07-10 13:30:00,2026-08-15 17:00:00
2166,P02166,Castrol GTX 5W-30 1L,Aceite para motor de automóvil,161.94,26,1,2026-06-27 16:00:00,2026-07-14 22:00:00
2167,P02167,Whiskas Adulto 1.5kg,Alimento seco para gatos adultos,141.89,61,1,2026-01-18 16:00:00,2026-01-19 21:30:00
2168,P02168,Pyrex Recipiente de vidrio 1L color azul,Recipiente de vidrio resistente al calor,247.95,50,1,2026-05-26 09:30:00,2026-06-03 18:30:00
2169,P02169,T-fal Juego de sartenes 3 piezas color negro,Juego de sartenes antiadherentes,1302.97,80,1,2026-09-10 09:15:00,2026-10-05 19:15:00
2170,P02170,Black+Decker Tostador 2 rebanadas edición especial,Tostador eléctrico de dos ranuras,543.04,134,1,2026-03-28 17:00:00,2026-05-10 05:45:00
2171,P02171,Avery Etiquetas adhesivas edición especial,Paquete de etiquetas autoadhesivas,117.94,46,1,2026-06-01 15:15:00,2026-06-07 00:45:00
2172,P02172,Avery Etiquetas adhesivas color azul,Paquete de etiquetas autoadhesivas,138.85,45,1,2026-02-16 15:30:00,2026-03-21 02:00:00
2173,P02173,Amazon Basics Cable HDMI 2m,Cable HDMI de alta velocidad de 2 metros,225.12,69,1,2026-01-24 17:00:00,2026-02-24 20:45:00
2174,P02174,Adidas Runfalcon 5 paquete individual,Calzado deportivo para correr,1345.79,19,1,2026-07-22 08:00:00,2026-09-05 11:30:00
2175,P02175,Logitech Webcam C920s color negro,Cámara web Full HD con micrófono estéreo,1312.48,136,0,2026-04-13 18:30:00,2026-04-21 02:00:00
2176,P02176,Logitech Webcam C920s versión estándar,Cámara web Full HD con micrófono estéreo,1488.97,85,1,2026-03-18 14:15:00,2026-03-26 15:00:00
2177,P02177,Vasconia Cacerola 24cm modelo 2026,Cacerola de aluminio con tapa,552.43,25,1,2026-04-08 13:30:00,2026-05-20 14:30:00
2178,P02178,Logitech Mouse G203 presentación familiar,Mouse para gaming con sensor óptico,778.48,133,1,2026-01-04 08:45:00,2026-01-12 16:00:00
2179,P02179,Sharpie Marcador permanente color azul,Marcador permanente de punta fina,34.34,45,1,2026-08-06 16:30:00,2026-09-10 18:30:00
2180,P02180,Everlast Guantes de boxeo 12 oz paquete individual,Guantes de boxeo para entrenamiento,769.69,77,1,2026-08-22 16:30:00,2026-09-21 05:00:00
2181,P02181,Everlast Guantes de boxeo 12 oz edición especial,Guantes de boxeo para entrenamiento,770.47,27,1,2026-06-01 14:45:00,2026-07-08 22:15:00
2182,P02182,Logitech Mouse M185 paquete con 2 piezas,Mouse inalámbrico compacto con receptor USB,343.7,55,1,2026-03-12 15:45:00,2026-04-21 00:45:00
2183,P02183,Cinsa Olla de presión 6L,Olla de presión de aluminio de 6 litros,1065.73,110,1,2026-06-09 16:30:00,2026-07-20 17:00:00
2184,P02184,JBL Go 4 paquete individual,Bocina portátil Bluetooth,1045.46,35,1,2026-05-21 18:15:00,2026-06-04 00:00:00
2185,P02185,Sterilite Caja organizadora 40L versión estándar,Caja plástica con tapa para almacenamiento,333.01,73,1,2026-03-03 12:00:00,2026-04-16 14:00:00
2186,P02186,Oster Licuadora clásica,Licuadora de vaso para preparación de alimentos,876.83,35,1,2026-03-23 15:15:00,2026-04-03 20:30:00
2187,P02187,HP DeskJet 2875,Impresora multifuncional inalámbrica,1935.61,82,1,2026-04-04 10:00:00,2026-04-11 22:30:00
2188,P02188,Michelin Energy XM2+ paquete con 2 piezas,Neumático para automóvil,1831.64,101,0,2026-09-08 11:15:00,2026-10-17 13:00:00
2189,P02189,Ninja Air Fryer 4L color azul,Freidora de aire de 4 litros,1850.75,47,1,2026-06-04 08:00:00,2026-06-05 18:15:00
2190,P02190,HP DeskJet 2875 presentación familiar,Impresora multifuncional inalámbrica,1727.14,136,0,2026-06-26 16:15:00,2026-07-31 22:45:00
2191,P02191,Kingston NV2 1TB versión estándar,Unidad SSD NVMe M.2 de 1 TB,1379.06,47,1,2026-08-06 15:00:00,2026-09-13 17:45:00
2192,P02192,Scotch-Brite Esponjas multiusos,Paquete de esponjas para limpieza doméstica,83.78,24,1,2026-04-17 09:30:00,2026-04-27 11:00:00
2193,P02193,Logitech Webcam C920s,Cámara web Full HD con micrófono estéreo,1395.91,145,1,2026-04-12 10:30:00,2026-05-23 11:15:00
2194,P02194,Nivea Crema corporal color rojo,Crema hidratante para cuerpo,113.57,78,1,2026-08-29 13:30:00,2026-09-19 19:45:00
2195,P02195,Tefal Plancha Ultragliss color rojo,Plancha de vapor para ropa,1256.92,29,1,2026-09-14 11:30:00,2026-09-18 23:15:00
2196,P02196,Rubbermaid Contenedor 10L modelo 2026,Contenedor plástico para almacenamiento,211.99,127,1,2026-03-15 09:30:00,2026-04-29 12:00:00
2197,P02197,BIC Bolígrafo Cristal presentación familiar,Bolígrafo de tinta azul,12.24,67,1,2026-09-05 19:45:00,2026-09-21 02:15:00
2198,P02198,Staedtler Lápiz Noris HB presentación familiar,Lápiz de grafito HB,15.6,140,0,2026-06-24 08:00:00,2026-07-29 13:45:00
2199,P02199,Koblenz Aspiradora WD-2,Aspiradora para limpieza doméstica,1783.3,26,1,2026-07-03 18:00:00,2026-08-12 20:00:00
2200,P02200,Avery Etiquetas adhesivas presentación familiar,Paquete de etiquetas autoadhesivas,116.97,25,1,2026-01-17 12:30:00,2026-02-04 23:30:00
2201,P02201,Wilson Pelota de tenis Championship paquete individual,Pelota de tenis para entrenamiento,137.67,139,0,2026-08-28 17:45:00,2026-10-02 03:15:00
2202,P02202,Logitech Mouse G203 presentación familiar,Mouse para gaming con sensor óptico,683.37,80,1,2026-08-10 14:15:00,2026-09-04 22:00:00
2203,P02203,Everlast Guantes de boxeo 12 oz paquete individual,Guantes de boxeo para entrenamiento,704.09,147,1,2026-05-13 18:15:00,2026-05-27 06:45:00
2204,P02204,TP-Link Archer C6 presentación familiar,Router inalámbrico Gigabit AC1200,1062.24,61,1,2026-06-17 10:00:00,2026-07-03 16:15:00
2205,P02205,Pilot G2 color negro,Bolígrafo de gel de tinta negra,39.14,18,1,2026-01-21 12:45:00,2026-02-04 13:45:00
2206,P02206,BIC Bolígrafo Cristal color negro,Bolígrafo de tinta azul,13.29,17,1,2026-09-16 18:15:00,2026-09-19 05:30:00
2207,P02207,Michelin Energy XM2+ color negro,Neumático para automóvil,2058.84,144,1,2026-04-20 08:00:00,2026-04-20 19:00:00
2208,P02208,Tramontina Sartén 24cm presentación familiar,Sartén antiadherente de 24 centímetros,526.17,5,1,2026-08-23 10:45:00,2026-09-24 16:15:00
2209,P02209,Rubbermaid Contenedor 10L presentación familiar,Contenedor plástico para almacenamiento,216.65,130,1,2026-07-22 15:30:00,2026-09-01 02:15:00
2210,P02210,Michelin Energy XM2+ versión estándar,Neumático para automóvil,1824.34,113,1,2026-08-16 13:00:00,2026-08-30 16:15:00
2211,P02211,Oster Licuadora clásica presentación familiar,Licuadora de vaso para preparación de alimentos,903.76,109,1,2026-09-01 13:30:00,2026-09-11 01:15:00
2212,P02212,LG Monitor 24MP400-B versión estándar,Monitor LED Full HD de 24 pulgadas,3186.25,83,1,2026-06-01 19:15:00,2026-06-27 00:00:00
2213,P02213,Vasconia Cacerola 24cm versión estándar,Cacerola de aluminio con tapa,537.0,79,0,2026-01-01 11:30:00,2026-02-09 23:00:00
2214,P02214,Cinsa Olla de presión 6L edición especial,Olla de presión de aluminio de 6 litros,1040.29,93,1,2026-08-25 13:00:00,2026-09-25 18:00:00
2215,P02215,Ninja Air Fryer 4L presentación familiar,Freidora de aire de 4 litros,2059.71,34,1,2026-01-29 08:15:00,2026-03-09 14:15:00
2216,P02216,Koblenz Aspiradora WD-2 color azul,Aspiradora para limpieza doméstica,1503.36,69,1,2026-08-05 17:15:00,2026-08-20 22:00:00
2217,P02217,Scotch-Brite Esponjas multiusos paquete individual,Paquete de esponjas para limpieza doméstica,89.78,105,1,2026-01-31 08:30:00,2026-02-09 14:45:00
2218,P02218,Nivea Crema corporal paquete con 2 piezas,Crema hidratante para cuerpo,128.93,61,1,2026-05-19 10:00:00,2026-06-16 10:30:00
2219,P02219,Kong Classic M modelo 2026,Juguete resistente para perros,381.03,76,1,2026-03-19 19:45:00,2026-04-19 07:15:00
2220,P02220,Scotch-Brite Esponjas multiusos versión estándar,Paquete de esponjas para limpieza doméstica,90.45,94,1,2026-09-11 14:30:00,2026-09-12 15:30:00
2221,P02221,Amazon Basics Cable HDMI 2m paquete individual,Cable HDMI de alta velocidad de 2 metros,215.54,2,1,2026-01-18 17:45:00,2026-03-05 00:30:00
2222,P02222,Colgate Total 12 edición especial,Pasta dental de protección integral,68.31,7,1,2026-04-17 09:45:00,2026-06-01 18:30:00
2223,P02223,Puma Essentials Hoodie modelo 2026,Sudadera deportiva con capucha,1084.42,114,1,2026-02-09 14:30:00,2026-02-22 16:00:00
2224,P02224,Logitech Mouse G203 versión estándar,Mouse para gaming con sensor óptico,710.97,123,1,2026-08-11 14:00:00,2026-09-07 18:15:00
2225,P02225,Logitech Webcam C920s paquete con 2 piezas,Cámara web Full HD con micrófono estéreo,1352.29,81,1,2026-07-12 12:45:00,2026-08-03 00:00:00
2226,P02226,Ninja Air Fryer 4L modelo 2026,Freidora de aire de 4 litros,1886.23,109,1,2026-04-28 09:15:00,2026-05-26 18:45:00
2227,P02227,Michelin Energy XM2+ color rojo,Neumático para automóvil,1774.08,85,0,2026-02-03 17:30:00,2026-03-13 02:30:00
2228,P02228,Kingston Fury Beast 8GB color negro,Memoria RAM DDR4 de 8 GB,554.97,18,1,2026-06-08 09:30:00,2026-06-24 14:45:00
2229,P02229,Amazon Basics Cable HDMI 2m versión estándar,Cable HDMI de alta velocidad de 2 metros,219.97,65,1,2026-07-23 14:30:00,2026-08-14 22:45:00
2230,P02230,Wilson Pelota de tenis Championship color azul,Pelota de tenis para entrenamiento,139.5,109,0,2026-09-06 18:15:00,2026-10-01 05:30:00
2231,P02231,Bosch Bujía de encendido edición especial,Bujía para motor de gasolina,117.86,3,0,2026-03-17 12:15:00,2026-05-01 13:00:00
2232,P02232,Colgate Total 12 presentación familiar,Pasta dental de protección integral,73.46,77,1,2026-03-17 16:15:00,2026-04-03 03:00:00
2233,P02233,Pyrex Recipiente de vidrio 1L color azul,Recipiente de vidrio resistente al calor,225.08,33,0,2026-01-01 17:45:00,2026-01-04 04:45:00
2234,P02234,Cinsa Olla de presión 6L color azul,Olla de presión de aluminio de 6 litros,1102.91,49,1,2026-07-12 14:30:00,2026-08-06 16:00:00
2235,P02235,Kingston Fury Beast 8GB versión estándar,Memoria RAM DDR4 de 8 GB,500.45,21,1,2026-08-26 10:30:00,2026-09-02 17:45:00
2236,P02236,Cinsa Olla de presión 6L color azul,Olla de presión de aluminio de 6 litros,1034.2,95,0,2026-06-26 16:30:00,2026-08-07 20:15:00
2237,P02237,Post-it Notas adhesivas 76x76mm edición especial,Bloc de notas adhesivas amarillas,73.42,4,1,2026-03-02 08:15:00,2026-03-28 14:15:00
2238,P02238,Pedigree Adulto 2kg modelo 2026,Alimento seco para perros adultos,146.43,137,1,2026-05-27 09:15:00,2026-06-30 15:30:00
2239,P02239,Nivea Crema corporal,Crema hidratante para cuerpo,121.08,50,0,2026-06-30 08:00:00,2026-08-04 09:45:00
2240,P02240,Logitech Teclado K120 modelo 2026,Teclado alámbrico USB de tamaño completo,343.2,92,0,2026-09-09 15:00:00,2026-09-11 17:15:00
2241,P02241,T-fal Juego de sartenes 3 piezas color azul,Juego de sartenes antiadherentes,1292.31,88,1,2026-06-15 14:15:00,2026-06-27 02:15:00
2242,P02242,Tefal Plancha Ultragliss modelo 2026,Plancha de vapor para ropa,1342.61,55,1,2026-06-14 15:45:00,2026-06-16 22:15:00
2243,P02243,Logitech Webcam C920s color azul,Cámara web Full HD con micrófono estéreo,1379.49,116,1,2026-08-26 12:45:00,2026-09-08 22:15:00
2244,P02244,Wilson Pelota de tenis Championship modelo 2026,Pelota de tenis para entrenamiento,127.79,52,1,2026-02-21 09:15:00,2026-03-22 15:30:00
2245,P02245,Whiskas Adulto 1.5kg color rojo,Alimento seco para gatos adultos,138.52,75,0,2026-05-04 19:45:00,2026-05-25 22:45:00
2246,P02246,Kingston DataTraveler Exodia 64GB presentación familiar,Memoria USB 3.2 de 64 GB,145.02,114,1,2026-08-16 14:00:00,2026-09-25 22:15:00
2247,P02247,Scotch-Brite Esponjas multiusos paquete con 2 piezas,Paquete de esponjas para limpieza doméstica,96.9,17,1,2026-08-16 13:00:00,2026-09-03 18:15:00
2248,P02248,SanDisk Ultra microSD 128GB presentación familiar,Tarjeta microSD de 128 GB,295.63,6,1,2026-07-10 18:45:00,2026-07-28 19:15:00
2249,P02249,Bosch Bujía de encendido color negro,Bujía para motor de gasolina,125.12,148,1,2026-05-30 11:15:00,2026-07-14 13:30:00
2250,P02250,Post-it Notas adhesivas 76x76mm paquete con 2 piezas,Bloc de notas adhesivas amarillas,69.8,132,1,2026-04-07 16:30:00,2026-04-21 23:00:00
2251,P02251,Samsung Monitor T350 24 pulgadas presentación familiar,Monitor Full HD de 24 pulgadas con panel IPS,2706.04,21,0,2026-02-06 16:00:00,2026-03-02 03:45:00
2252,P02252,HP DeskJet 2875 versión estándar,Impresora multifuncional inalámbrica,1760.63,9,0,2026-03-05 12:45:00,2026-03-19 19:30:00
2253,P02253,Whiskas Adulto 1.5kg versión estándar,Alimento seco para gatos adultos,150.67,29,1,2026-08-24 12:45:00,2026-08-31 15:00:00
2254,P02254,Logitech Mouse M185 color rojo,Mouse inalámbrico compacto con receptor USB,369.3,56,1,2026-07-29 18:15:00,2026-09-11 06:15:00
2255,P02255,Kingston NV2 1TB edición especial,Unidad SSD NVMe M.2 de 1 TB,1380.06,50,1,2026-02-17 15:45:00,2026-03-16 01:00:00
2256,P02256,Bosch Bujía de encendido paquete con 2 piezas,Bujía para motor de gasolina,142.23,112,1,2026-06-05 14:15:00,2026-07-17 22:15:00
2257,P02257,Tefal Plancha Ultragliss modelo 2026,Plancha de vapor para ropa,1341.95,31,1,2026-07-29 10:30:00,2026-08-13 15:00:00
2258,P02258,Colgate Total 12 presentación familiar,Pasta dental de protección integral,63.67,95,1,2026-08-30 11:00:00,2026-09-22 21:00:00
2259,P02259,Logitech Mouse M185 paquete individual,Mouse inalámbrico compacto con receptor USB,328.66,3,0,2026-04-13 13:30:00,2026-05-20 14:15:00
2260,P02260,Gillette Mach3 edición especial,Rastrillo para afeitar con tres hojas,199.54,32,0,2026-06-18 14:00:00,2026-07-07 02:45:00
2261,P02261,Cinsa Olla de presión 6L versión estándar,Olla de presión de aluminio de 6 litros,999.56,144,1,2026-05-10 12:30:00,2026-06-22 22:45:00
2262,P02262,Sharpie Marcador permanente,Marcador permanente de punta fina,37.06,37,1,2026-01-28 10:15:00,2026-03-08 15:00:00
2263,P02263,SanDisk Ultra microSD 128GB color rojo,Tarjeta microSD de 128 GB,273.52,22,1,2026-05-21 12:30:00,2026-05-24 01:00:00
2264,P02264,Oster Licuadora clásica modelo 2026,Licuadora de vaso para preparación de alimentos,915.01,36,1,2026-07-14 11:00:00,2026-08-20 21:30:00
2265,P02265,Logitech Teclado K120 color azul,Teclado alámbrico USB de tamaño completo,332.98,112,1,2026-09-09 14:45:00,2026-09-19 01:30:00
2266,P02266,Scribe Cuaderno profesional modelo 2026,Cuaderno de hojas rayadas,88.28,33,1,2026-05-01 10:30:00,2026-05-19 18:00:00
2267,P02267,T-fal Juego de sartenes 3 piezas versión estándar,Juego de sartenes antiadherentes,1231.42,80,1,2026-09-05 12:30:00,2026-09-12 18:45:00
2268,P02268,Whiskas Adulto 1.5kg edición especial,Alimento seco para gatos adultos,141.01,107,1,2026-07-23 11:00:00,2026-08-23 13:30:00
2269,P02269,Philips Hervidor HD9350,Hervidor eléctrico de acero inoxidable,981.19,32,1,2026-01-10 08:00:00,2026-01-20 11:30:00
2270,P02270,Scribe Cuaderno profesional,Cuaderno de hojas rayadas,97.96,136,1,2026-01-05 19:00:00,2026-01-15 00:15:00
2271,P02271,Castrol GTX 5W-30 1L,Aceite para motor de automóvil,168.8,55,0,2026-06-30 15:45:00,2026-07-26 01:15:00
2272,P02272,APC Back-UPS 600VA presentación familiar,Sistema de respaldo de energía de 600 VA,1731.92,38,1,2026-05-16 08:15:00,2026-06-22 15:45:00
2273,P02273,Wilson Pelota de tenis Championship,Pelota de tenis para entrenamiento,142.16,40,1,2026-04-05 17:45:00,2026-05-08 05:00:00
2274,P02274,Whiskas Adulto 1.5kg,Alimento seco para gatos adultos,152.33,138,1,2026-06-28 15:30:00,2026-07-30 21:45:00
2275,P02275,Black+Decker Tostador 2 rebanadas edición especial,Tostador eléctrico de dos ranuras,467.71,60,1,2026-08-27 15:00:00,2026-09-24 01:30:00
2276,P02276,Pilot G2 paquete individual,Bolígrafo de gel de tinta negra,36.14,77,1,2026-04-21 10:45:00,2026-04-25 18:00:00
2277,P02277,Logitech Webcam C920s paquete individual,Cámara web Full HD con micrófono estéreo,1403.84,24,1,2026-07-22 09:00:00,2026-08-05 11:15:00
2278,P02278,Scribe Cuaderno profesional color negro,Cuaderno de hojas rayadas,92.71,126,1,2026-08-10 16:45:00,2026-09-19 23:15:00
2279,P02279,Rubbermaid Contenedor 10L modelo 2026,Contenedor plástico para almacenamiento,188.68,23,1,2026-05-11 08:45:00,2026-05-14 13:30:00
2280,P02280,TP-Link Archer C6 edición especial,Router inalámbrico Gigabit AC1200,1057.25,93,1,2026-07-12 14:45:00,2026-08-15 00:45:00
2281,P02281,Kingston DataTraveler Exodia 64GB paquete individual,Memoria USB 3.2 de 64 GB,140.54,107,1,2026-01-21 18:30:00,2026-03-08 02:00:00
2282,P02282,Colgate Total 12 versión estándar,Pasta dental de protección integral,66.03,23,1,2026-03-20 17:15:00,2026-03-24 01:15:00
2283,P02283,Kingston NV2 1TB color rojo,Unidad SSD NVMe M.2 de 1 TB,1481.34,81,0,2026-01-28 10:00:00,2026-02-23 12:15:00
2284,P02284,Amazon Basics Cable HDMI 2m edición especial,Cable HDMI de alta velocidad de 2 metros,223.17,59,0,2026-08-03 10:15:00,2026-08-29 18:00:00
2285,P02285,Wilson Pelota de tenis Championship,Pelota de tenis para entrenamiento,127.22,84,1,2026-08-07 14:45:00,2026-08-23 19:45:00
2286,P02286,T-fal Juego de sartenes 3 piezas presentación familiar,Juego de sartenes antiadherentes,1260.67,59,1,2026-04-22 18:45:00,2026-05-23 21:00:00
2287,P02287,HP DeskJet 2875 color negro,Impresora multifuncional inalámbrica,1871.31,13,1,2026-07-26 14:45:00,2026-08-28 15:15:00
2288,P02288,Whiskas Adulto 1.5kg presentación familiar,Alimento seco para gatos adultos,142.91,54,1,2026-03-20 10:45:00,2026-05-02 11:45:00
2289,P02289,Ninja Air Fryer 4L color azul,Freidora de aire de 4 litros,1985.18,104,1,2026-02-15 17:00:00,2026-03-13 01:00:00
2290,P02290,Samsung Monitor T350 24 pulgadas color negro,Monitor Full HD de 24 pulgadas con panel IPS,2655.86,105,0,2026-06-01 13:45:00,2026-07-07 00:00:00
2291,P02291,Logitech Webcam C920s presentación familiar,Cámara web Full HD con micrófono estéreo,1391.18,130,1,2026-06-27 11:30:00,2026-07-05 17:45:00
2292,P02292,Kong Classic M paquete con 2 piezas,Juguete resistente para perros,373.34,23,1,2026-01-22 10:15:00,2026-02-07 17:00:00
2293,P02293,Sterilite Caja organizadora 40L edición especial,Caja plástica con tapa para almacenamiento,373.72,28,0,2026-03-29 08:30:00,2026-04-08 19:00:00
2294,P02294,Logitech Webcam C920s,Cámara web Full HD con micrófono estéreo,1270.45,5,0,2026-05-19 15:00:00,2026-06-29 03:00:00
2295,P02295,Rubbermaid Contenedor 10L color azul,Contenedor plástico para almacenamiento,212.43,12,1,2026-01-06 13:30:00,2026-01-31 21:45:00
2296,P02296,Koblenz Aspiradora WD-2 modelo 2026,Aspiradora para limpieza doméstica,1557.72,97,0,2026-02-23 16:00:00,2026-03-21 01:00:00
2297,P02297,Tefal Plancha Ultragliss paquete con 2 piezas,Plancha de vapor para ropa,1197.35,31,1,2026-02-25 13:30:00,2026-03-25 15:30:00
2298,P02298,Sterilite Caja organizadora 40L color rojo,Caja plástica con tapa para almacenamiento,329.99,102,0,2026-08-20 12:00:00,2026-09-04 18:15:00
2299,P02299,BIC Bolígrafo Cristal color negro,Bolígrafo de tinta azul,11.41,88,1,2026-04-12 18:15:00,2026-05-27 04:15:00
2300,P02300,Pedigree Adulto 2kg paquete individual,Alimento seco para perros adultos,153.8,129,1,2026-03-08 17:45:00,2026-03-24 19:15:00
2301,P02301,Staedtler Lápiz Noris HB color rojo,Lápiz de grafito HB,13.68,121,1,2026-09-07 09:00:00,2026-10-04 11:15:00
2302,P02302,Pedigree Adulto 2kg paquete con 2 piezas,Alimento seco para perros adultos,168.5,147,1,2026-03-14 15:30:00,2026-03-30 21:00:00
2303,P02303,APC Back-UPS 600VA color azul,Sistema de respaldo de energía de 600 VA,1561.81,145,0,2026-04-05 13:30:00,2026-04-24 13:45:00
2304,P02304,Kong Classic M paquete con 2 piezas,Juguete resistente para perros,329.44,118,1,2026-03-06 10:45:00,2026-03-21 16:30:00
2305,P02305,Adidas Runfalcon 5 versión estándar,Calzado deportivo para correr,1530.65,111,0,2026-05-11 13:15:00,2026-06-17 23:15:00
2306,P02306,Logitech Teclado K120,Teclado alámbrico USB de tamaño completo,331.22,66,1,2026-09-02 08:45:00,2026-09-14 21:00:00
2307,P02307,Koblenz Aspiradora WD-2 edición especial,Aspiradora para limpieza doméstica,1640.04,16,1,2026-06-24 18:15:00,2026-08-05 00:00:00
2308,P02308,Amazon Basics Cable HDMI 2m paquete individual,Cable HDMI de alta velocidad de 2 metros,240.37,135,1,2026-03-03 09:30:00,2026-03-22 22:15:00
2309,P02309,SanDisk Ultra microSD 128GB modelo 2026,Tarjeta microSD de 128 GB,305.8,32,1,2026-04-12 09:45:00,2026-05-03 09:45:00
2310,P02310,Pyrex Recipiente de vidrio 1L color azul,Recipiente de vidrio resistente al calor,233.81,149,1,2026-03-09 13:15:00,2026-04-07 19:15:00
2311,P02311,Everlast Guantes de boxeo 12 oz edición especial,Guantes de boxeo para entrenamiento,740.33,150,1,2026-03-23 10:30:00,2026-04-03 18:00:00
2312,P02312,Nivea Crema corporal edición especial,Crema hidratante para cuerpo,117.49,63,1,2026-03-05 13:00:00,2026-03-25 13:15:00
2313,P02313,Nike Revolution 7 color azul,Tenis deportivos para entrenamiento,1635.23,100,1,2026-05-01 14:30:00,2026-06-09 20:45:00
2314,P02314,JBL Tune 510BT modelo 2026,Audífonos inalámbricos Bluetooth,996.41,74,1,2026-02-17 12:00:00,2026-04-01 17:00:00
2315,P02315,Castrol GTX 5W-30 1L edición especial,Aceite para motor de automóvil,143.62,18,1,2026-02-26 19:45:00,2026-03-18 04:00:00
2316,P02316,Michelin Energy XM2+ color rojo,Neumático para automóvil,1709.62,15,0,2026-05-30 11:00:00,2026-06-04 16:00:00
2317,P02317,TP-Link Archer C6 presentación familiar,Router inalámbrico Gigabit AC1200,1018.21,97,1,2026-05-18 17:00:00,2026-05-20 23:30:00
2318,P02318,Ninja Air Fryer 4L modelo 2026,Freidora de aire de 4 litros,1874.32,150,1,2026-08-07 13:15:00,2026-08-13 18:45:00
2319,P02319,Sterilite Caja organizadora 40L presentación familiar,Caja plástica con tapa para almacenamiento,319.15,79,1,2026-02-02 09:15:00,2026-03-17 18:00:00
2320,P02320,Gillette Mach3 presentación familiar,Rastrillo para afeitar con tres hojas,187.45,68,1,2026-01-14 16:30:00,2026-01-14 21:15:00
2321,P02321,Wilson Pelota de tenis Championship paquete individual,Pelota de tenis para entrenamiento,123.75,113,1,2026-07-12 10:15:00,2026-07-27 17:00:00
2322,P02322,JBL Tune 510BT modelo 2026,Audífonos inalámbricos Bluetooth,890.63,111,0,2026-05-24 08:30:00,2026-07-01 13:00:00
2323,P02323,Logitech Mouse G203 paquete individual,Mouse para gaming con sensor óptico,655.56,109,0,2026-01-11 13:15:00,2026-01-29 20:45:00
2324,P02324,Michelin Energy XM2+ color negro,Neumático para automóvil,1876.01,123,0,2026-03-19 11:30:00,2026-04-15 19:00:00
2325,P02325,SanDisk Ultra microSD 128GB,Tarjeta microSD de 128 GB,296.91,97,1,2026-06-24 15:30:00,2026-07-25 22:45:00
2326,P02326,Black+Decker Tostador 2 rebanadas presentación familiar,Tostador eléctrico de dos ranuras,503.14,97,0,2026-05-24 14:15:00,2026-05-28 21:45:00
2327,P02327,Pedigree Adulto 2kg versión estándar,Alimento seco para perros adultos,175.57,113,1,2026-05-29 13:15:00,2026-06-04 00:30:00
2328,P02328,UGREEN Adaptador USB-C versión estándar,Adaptador USB-C a USB 3.0,226.94,7,1,2026-04-10 19:00:00,2026-05-05 03:30:00
2329,P02329,Adidas Runfalcon 5 color negro,Calzado deportivo para correr,1319.07,79,1,2026-03-31 13:45:00,2026-04-26 21:00:00
2330,P02330,Wilson Pelota de tenis Championship color rojo,Pelota de tenis para entrenamiento,144.04,31,1,2026-08-06 12:45:00,2026-08-18 16:30:00
2331,P02331,UGREEN Adaptador USB-C versión estándar,Adaptador USB-C a USB 3.0,261.36,44,1,2026-04-06 18:00:00,2026-05-09 19:30:00
2332,P02332,Logitech Mouse M185 color negro,Mouse inalámbrico compacto con receptor USB,372.51,124,1,2026-01-18 15:30:00,2026-03-03 19:00:00
2333,P02333,Kingston NV2 1TB presentación familiar,Unidad SSD NVMe M.2 de 1 TB,1421.38,137,1,2026-09-06 16:15:00,2026-09-27 19:15:00
2334,P02334,Kong Classic M,Juguete resistente para perros,336.62,92,1,2026-07-10 13:45:00,2026-08-08 16:00:00
2335,P02335,Rubbermaid Contenedor 10L color rojo,Contenedor plástico para almacenamiento,198.74,9,1,2026-02-21 08:45:00,2026-02-23 16:15:00
2336,P02336,HP DeskJet 2875 paquete con 2 piezas,Impresora multifuncional inalámbrica,1810.75,78,1,2026-05-16 15:00:00,2026-05-22 21:30:00
2337,P02337,Tramontina Sartén 24cm color rojo,Sartén antiadherente de 24 centímetros,478.45,65,1,2026-06-24 11:15:00,2026-07-01 15:15:00
2338,P02338,Colgate Total 12,Pasta dental de protección integral,74.7,14,1,2026-07-29 17:00:00,2026-08-17 19:45:00
2339,P02339,Logitech Mouse M185,Mouse inalámbrico compacto con receptor USB,364.71,128,1,2026-09-10 15:30:00,2026-09-25 22:30:00
2340,P02340,Amazon Basics Cable HDMI 2m paquete con 2 piezas,Cable HDMI de alta velocidad de 2 metros,230.27,53,1,2026-04-25 17:45:00,2026-05-26 05:30:00
2341,P02341,Gillette Mach3 paquete individual,Rastrillo para afeitar con tres hojas,187.65,47,1,2026-08-22 09:00:00,2026-10-05 09:15:00
2342,P02342,Samsung Monitor T350 24 pulgadas modelo 2026,Monitor Full HD de 24 pulgadas con panel IPS,2784.88,25,1,2026-01-25 17:15:00,2026-02-10 18:30:00
2343,P02343,T-fal Juego de sartenes 3 piezas color rojo,Juego de sartenes antiadherentes,1221.91,37,1,2026-05-24 08:30:00,2026-06-25 19:45:00
2344,P02344,HP DeskJet 2875 color negro,Impresora multifuncional inalámbrica,1811.96,54,1,2026-05-10 08:15:00,2026-05-22 13:15:00
2345,P02345,TP-Link Archer C6 modelo 2026,Router inalámbrico Gigabit AC1200,1008.0,88,1,2026-04-02 15:00:00,2026-05-14 16:30:00
2346,P02346,Oster Licuadora clásica edición especial,Licuadora de vaso para preparación de alimentos,850.43,134,1,2026-07-20 13:00:00,2026-08-12 18:30:00
2347,P02347,Everlast Guantes de boxeo 12 oz edición especial,Guantes de boxeo para entrenamiento,722.77,42,1,2026-07-25 15:15:00,2026-07-25 18:15:00
2348,P02348,Nike Revolution 7 color negro,Tenis deportivos para entrenamiento,1782.69,125,1,2026-05-01 08:30:00,2026-06-14 13:15:00
2349,P02349,Michelin Energy XM2+ modelo 2026,Neumático para automóvil,2034.71,10,1,2026-06-24 12:30:00,2026-07-12 21:30:00
2350,P02350,Kong Classic M paquete con 2 piezas,Juguete resistente para perros,338.53,95,0,2026-08-28 09:45:00,2026-10-04 21:00:00
2351,P02351,SanDisk Ultra microSD 128GB paquete con 2 piezas,Tarjeta microSD de 128 GB,273.22,115,0,2026-02-28 10:45:00,2026-03-26 12:45:00
2352,P02352,LG Monitor 24MP400-B versión estándar,Monitor LED Full HD de 24 pulgadas,2615.16,149,1,2026-03-28 08:45:00,2026-04-07 08:45:00
2353,P02353,APC Back-UPS 600VA modelo 2026,Sistema de respaldo de energía de 600 VA,1721.43,134,1,2026-09-12 18:30:00,2026-10-20 18:30:00
2354,P02354,Ninja Air Fryer 4L presentación familiar,Freidora de aire de 4 litros,1818.35,0,1,2026-03-04 11:15:00,2026-04-06 15:15:00
2355,P02355,Pyrex Recipiente de vidrio 1L versión estándar,Recipiente de vidrio resistente al calor,235.43,136,1,2026-04-13 19:00:00,2026-05-28 23:15:00
2356,P02356,Logitech Mouse G203 paquete individual,Mouse para gaming con sensor óptico,762.37,118,0,2026-04-03 14:15:00,2026-04-27 17:15:00
2357,P02357,APC Back-UPS 600VA paquete individual,Sistema de respaldo de energía de 600 VA,1555.96,94,1,2026-04-21 14:15:00,2026-05-19 00:45:00
2358,P02358,Logitech Mouse G203 versión estándar,Mouse para gaming con sensor óptico,731.27,145,1,2026-06-03 16:15:00,2026-07-06 23:30:00
2359,P02359,Koblenz Aspiradora WD-2 versión estándar,Aspiradora para limpieza doméstica,1739.24,33,1,2026-05-20 11:00:00,2026-06-03 21:45:00
2360,P02360,Michelin Energy XM2+ color azul,Neumático para automóvil,2036.8,143,1,2026-09-04 08:45:00,2026-09-21 19:30:00
2361,P02361,Kingston NV2 1TB color negro,Unidad SSD NVMe M.2 de 1 TB,1497.37,49,1,2026-01-17 14:45:00,2026-01-22 00:00:00
2362,P02362,Nike Revolution 7 paquete con 2 piezas,Tenis deportivos para entrenamiento,1685.61,65,0,2026-07-19 16:30:00,2026-08-21 19:15:00
2363,P02363,Avery Etiquetas adhesivas paquete con 2 piezas,Paquete de etiquetas autoadhesivas,120.78,148,1,2026-04-20 11:15:00,2026-06-03 16:00:00
2364,P02364,Avery Etiquetas adhesivas modelo 2026,Paquete de etiquetas autoadhesivas,121.43,23,1,2026-04-25 13:45:00,2026-06-07 21:45:00
2365,P02365,Dove Jabón corporal versión estándar,Jabón corporal de uso diario,50.17,108,1,2026-09-11 10:15:00,2026-09-29 19:30:00
2366,P02366,SanDisk Ultra microSD 128GB color negro,Tarjeta microSD de 128 GB,270.09,4,1,2026-08-18 19:00:00,2026-09-27 07:00:00
2367,P02367,TP-Link Archer C6 versión estándar,Router inalámbrico Gigabit AC1200,1066.43,87,1,2026-02-23 15:30:00,2026-03-12 21:00:00
2368,P02368,Pilot G2 color rojo,Bolígrafo de gel de tinta negra,41.58,79,1,2026-04-14 12:00:00,2026-05-13 20:00:00
2369,P02369,Everlast Guantes de boxeo 12 oz paquete con 2 piezas,Guantes de boxeo para entrenamiento,687.38,10,1,2026-02-13 08:45:00,2026-02-21 10:00:00
2370,P02370,Kingston Fury Beast 8GB edición especial,Memoria RAM DDR4 de 8 GB,472.6,134,1,2026-05-19 18:15:00,2026-05-22 04:30:00
2371,P02371,Gillette Mach3 edición especial,Rastrillo para afeitar con tres hojas,189.85,121,1,2026-03-25 19:15:00,2026-04-04 23:00:00
2372,P02372,APC Back-UPS 600VA paquete individual,Sistema de respaldo de energía de 600 VA,1802.28,115,1,2026-03-04 14:00:00,2026-04-02 02:15:00
2373,P02373,Colgate Total 12,Pasta dental de protección integral,67.38,52,1,2026-05-02 16:30:00,2026-05-24 17:15:00
2374,P02374,SanDisk Ultra microSD 128GB modelo 2026,Tarjeta microSD de 128 GB,289.87,133,1,2026-05-12 09:00:00,2026-06-24 21:45:00
2375,P02375,Hamilton Beach Cafetera 12 tazas paquete con 2 piezas,Cafetera programable de 12 tazas,764.53,63,0,2026-06-19 17:45:00,2026-07-01 23:00:00
2376,P02376,SanDisk Ultra microSD 128GB color negro,Tarjeta microSD de 128 GB,325.94,13,1,2026-03-19 12:15:00,2026-04-23 19:15:00
2377,P02377,Spalding TF-1000 presentación familiar,Balón de basquetbol para interiores,815.38,124,1,2026-07-28 12:00:00,2026-08-23 15:15:00
2378,P02378,Logitech Teclado K120,Teclado alámbrico USB de tamaño completo,352.2,10,0,2026-04-23 18:15:00,2026-05-31 00:30:00
2379,P02379,Hamilton Beach Cafetera 12 tazas color negro,Cafetera programable de 12 tazas,724.21,100,1,2026-02-27 12:15:00,2026-04-12 12:15:00
2380,P02380,Koblenz Aspiradora WD-2 paquete con 2 piezas,Aspiradora para limpieza doméstica,1554.7,99,1,2026-05-19 15:30:00,2026-06-03 19:45:00
2381,P02381,Logitech Webcam C920s modelo 2026,Cámara web Full HD con micrófono estéreo,1508.47,83,0,2026-03-06 15:45:00,2026-03-15 04:00:00
2382,P02382,Sharpie Marcador permanente edición especial,Marcador permanente de punta fina,38.77,133,0,2026-02-13 13:30:00,2026-03-08 01:00:00
2383,P02383,HP DeskJet 2875,Impresora multifuncional inalámbrica,1825.99,146,1,2026-05-13 10:00:00,2026-06-17 14:30:00
2384,P02384,LG Monitor 24MP400-B color negro,Monitor LED Full HD de 24 pulgadas,3244.15,55,1,2026-01-01 16:00:00,2026-01-01 16:45:00
2385,P02385,Nivea Crema corporal presentación familiar,Crema hidratante para cuerpo,129.43,82,1,2026-07-08 14:30:00,2026-07-17 02:30:00
2386,P02386,Wilson Pelota de tenis Championship versión estándar,Pelota de tenis para entrenamiento,136.4,66,1,2026-09-15 19:45:00,2026-10-15 07:30:00
2387,P02387,Post-it Notas adhesivas 76x76mm versión estándar,Bloc de notas adhesivas amarillas,63.58,53,0,2026-06-24 09:45:00,2026-07-01 12:45:00
2388,P02388,Pilot G2,Bolígrafo de gel de tinta negra,42.16,29,0,2026-01-29 14:30:00,2026-01-30 17:00:00
2389,P02389,Rubbermaid Contenedor 10L modelo 2026,Contenedor plástico para almacenamiento,212.01,116,1,2026-03-01 10:00:00,2026-03-30 22:00:00
2390,P02390,Gillette Mach3 color rojo,Rastrillo para afeitar con tres hojas,187.72,130,1,2026-01-22 08:15:00,2026-01-24 18:45:00
2391,P02391,Puma Essentials Hoodie,Sudadera deportiva con capucha,1003.68,88,1,2026-08-11 17:30:00,2026-08-23 04:30:00
2392,P02392,Kingston DataTraveler Exodia 64GB versión estándar,Memoria USB 3.2 de 64 GB,154.25,44,1,2026-03-21 18:00:00,2026-04-30 04:30:00
2393,P02393,Tramontina Sartén 24cm edición especial,Sartén antiadherente de 24 centímetros,475.67,24,1,2026-05-23 11:45:00,2026-06-24 21:30:00
2394,P02394,Pedigree Adulto 2kg paquete con 2 piezas,Alimento seco para perros adultos,168.28,136,0,2026-07-27 12:45:00,2026-07-30 23:45:00
2395,P02395,Hamilton Beach Cafetera 12 tazas paquete con 2 piezas,Cafetera programable de 12 tazas,774.85,37,1,2026-06-01 12:45:00,2026-06-06 15:15:00
2396,P02396,Tefal Plancha Ultragliss paquete individual,Plancha de vapor para ropa,1146.05,56,1,2026-01-01 13:00:00,2026-01-15 00:45:00
2397,P02397,Sharpie Marcador permanente presentación familiar,Marcador permanente de punta fina,39.12,99,1,2026-09-01 16:00:00,2026-09-06 16:00:00
2398,P02398,Logitech Teclado K120,Teclado alámbrico USB de tamaño completo,337.92,20,1,2026-02-07 11:15:00,2026-02-13 16:15:00
2399,P02399,Vasconia Cacerola 24cm color negro,Cacerola de aluminio con tapa,457.41,106,1,2026-03-22 17:00:00,2026-04-23 20:00:00
2400,P02400,Bosch Bujía de encendido edición especial,Bujía para motor de gasolina,119.41,91,0,2026-03-09 08:00:00,2026-04-19 15:45:00
2401,P02401,Logitech Teclado K120 color azul,Teclado alámbrico USB de tamaño completo,332.55,47,0,2026-01-24 10:00:00,2026-02-25 19:00:00
2402,P02402,APC Back-UPS 600VA versión estándar,Sistema de respaldo de energía de 600 VA,1629.81,88,1,2026-05-23 18:45:00,2026-07-07 01:15:00
2403,P02403,Whiskas Adulto 1.5kg,Alimento seco para gatos adultos,153.42,14,1,2026-01-02 11:15:00,2026-01-18 13:45:00
2404,P02404,Vasconia Cacerola 24cm color azul,Cacerola de aluminio con tapa,479.13,148,0,2026-05-19 18:30:00,2026-07-04 01:15:00
2405,P02405,HP DeskJet 2875,Impresora multifuncional inalámbrica,1673.01,122,1,2026-09-02 15:45:00,2026-09-24 16:30:00
2406,P02406,Kingston DataTraveler Exodia 64GB,Memoria USB 3.2 de 64 GB,153.71,54,1,2026-04-15 19:00:00,2026-04-24 05:00:00
2407,P02407,Rubbermaid Contenedor 10L paquete individual,Contenedor plástico para almacenamiento,194.25,4,1,2026-07-01 16:45:00,2026-07-26 02:45:00
2408,P02408,Tefal Plancha Ultragliss versión estándar,Plancha de vapor para ropa,1273.86,149,1,2026-07-15 12:00:00,2026-08-15 13:45:00
2409,P02409,Kingston DataTraveler Exodia 64GB,Memoria USB 3.2 de 64 GB,147.36,74,1,2026-04-11 17:15:00,2026-05-13 03:45:00
2410,P02410,Spalding TF-1000 modelo 2026,Balón de basquetbol para interiores,792.8,107,1,2026-01-20 15:15:00,2026-03-04 16:45:00
2411,P02411,Spalding TF-1000 paquete con 2 piezas,Balón de basquetbol para interiores,883.24,38,1,2026-05-05 14:45:00,2026-06-12 18:45:00
2412,P02412,Sterilite Caja organizadora 40L versión estándar,Caja plástica con tapa para almacenamiento,375.54,28,1,2026-02-25 14:45:00,2026-03-28 19:15:00
2413,P02413,Nivea Crema corporal color rojo,Crema hidratante para cuerpo,120.62,113,1,2026-06-12 12:45:00,2026-07-05 22:00:00
2414,P02414,LG Monitor 24MP400-B modelo 2026,Monitor LED Full HD de 24 pulgadas,2726.76,147,0,2026-06-22 16:45:00,2026-07-30 21:15:00
2415,P02415,Sharpie Marcador permanente color rojo,Marcador permanente de punta fina,34.22,70,1,2026-06-25 13:15:00,2026-07-11 17:00:00
2416,P02416,Samsung Monitor T350 24 pulgadas paquete individual,Monitor Full HD de 24 pulgadas con panel IPS,2444.97,119,1,2026-08-06 17:30:00,2026-08-24 03:45:00
2417,P02417,Post-it Notas adhesivas 76x76mm modelo 2026,Bloc de notas adhesivas amarillas,66.16,86,1,2026-07-31 08:45:00,2026-08-29 12:45:00
2418,P02418,Whiskas Adulto 1.5kg color rojo,Alimento seco para gatos adultos,151.27,78,1,2026-09-02 16:30:00,2026-09-09 18:15:00
2419,P02419,Pyrex Recipiente de vidrio 1L color negro,Recipiente de vidrio resistente al calor,256.16,11,1,2026-07-20 08:00:00,2026-08-12 08:30:00
2420,P02420,Hamilton Beach Cafetera 12 tazas modelo 2026,Cafetera programable de 12 tazas,869.88,99,0,2026-07-21 13:30:00,2026-08-22 17:30:00
2421,P02421,LG Monitor 24MP400-B modelo 2026,Monitor LED Full HD de 24 pulgadas,2834.93,111,1,2026-01-21 10:00:00,2026-02-15 17:45:00
2422,P02422,Michelin Energy XM2+ color rojo,Neumático para automóvil,2076.84,137,1,2026-06-05 11:15:00,2026-06-06 15:00:00
2423,P02423,Black+Decker Tostador 2 rebanadas color negro,Tostador eléctrico de dos ranuras,490.32,79,1,2026-06-14 11:30:00,2026-06-17 18:45:00
2424,P02424,Oster Licuadora clásica paquete individual,Licuadora de vaso para preparación de alimentos,897.47,68,0,2026-03-15 19:00:00,2026-04-30 04:00:00
2425,P02425,UGREEN Adaptador USB-C paquete individual,Adaptador USB-C a USB 3.0,225.84,98,1,2026-07-01 15:45:00,2026-07-19 22:00:00
2426,P02426,Bosch Bujía de encendido presentación familiar,Bujía para motor de gasolina,125.09,64,1,2026-09-01 12:45:00,2026-10-14 20:30:00
2427,P02427,Dove Jabón corporal paquete individual,Jabón corporal de uso diario,48.8,71,0,2026-03-15 19:30:00,2026-04-26 23:00:00
2428,P02428,Wilson Pelota de tenis Championship paquete con 2 piezas,Pelota de tenis para entrenamiento,125.58,56,1,2026-03-10 14:00:00,2026-04-12 23:15:00
2429,P02429,APC Back-UPS 600VA,Sistema de respaldo de energía de 600 VA,1603.99,122,1,2026-01-29 19:15:00,2026-03-16 05:45:00
2430,P02430,Pilot G2,Bolígrafo de gel de tinta negra,39.97,44,1,2026-05-29 09:45:00,2026-07-03 22:30:00
2431,P02431,BIC Bolígrafo Cristal modelo 2026,Bolígrafo de tinta azul,11.31,148,1,2026-07-19 18:00:00,2026-08-13 00:00:00
2432,P02432,Gillette Mach3 presentación familiar,Rastrillo para afeitar con tres hojas,185.25,43,1,2026-02-11 13:45:00,2026-03-04 21:45:00
2433,P02433,Spalding TF-1000 paquete individual,Balón de basquetbol para interiores,783.27,92,1,2026-08-17 19:45:00,2026-09-18 21:15:00
2434,P02434,Samsung Monitor T350 24 pulgadas color negro,Monitor Full HD de 24 pulgadas con panel IPS,2636.4,128,1,2026-01-03 10:00:00,2026-02-07 20:15:00
2435,P02435,Post-it Notas adhesivas 76x76mm edición especial,Bloc de notas adhesivas amarillas,71.06,35,1,2026-02-23 17:30:00,2026-03-07 19:30:00
2436,P02436,Rubbermaid Contenedor 10L paquete con 2 piezas,Contenedor plástico para almacenamiento,196.81,11,1,2026-03-05 12:00:00,2026-03-15 16:45:00
2437,P02437,Tramontina Sartén 24cm edición especial,Sartén antiadherente de 24 centímetros,525.47,22,1,2026-04-28 10:30:00,2026-06-09 14:45:00
2438,P02438,Vasconia Cacerola 24cm color azul,Cacerola de aluminio con tapa,550.24,51,1,2026-02-15 12:15:00,2026-03-09 14:15:00
2439,P02439,Spalding TF-1000 paquete con 2 piezas,Balón de basquetbol para interiores,755.28,82,1,2026-08-22 10:45:00,2026-09-08 14:45:00
2440,P02440,BIC Bolígrafo Cristal edición especial,Bolígrafo de tinta azul,11.04,87,1,2026-06-05 15:30:00,2026-06-27 19:15:00
2441,P02441,Koblenz Aspiradora WD-2,Aspiradora para limpieza doméstica,1751.77,103,1,2026-02-01 15:30:00,2026-02-20 22:45:00
2442,P02442,Logitech Mouse M185 edición especial,Mouse inalámbrico compacto con receptor USB,368.37,79,1,2026-05-24 18:00:00,2026-05-28 05:45:00
2443,P02443,UGREEN Adaptador USB-C versión estándar,Adaptador USB-C a USB 3.0,243.7,14,1,2026-06-10 15:00:00,2026-06-29 00:00:00
2444,P02444,Tefal Plancha Ultragliss color azul,Plancha de vapor para ropa,1294.88,69,1,2026-05-23 11:30:00,2026-06-11 20:45:00
2445,P02445,Vasconia Cacerola 24cm paquete con 2 piezas,Cacerola de aluminio con tapa,490.98,22,1,2026-04-03 14:00:00,2026-04-22 15:30:00
2446,P02446,TP-Link Archer C6 paquete individual,Router inalámbrico Gigabit AC1200,926.94,75,1,2026-03-23 15:45:00,2026-04-08 22:15:00
2447,P02447,Kingston DataTraveler Exodia 64GB modelo 2026,Memoria USB 3.2 de 64 GB,126.96,146,1,2026-03-06 14:15:00,2026-03-20 18:15:00
2448,P02448,Kingston NV2 1TB presentación familiar,Unidad SSD NVMe M.2 de 1 TB,1535.61,120,0,2026-01-29 09:30:00,2026-03-10 17:00:00
2449,P02449,Philips Hervidor HD9350 color azul,Hervidor eléctrico de acero inoxidable,1012.23,66,1,2026-02-03 16:45:00,2026-02-08 00:15:00
2450,P02450,JBL Go 4 paquete con 2 piezas,Bocina portátil Bluetooth,1191.1,135,0,2026-02-05 12:45:00,2026-03-18 14:00:00
2451,P02451,Gillette Mach3 color azul,Rastrillo para afeitar con tres hojas,178.66,98,1,2026-02-28 19:00:00,2026-03-09 05:30:00
2452,P02452,Koblenz Aspiradora WD-2 paquete con 2 piezas,Aspiradora para limpieza doméstica,1781.82,95,1,2026-06-09 14:15:00,2026-07-01 23:30:00
2453,P02453,Castrol GTX 5W-30 1L,Aceite para motor de automóvil,175.41,51,1,2026-01-06 15:30:00,2026-01-18 03:45:00
2454,P02454,Spalding TF-1000 versión estándar,Balón de basquetbol para interiores,806.31,16,1,2026-07-26 19:45:00,2026-08-20 06:45:00
2455,P02455,Oster Licuadora clásica,Licuadora de vaso para preparación de alimentos,957.75,79,1,2026-02-19 09:15:00,2026-03-11 10:00:00
2456,P02456,Vasconia Cacerola 24cm color azul,Cacerola de aluminio con tapa,512.35,133,1,2026-06-20 09:30:00,2026-06-25 17:30:00
2457,P02457,Tramontina Juego de cuchillos 6 piezas color negro,Set de cuchillos para cocina,729.08,20,1,2026-03-17 19:45:00,2026-03-26 20:15:00
2458,P02458,Scribe Cuaderno profesional edición especial,Cuaderno de hojas rayadas,92.28,86,0,2026-08-30 18:00:00,2026-09-04 05:45:00
2459,P02459,T-fal Juego de sartenes 3 piezas edición especial,Juego de sartenes antiadherentes,1286.24,84,1,2026-07-12 12:45:00,2026-08-23 17:00:00
2460,P02460,UGREEN Adaptador USB-C color negro,Adaptador USB-C a USB 3.0,275.45,86,1,2026-01-15 13:45:00,2026-01-25 02:30:00
2461,P02461,Scribe Cuaderno profesional modelo 2026,Cuaderno de hojas rayadas,81.83,137,1,2026-06-04 19:00:00,2026-06-13 03:30:00
2462,P02462,Tefal Plancha Ultragliss color azul,Plancha de vapor para ropa,1175.49,122,1,2026-06-12 17:15:00,2026-07-23 19:30:00
2463,P02463,Logitech Teclado K120 edición especial,Teclado alámbrico USB de tamaño completo,359.8,5,1,2026-03-22 15:00:00,2026-03-24 16:15:00
2464,P02464,BIC Bolígrafo Cristal modelo 2026,Bolígrafo de tinta azul,12.48,137,1,2026-06-09 15:30:00,2026-06-20 01:30:00
2465,P02465,T-fal Juego de sartenes 3 piezas color azul,Juego de sartenes antiadherentes,1275.41,111,1,2026-06-30 09:30:00,2026-08-09 21:45:00
2466,P02466,Castrol GTX 5W-30 1L edición especial,Aceite para motor de automóvil,173.77,34,0,2026-09-07 10:30:00,2026-09-24 21:45:00
2467,P02467,HP DeskJet 2875 edición especial,Impresora multifuncional inalámbrica,1756.96,150,1,2026-05-07 18:45:00,2026-06-19 01:15:00
2468,P02468,Spalding TF-1000,Balón de basquetbol para interiores,752.34,35,0,2026-07-02 13:15:00,2026-07-05 16:00:00
2469,P02469,Pyrex Recipiente de vidrio 1L versión estándar,Recipiente de vidrio resistente al calor,232.32,44,1,2026-01-31 18:00:00,2026-02-20 05:00:00
2470,P02470,Nike Revolution 7 color azul,Tenis deportivos para entrenamiento,1523.96,16,0,2026-02-17 17:45:00,2026-03-20 22:30:00
2471,P02471,BIC Bolígrafo Cristal paquete individual,Bolígrafo de tinta azul,12.17,119,1,2026-08-25 19:00:00,2026-09-14 00:15:00
2472,P02472,Kong Classic M edición especial,Juguete resistente para perros,368.52,64,1,2026-05-22 08:15:00,2026-06-23 14:45:00
2473,P02473,Kong Classic M edición especial,Juguete resistente para perros,367.45,111,1,2026-01-04 18:45:00,2026-01-08 06:15:00
2474,P02474,SanDisk Ultra microSD 128GB edición especial,Tarjeta microSD de 128 GB,296.95,133,1,2026-01-20 13:15:00,2026-03-01 13:45:00
2475,P02475,Pilot G2 paquete individual,Bolígrafo de gel de tinta negra,39.76,4,1,2026-05-16 09:30:00,2026-06-09 21:00:00
2476,P02476,Bosch Bujía de encendido color rojo,Bujía para motor de gasolina,141.41,111,1,2026-04-22 12:15:00,2026-04-22 21:45:00
2477,P02477,Everlast Guantes de boxeo 12 oz,Guantes de boxeo para entrenamiento,708.06,134,1,2026-01-05 17:30:00,2026-01-18 03:15:00
2478,P02478,Bosch Bujía de encendido paquete con 2 piezas,Bujía para motor de gasolina,136.13,149,1,2026-01-18 19:30:00,2026-02-20 01:45:00
2479,P02479,Koblenz Aspiradora WD-2 paquete individual,Aspiradora para limpieza doméstica,1465.11,114,1,2026-08-27 08:30:00,2026-10-04 14:15:00
2480,P02480,Rubbermaid Contenedor 10L,Contenedor plástico para almacenamiento,218.74,52,1,2026-07-01 19:30:00,2026-08-16 07:15:00
2481,P02481,JBL Go 4,Bocina portátil Bluetooth,1072.28,27,1,2026-08-24 10:45:00,2026-09-15 11:30:00
2482,P02482,Vasconia Cacerola 24cm paquete con 2 piezas,Cacerola de aluminio con tapa,456.64,40,1,2026-01-06 18:00:00,2026-01-12 02:15:00
2483,P02483,Logitech Webcam C920s color negro,Cámara web Full HD con micrófono estéreo,1433.4,44,1,2026-07-27 09:00:00,2026-08-02 13:30:00
2484,P02484,Tramontina Juego de cuchillos 6 piezas edición especial,Set de cuchillos para cocina,873.49,4,1,2026-02-21 17:30:00,2026-03-03 21:30:00
2485,P02485,Pyrex Recipiente de vidrio 1L,Recipiente de vidrio resistente al calor,230.75,128,1,2026-05-03 09:45:00,2026-06-07 19:15:00
2486,P02486,Castrol GTX 5W-30 1L modelo 2026,Aceite para motor de automóvil,165.08,6,0,2026-08-12 08:15:00,2026-09-19 16:00:00
2487,P02487,Kingston Fury Beast 8GB modelo 2026,Memoria RAM DDR4 de 8 GB,459.46,105,1,2026-08-02 16:30:00,2026-09-17 01:30:00
2488,P02488,Scribe Cuaderno profesional color negro,Cuaderno de hojas rayadas,82.61,71,1,2026-01-09 12:00:00,2026-01-29 18:30:00
2489,P02489,Pilot G2,Bolígrafo de gel de tinta negra,43.54,109,0,2026-08-11 18:45:00,2026-09-09 05:00:00
2490,P02490,Avery Etiquetas adhesivas paquete con 2 piezas,Paquete de etiquetas autoadhesivas,121.27,36,1,2026-03-01 16:15:00,2026-03-31 02:00:00
2491,P02491,Nivea Crema corporal color negro,Crema hidratante para cuerpo,113.66,134,0,2026-02-06 13:30:00,2026-02-27 18:15:00
2492,P02492,Spalding TF-1000 color negro,Balón de basquetbol para interiores,753.95,118,1,2026-04-08 16:45:00,2026-05-04 00:00:00
2493,P02493,Dove Jabón corporal paquete con 2 piezas,Jabón corporal de uso diario,54.85,107,1,2026-07-03 08:30:00,2026-08-09 18:30:00
2494,P02494,Hamilton Beach Cafetera 12 tazas modelo 2026,Cafetera programable de 12 tazas,756.22,87,1,2026-03-19 17:15:00,2026-04-18 02:45:00
2495,P02495,Samsung Monitor T350 24 pulgadas paquete individual,Monitor Full HD de 24 pulgadas con panel IPS,2851.31,76,1,2026-05-13 19:45:00,2026-05-26 06:00:00
2496,P02496,Pyrex Recipiente de vidrio 1L color azul,Recipiente de vidrio resistente al calor,232.42,55,1,2026-09-08 15:45:00,2026-10-15 03:30:00
2497,P02497,APC Back-UPS 600VA color rojo,Sistema de respaldo de energía de 600 VA,1841.8,123,1,2026-07-13 19:45:00,2026-07-31 22:45:00
2498,P02498,TP-Link Archer C6 color azul,Router inalámbrico Gigabit AC1200,929.47,96,1,2026-01-04 16:45:00,2026-01-10 21:30:00
2499,P02499,SanDisk Ultra microSD 128GB color azul,Tarjeta microSD de 128 GB,312.59,110,1,2026-03-07 13:45:00,2026-03-14 21:45:00
2500,P02500,Vasconia Cacerola 24cm edición especial,Cacerola de aluminio con tapa,493.53,109,1,2026-09-14 13:45:00,2026-09-22 14:30:00
2501,P02501,SanDisk Ultra microSD 128GB versión estándar,Tarjeta microSD de 128 GB,314.86,39,1,2026-03-23 11:45:00,2026-04-13 21:15:00
2502,P02502,Kingston NV2 1TB,Unidad SSD NVMe M.2 de 1 TB,1540.72,84,1,2026-04-28 15:15:00,2026-05-20 16:45:00
2503,P02503,Gillette Mach3 color azul,Rastrillo para afeitar con tres hojas,176.87,106,1,2026-03-14 10:15:00,2026-04-02 10:30:00
2504,P02504,Tramontina Sartén 24cm modelo 2026,Sartén antiadherente de 24 centímetros,498.72,49,0,2026-08-10 13:00:00,2026-08-24 23:45:00
2505,P02505,Logitech Webcam C920s modelo 2026,Cámara web Full HD con micrófono estéreo,1365.79,82,1,2026-07-10 10:45:00,2026-07-15 17:15:00
2506,P02506,Pyrex Recipiente de vidrio 1L versión estándar,Recipiente de vidrio resistente al calor,246.28,142,1,2026-01-13 18:15:00,2026-02-20 00:30:00
2507,P02507,Kingston NV2 1TB paquete con 2 piezas,Unidad SSD NVMe M.2 de 1 TB,1526.93,94,1,2026-01-14 19:30:00,2026-02-12 01:30:00
2508,P02508,HP DeskJet 2875 modelo 2026,Impresora multifuncional inalámbrica,1969.95,133,0,2026-07-10 13:30:00,2026-08-10 16:45:00
2509,P02509,Avery Etiquetas adhesivas paquete con 2 piezas,Paquete de etiquetas autoadhesivas,126.03,44,1,2026-01-28 16:45:00,2026-03-11 17:00:00
2510,P02510,Samsung Monitor T350 24 pulgadas color azul,Monitor Full HD de 24 pulgadas con panel IPS,2727.84,17,1,2026-06-19 08:45:00,2026-07-26 10:45:00
2511,P02511,Kong Classic M,Juguete resistente para perros,336.53,0,0,2026-01-24 08:30:00,2026-02-24 09:30:00
2512,P02512,Koblenz Aspiradora WD-2 modelo 2026,Aspiradora para limpieza doméstica,1716.71,132,0,2026-05-22 18:00:00,2026-06-22 02:00:00
2513,P02513,Pedigree Adulto 2kg edición especial,Alimento seco para perros adultos,167.8,1,1,2026-05-23 13:15:00,2026-05-27 18:00:00
2514,P02514,Samsung Monitor T350 24 pulgadas color negro,Monitor Full HD de 24 pulgadas con panel IPS,2997.94,57,1,2026-06-27 17:30:00,2026-07-14 01:45:00
2515,P02515,Gillette Mach3 color azul,Rastrillo para afeitar con tres hojas,210.12,81,1,2026-09-09 11:30:00,2026-09-14 19:00:00
2516,P02516,JBL Go 4 color azul,Bocina portátil Bluetooth,1072.23,63,1,2026-02-05 13:45:00,2026-02-12 01:45:00
2517,P02517,LG Monitor 24MP400-B edición especial,Monitor LED Full HD de 24 pulgadas,3046.61,50,0,2026-07-06 15:00:00,2026-07-22 19:45:00
2518,P02518,Samsung Monitor T350 24 pulgadas paquete con 2 piezas,Monitor Full HD de 24 pulgadas con panel IPS,2529.54,21,1,2026-04-03 15:00:00,2026-04-24 17:30:00
2519,P02519,APC Back-UPS 600VA,Sistema de respaldo de energía de 600 VA,1820.06,36,1,2026-03-24 11:45:00,2026-03-27 13:45:00
2520,P02520,Ninja Air Fryer 4L paquete con 2 piezas,Freidora de aire de 4 litros,1906.92,42,1,2026-01-07 12:15:00,2026-01-12 15:15:00
2521,P02521,Philips Hervidor HD9350 modelo 2026,Hervidor eléctrico de acero inoxidable,1062.94,148,1,2026-06-06 12:00:00,2026-07-05 17:30:00
2522,P02522,Tramontina Sartén 24cm color rojo,Sartén antiadherente de 24 centímetros,453.09,70,1,2026-03-21 19:00:00,2026-04-14 20:30:00
2523,P02523,JBL Go 4 paquete con 2 piezas,Bocina portátil Bluetooth,1158.55,54,1,2026-07-19 11:00:00,2026-07-21 13:00:00
2524,P02524,Kong Classic M color rojo,Juguete resistente para perros,339.12,111,1,2026-05-20 13:15:00,2026-06-16 14:00:00
2525,P02525,Logitech Mouse G203 presentación familiar,Mouse para gaming con sensor óptico,776.76,59,1,2026-04-25 19:15:00,2026-05-07 07:00:00
2526,P02526,Rubbermaid Contenedor 10L edición especial,Contenedor plástico para almacenamiento,206.81,57,1,2026-05-23 15:15:00,2026-06-02 17:45:00
2527,P02527,LG Monitor 24MP400-B versión estándar,Monitor LED Full HD de 24 pulgadas,2841.08,81,1,2026-06-15 09:15:00,2026-07-27 20:15:00
2528,P02528,BIC Bolígrafo Cristal modelo 2026,Bolígrafo de tinta azul,11.46,76,1,2026-05-08 17:45:00,2026-06-10 21:00:00
2529,P02529,Pilot G2 presentación familiar,Bolígrafo de gel de tinta negra,36.85,20,1,2026-07-23 17:00:00,2026-08-13 20:45:00
2530,P02530,Oster Licuadora clásica presentación familiar,Licuadora de vaso para preparación de alimentos,853.77,8,1,2026-05-16 08:00:00,2026-05-19 15:30:00
2531,P02531,Wilson Pelota de tenis Championship color azul,Pelota de tenis para entrenamiento,139.02,85,0,2026-01-11 16:00:00,2026-01-15 19:00:00
2532,P02532,Kingston DataTraveler Exodia 64GB color azul,Memoria USB 3.2 de 64 GB,134.63,94,1,2026-01-08 12:00:00,2026-02-05 00:00:00
2533,P02533,Spalding TF-1000 color azul,Balón de basquetbol para interiores,893.71,29,1,2026-03-08 16:00:00,2026-04-17 03:00:00
2534,P02534,Avery Etiquetas adhesivas color rojo,Paquete de etiquetas autoadhesivas,139.1,29,1,2026-07-14 18:45:00,2026-08-27 22:45:00
2535,P02535,Tramontina Juego de cuchillos 6 piezas color azul,Set de cuchillos para cocina,735.61,64,1,2026-08-06 10:15:00,2026-09-07 21:45:00
2536,P02536,Logitech Mouse G203 color negro,Mouse para gaming con sensor óptico,720.99,59,1,2026-04-16 13:30:00,2026-05-25 00:15:00
2537,P02537,Scotch-Brite Esponjas multiusos color negro,Paquete de esponjas para limpieza doméstica,93.27,20,1,2026-08-15 10:00:00,2026-09-05 20:00:00
2538,P02538,T-fal Juego de sartenes 3 piezas paquete con 2 piezas,Juego de sartenes antiadherentes,1322.78,33,1,2026-03-23 17:00:00,2026-03-29 05:15:00
2539,P02539,Dove Jabón corporal presentación familiar,Jabón corporal de uso diario,53.4,53,0,2026-04-06 14:00:00,2026-04-26 18:45:00
2540,P02540,Koblenz Aspiradora WD-2 color azul,Aspiradora para limpieza doméstica,1483.19,18,1,2026-09-11 12:15:00,2026-10-24 19:00:00
2541,P02541,Tefal Plancha Ultragliss edición especial,Plancha de vapor para ropa,1168.28,137,1,2026-01-17 18:30:00,2026-02-20 04:00:00
2542,P02542,Tramontina Juego de cuchillos 6 piezas,Set de cuchillos para cocina,807.77,83,1,2026-09-12 08:30:00,2026-10-13 10:15:00
2543,P02543,Michelin Energy XM2+,Neumático para automóvil,1771.5,119,0,2026-02-04 09:45:00,2026-03-12 16:30:00
2544,P02544,TP-Link Archer C6 color azul,Router inalámbrico Gigabit AC1200,1067.61,141,1,2026-02-11 17:00:00,2026-02-15 21:30:00
2545,P02545,Post-it Notas adhesivas 76x76mm paquete con 2 piezas,Bloc de notas adhesivas amarillas,72.61,61,1,2026-04-11 12:45:00,2026-05-08 14:30:00
2546,P02546,Whiskas Adulto 1.5kg edición especial,Alimento seco para gatos adultos,159.32,36,1,2026-09-12 12:00:00,2026-09-15 00:45:00
2547,P02547,JBL Go 4 modelo 2026,Bocina portátil Bluetooth,1146.73,80,1,2026-03-09 17:30:00,2026-03-24 21:15:00
2548,P02548,Kingston Fury Beast 8GB versión estándar,Memoria RAM DDR4 de 8 GB,558.59,59,1,2026-04-18 12:15:00,2026-06-01 00:15:00
2549,P02549,Cinsa Olla de presión 6L color azul,Olla de presión de aluminio de 6 litros,1076.8,54,1,2026-05-05 18:15:00,2026-06-13 19:30:00
2550,P02550,Colgate Total 12 edición especial,Pasta dental de protección integral,68.11,120,1,2026-05-11 16:45:00,2026-06-12 02:00:00
2551,P02551,Rubbermaid Contenedor 10L paquete individual,Contenedor plástico para almacenamiento,219.41,51,1,2026-06-13 11:30:00,2026-07-23 23:30:00
2552,P02552,Wilson Pelota de tenis Championship edición especial,Pelota de tenis para entrenamiento,143.61,133,1,2026-06-30 14:45:00,2026-07-22 19:00:00
2553,P02553,UGREEN Adaptador USB-C edición especial,Adaptador USB-C a USB 3.0,245.98,124,1,2026-06-22 17:45:00,2026-06-29 02:30:00
2554,P02554,Scribe Cuaderno profesional presentación familiar,Cuaderno de hojas rayadas,82.65,94,0,2026-06-27 14:30:00,2026-07-10 14:45:00
2555,P02555,APC Back-UPS 600VA edición especial,Sistema de respaldo de energía de 600 VA,1712.84,78,1,2026-01-02 15:45:00,2026-02-10 23:30:00
2556,P02556,Dove Jabón corporal color azul,Jabón corporal de uso diario,54.11,32,1,2026-07-29 10:15:00,2026-08-06 12:15:00
2557,P02557,Pyrex Recipiente de vidrio 1L edición especial,Recipiente de vidrio resistente al calor,208.46,138,1,2026-03-08 14:45:00,2026-04-11 17:15:00
2558,P02558,Scribe Cuaderno profesional color negro,Cuaderno de hojas rayadas,81.44,58,1,2026-05-28 08:00:00,2026-06-29 12:30:00
2559,P02559,JBL Go 4,Bocina portátil Bluetooth,1167.82,110,1,2026-08-13 09:30:00,2026-09-10 11:45:00
2560,P02560,Scribe Cuaderno profesional paquete individual,Cuaderno de hojas rayadas,92.02,37,1,2026-08-07 12:00:00,2026-08-11 15:15:00
2561,P02561,Colgate Total 12,Pasta dental de protección integral,67.37,86,1,2026-05-30 15:00:00,2026-06-29 01:00:00
2562,P02562,Amazon Basics Cable HDMI 2m color rojo,Cable HDMI de alta velocidad de 2 metros,200.55,45,1,2026-06-26 15:15:00,2026-08-04 02:30:00
2563,P02563,Gillette Mach3 modelo 2026,Rastrillo para afeitar con tres hojas,181.44,67,1,2026-03-11 19:15:00,2026-03-26 06:30:00
2564,P02564,Pedigree Adulto 2kg,Alimento seco para perros adultos,170.25,18,0,2026-07-08 10:00:00,2026-08-08 18:30:00
2565,P02565,Black+Decker Tostador 2 rebanadas color negro,Tostador eléctrico de dos ranuras,553.41,21,1,2026-01-22 09:00:00,2026-02-03 09:45:00
2566,P02566,Gillette Mach3,Rastrillo para afeitar con tres hojas,186.2,80,1,2026-01-04 15:15:00,2026-01-30 03:30:00
2567,P02567,Oster Licuadora clásica modelo 2026,Licuadora de vaso para preparación de alimentos,976.97,95,0,2026-02-08 18:00:00,2026-02-18 02:45:00
2568,P02568,Everlast Guantes de boxeo 12 oz,Guantes de boxeo para entrenamiento,724.37,139,0,2026-05-30 10:30:00,2026-06-09 14:30:00
2569,P02569,Colgate Total 12 presentación familiar,Pasta dental de protección integral,67.07,103,1,2026-08-19 13:15:00,2026-09-05 14:00:00
2570,P02570,Koblenz Aspiradora WD-2,Aspiradora para limpieza doméstica,1549.03,65,1,2026-02-20 11:00:00,2026-03-11 15:00:00
2571,P02571,Logitech Mouse M185 versión estándar,Mouse inalámbrico compacto con receptor USB,345.32,37,0,2026-05-27 14:00:00,2026-06-15 20:15:00
2572,P02572,Rubbermaid Contenedor 10L,Contenedor plástico para almacenamiento,200.72,3,1,2026-08-05 17:15:00,2026-08-06 20:30:00
2573,P02573,T-fal Juego de sartenes 3 piezas,Juego de sartenes antiadherentes,1089.95,63,1,2026-01-04 12:30:00,2026-01-20 22:15:00
2574,P02574,Logitech Mouse G203 color azul,Mouse para gaming con sensor óptico,693.98,32,1,2026-01-08 14:15:00,2026-02-05 22:30:00
2575,P02575,Tefal Plancha Ultragliss edición especial,Plancha de vapor para ropa,1130.73,36,1,2026-09-06 14:30:00,2026-09-29 15:30:00
2576,P02576,Bosch Bujía de encendido versión estándar,Bujía para motor de gasolina,142.45,60,1,2026-01-31 12:00:00,2026-03-04 20:30:00
2577,P02577,Samsung Monitor T350 24 pulgadas paquete individual,Monitor Full HD de 24 pulgadas con panel IPS,2911.64,39,1,2026-04-02 10:45:00,2026-04-14 21:00:00
2578,P02578,Pyrex Recipiente de vidrio 1L paquete individual,Recipiente de vidrio resistente al calor,255.68,114,1,2026-04-04 09:00:00,2026-04-12 11:15:00
2579,P02579,Koblenz Aspiradora WD-2 color azul,Aspiradora para limpieza doméstica,1457.29,62,1,2026-01-11 13:30:00,2026-02-08 01:30:00
2580,P02580,Sterilite Caja organizadora 40L paquete con 2 piezas,Caja plástica con tapa para almacenamiento,336.62,45,1,2026-08-15 15:15:00,2026-09-27 01:15:00
2581,P02581,Black+Decker Tostador 2 rebanadas color negro,Tostador eléctrico de dos ranuras,460.6,92,1,2026-05-24 09:45:00,2026-06-17 20:30:00
2582,P02582,Gillette Mach3 paquete con 2 piezas,Rastrillo para afeitar con tres hojas,184.58,74,1,2026-01-01 15:30:00,2026-01-27 01:45:00
2583,P02583,TP-Link Archer C6 presentación familiar,Router inalámbrico Gigabit AC1200,961.4,61,1,2026-07-27 11:15:00,2026-08-20 11:45:00
2584,P02584,Staedtler Lápiz Noris HB paquete individual,Lápiz de grafito HB,13.98,79,1,2026-09-14 15:45:00,2026-10-03 19:15:00
2585,P02585,Black+Decker Tostador 2 rebanadas,Tostador eléctrico de dos ranuras,530.75,9,0,2026-05-21 13:30:00,2026-05-31 02:15:00
2586,P02586,Avery Etiquetas adhesivas modelo 2026,Paquete de etiquetas autoadhesivas,128.35,120,0,2026-08-16 16:00:00,2026-09-13 20:45:00
2587,P02587,SanDisk Ultra microSD 128GB paquete con 2 piezas,Tarjeta microSD de 128 GB,269.61,109,1,2026-09-18 14:15:00,2026-09-25 14:45:00
2588,P02588,BIC Bolígrafo Cristal paquete individual,Bolígrafo de tinta azul,12.09,36,0,2026-05-02 18:30:00,2026-06-14 00:30:00
2589,P02589,Scotch-Brite Esponjas multiusos,Paquete de esponjas para limpieza doméstica,87.63,42,1,2026-05-10 12:30:00,2026-06-03 15:00:00
2590,P02590,Pyrex Recipiente de vidrio 1L modelo 2026,Recipiente de vidrio resistente al calor,207.19,100,1,2026-04-01 19:45:00,2026-05-12 07:45:00
2591,P02591,Vasconia Cacerola 24cm color negro,Cacerola de aluminio con tapa,470.98,53,1,2026-07-03 14:30:00,2026-08-05 02:45:00
2592,P02592,Pedigree Adulto 2kg paquete individual,Alimento seco para perros adultos,143.53,25,0,2026-01-26 11:15:00,2026-02-08 18:30:00
2593,P02593,Staedtler Lápiz Noris HB presentación familiar,Lápiz de grafito HB,16.37,47,1,2026-09-15 12:15:00,2026-10-29 22:15:00
2594,P02594,Kingston NV2 1TB,Unidad SSD NVMe M.2 de 1 TB,1493.7,118,1,2026-03-13 17:00:00,2026-03-24 23:30:00
2595,P02595,Vasconia Cacerola 24cm edición especial,Cacerola de aluminio con tapa,470.51,127,1,2026-09-07 19:15:00,2026-10-21 04:15:00
2596,P02596,Michelin Energy XM2+,Neumático para automóvil,2017.9,109,1,2026-05-10 19:30:00,2026-06-17 01:00:00
2597,P02597,Kingston NV2 1TB paquete individual,Unidad SSD NVMe M.2 de 1 TB,1386.47,43,1,2026-01-31 12:45:00,2026-02-21 00:45:00
2598,P02598,Oster Licuadora clásica color azul,Licuadora de vaso para preparación de alimentos,888.39,109,1,2026-07-01 16:30:00,2026-07-27 02:15:00
2599,P02599,Logitech Mouse G203 edición especial,Mouse para gaming con sensor óptico,676.1,147,1,2026-02-05 09:45:00,2026-02-20 17:45:00
2600,P02600,Samsung Monitor T350 24 pulgadas paquete individual,Monitor Full HD de 24 pulgadas con panel IPS,2660.49,134,1,2026-08-10 18:00:00,2026-08-18 04:00:00
2601,P02601,Castrol GTX 5W-30 1L modelo 2026,Aceite para motor de automóvil,168.16,144,0,2026-01-27 16:45:00,2026-02-01 00:15:00
2602,P02602,SanDisk Ultra microSD 128GB,Tarjeta microSD de 128 GB,322.29,89,1,2026-07-27 09:00:00,2026-08-13 18:00:00
2603,P02603,Logitech Webcam C920s color rojo,Cámara web Full HD con micrófono estéreo,1415.63,115,1,2026-04-04 09:15:00,2026-05-01 16:15:00
2604,P02604,Avery Etiquetas adhesivas versión estándar,Paquete de etiquetas autoadhesivas,128.4,59,1,2026-07-04 12:00:00,2026-07-22 18:15:00
2605,P02605,Black+Decker Tostador 2 rebanadas color negro,Tostador eléctrico de dos ranuras,551.88,88,1,2026-02-12 14:15:00,2026-02-22 15:15:00
2606,P02606,Pilot G2 versión estándar,Bolígrafo de gel de tinta negra,40.32,125,0,2026-05-28 09:45:00,2026-06-01 14:15:00
2607,P02607,Avery Etiquetas adhesivas paquete individual,Paquete de etiquetas autoadhesivas,139.36,113,1,2026-04-01 08:45:00,2026-04-18 10:45:00
2608,P02608,Michelin Energy XM2+ presentación familiar,Neumático para automóvil,2075.44,51,1,2026-03-25 15:30:00,2026-04-05 20:30:00
2609,P02609,Kingston Fury Beast 8GB presentación familiar,Memoria RAM DDR4 de 8 GB,474.41,35,1,2026-06-27 11:15:00,2026-07-13 19:15:00
2610,P02610,APC Back-UPS 600VA modelo 2026,Sistema de respaldo de energía de 600 VA,1654.07,45,1,2026-04-16 13:45:00,2026-05-12 00:15:00
2611,P02611,Pilot G2 color negro,Bolígrafo de gel de tinta negra,43.35,21,0,2026-02-06 16:45:00,2026-02-18 03:00:00
2612,P02612,Kong Classic M paquete individual,Juguete resistente para perros,384.85,72,0,2026-05-29 17:00:00,2026-06-09 20:15:00
2613,P02613,APC Back-UPS 600VA versión estándar,Sistema de respaldo de energía de 600 VA,1760.34,140,1,2026-07-05 08:30:00,2026-07-12 17:30:00
2614,P02614,Logitech Teclado K120,Teclado alámbrico USB de tamaño completo,314.45,131,1,2026-02-24 09:30:00,2026-03-18 13:00:00
2615,P02615,HP DeskJet 2875,Impresora multifuncional inalámbrica,1995.51,113,1,2026-09-10 08:45:00,2026-10-09 08:45:00
2616,P02616,Sharpie Marcador permanente color azul,Marcador permanente de punta fina,32.6,20,1,2026-09-15 09:15:00,2026-09-20 17:45:00
2617,P02617,Pilot G2 color rojo,Bolígrafo de gel de tinta negra,42.17,106,0,2026-03-05 16:15:00,2026-03-16 18:00:00
2618,P02618,Wilson Pelota de tenis Championship paquete individual,Pelota de tenis para entrenamiento,119.39,2,1,2026-04-03 19:15:00,2026-05-04 19:30:00
2619,P02619,Bosch Bujía de encendido versión estándar,Bujía para motor de gasolina,124.9,79,1,2026-02-22 17:45:00,2026-04-01 20:45:00
2620,P02620,Kong Classic M edición especial,Juguete resistente para perros,353.53,70,0,2026-03-25 09:45:00,2026-04-06 11:00:00
2621,P02621,Adidas Runfalcon 5 presentación familiar,Calzado deportivo para correr,1314.57,71,1,2026-08-28 15:00:00,2026-09-21 16:45:00
2622,P02622,Samsung Monitor T350 24 pulgadas presentación familiar,Monitor Full HD de 24 pulgadas con panel IPS,2432.43,131,0,2026-05-07 15:15:00,2026-05-21 03:00:00
2623,P02623,UGREEN Adaptador USB-C versión estándar,Adaptador USB-C a USB 3.0,252.0,2,1,2026-08-31 09:30:00,2026-09-09 18:15:00
2624,P02624,JBL Go 4 color rojo,Bocina portátil Bluetooth,1111.88,87,1,2026-05-12 08:15:00,2026-05-28 14:45:00
2625,P02625,Philips Hervidor HD9350 color azul,Hervidor eléctrico de acero inoxidable,934.24,129,1,2026-07-28 19:30:00,2026-08-04 20:30:00
2626,P02626,Nivea Crema corporal color negro,Crema hidratante para cuerpo,116.86,16,0,2026-07-04 09:15:00,2026-07-18 16:15:00
2627,P02627,Sharpie Marcador permanente color rojo,Marcador permanente de punta fina,33.72,149,1,2026-08-30 09:45:00,2026-09-12 11:30:00
2628,P02628,Post-it Notas adhesivas 76x76mm versión estándar,Bloc de notas adhesivas amarillas,69.37,29,1,2026-03-17 17:15:00,2026-04-08 06:00:00
2629,P02629,JBL Tune 510BT modelo 2026,Audífonos inalámbricos Bluetooth,901.94,22,0,2026-01-09 14:15:00,2026-01-20 15:15:00
2630,P02630,Kingston NV2 1TB color negro,Unidad SSD NVMe M.2 de 1 TB,1523.02,49,0,2026-08-02 18:15:00,2026-08-15 02:45:00
2631,P02631,Logitech Mouse M185 modelo 2026,Mouse inalámbrico compacto con receptor USB,325.53,57,1,2026-03-05 13:45:00,2026-04-10 13:45:00
2632,P02632,Pedigree Adulto 2kg,Alimento seco para perros adultos,175.7,44,0,2026-03-30 15:15:00,2026-04-25 01:00:00
2633,P02633,Black+Decker Tostador 2 rebanadas versión estándar,Tostador eléctrico de dos ranuras,556.69,124,1,2026-01-31 15:30:00,2026-02-08 19:00:00
2634,P02634,Post-it Notas adhesivas 76x76mm paquete con 2 piezas,Bloc de notas adhesivas amarillas,66.65,148,1,2026-02-02 16:00:00,2026-02-16 22:00:00
2635,P02635,Whiskas Adulto 1.5kg versión estándar,Alimento seco para gatos adultos,165.01,19,1,2026-01-12 08:00:00,2026-01-12 08:30:00
2636,P02636,Bosch Bujía de encendido paquete con 2 piezas,Bujía para motor de gasolina,140.02,98,1,2026-04-07 09:30:00,2026-05-05 22:15:00
2637,P02637,Gillette Mach3 modelo 2026,Rastrillo para afeitar con tres hojas,207.65,20,1,2026-04-14 18:00:00,2026-05-06 04:15:00
2638,P02638,Samsung Monitor T350 24 pulgadas,Monitor Full HD de 24 pulgadas con panel IPS,2918.32,73,0,2026-01-09 16:30:00,2026-02-15 04:00:00
2639,P02639,Rubbermaid Contenedor 10L edición especial,Contenedor plástico para almacenamiento,198.44,126,1,2026-06-12 08:45:00,2026-07-10 09:00:00
2640,P02640,Logitech Webcam C920s presentación familiar,Cámara web Full HD con micrófono estéreo,1325.95,124,1,2026-03-24 09:00:00,2026-04-24 18:15:00
2641,P02641,Gillette Mach3 color azul,Rastrillo para afeitar con tres hojas,182.31,70,1,2026-04-12 11:30:00,2026-04-19 17:30:00
2642,P02642,Black+Decker Tostador 2 rebanadas presentación familiar,Tostador eléctrico de dos ranuras,507.59,64,1,2026-07-28 16:30:00,2026-09-10 04:45:00
2643,P02643,Kong Classic M color rojo,Juguete resistente para perros,342.03,113,1,2026-06-25 19:30:00,2026-07-06 01:30:00
2644,P02644,Sharpie Marcador permanente modelo 2026,Marcador permanente de punta fina,34.62,24,1,2026-06-14 13:15:00,2026-07-04 21:45:00
2645,P02645,Puma Essentials Hoodie versión estándar,Sudadera deportiva con capucha,1046.33,99,1,2026-05-30 14:15:00,2026-07-07 21:00:00
2646,P02646,HP DeskJet 2875 edición especial,Impresora multifuncional inalámbrica,1802.71,46,1,2026-06-29 15:15:00,2026-08-07 01:30:00
2647,P02647,Logitech Mouse M185 paquete individual,Mouse inalámbrico compacto con receptor USB,380.19,3,1,2026-02-08 10:15:00,2026-03-23 12:30:00
2648,P02648,Tramontina Juego de cuchillos 6 piezas modelo 2026,Set de cuchillos para cocina,863.63,37,1,2026-06-04 19:30:00,2026-06-17 03:30:00
2649,P02649,Kong Classic M color negro,Juguete resistente para perros,386.54,103,1,2026-04-08 08:00:00,2026-05-22 20:15:00
2650,P02650,Nike Revolution 7 color azul,Tenis deportivos para entrenamiento,1711.69,89,1,2026-08-20 13:15:00,2026-09-08 21:15:00
2651,P02651,APC Back-UPS 600VA paquete con 2 piezas,Sistema de respaldo de energía de 600 VA,1546.39,27,1,2026-02-12 18:45:00,2026-02-27 21:45:00
2652,P02652,JBL Tune 510BT color negro,Audífonos inalámbricos Bluetooth,923.32,29,1,2026-07-04 16:45:00,2026-07-14 01:15:00
2653,P02653,Tefal Plancha Ultragliss color negro,Plancha de vapor para ropa,1332.38,45,1,2026-01-01 13:30:00,2026-01-25 00:00:00
2654,P02654,Oster Licuadora clásica color negro,Licuadora de vaso para preparación de alimentos,942.77,119,1,2026-06-30 15:30:00,2026-08-08 15:45:00
2655,P02655,Staedtler Lápiz Noris HB paquete con 2 piezas,Lápiz de grafito HB,13.97,122,0,2026-02-18 17:15:00,2026-03-01 04:15:00
2656,P02656,Nike Revolution 7 paquete con 2 piezas,Tenis deportivos para entrenamiento,1665.09,9,1,2026-03-04 11:45:00,2026-04-05 20:15:00
2657,P02657,Kingston NV2 1TB color negro,Unidad SSD NVMe M.2 de 1 TB,1285.0,94,0,2026-08-06 14:45:00,2026-08-25 00:00:00
2658,P02658,Samsung Monitor T350 24 pulgadas presentación familiar,Monitor Full HD de 24 pulgadas con panel IPS,2732.49,113,0,2026-03-15 13:15:00,2026-03-19 16:45:00
2659,P02659,Kong Classic M modelo 2026,Juguete resistente para perros,341.99,41,1,2026-01-21 19:45:00,2026-02-26 22:00:00
2660,P02660,Nivea Crema corporal color azul,Crema hidratante para cuerpo,118.49,111,1,2026-08-11 18:00:00,2026-09-10 05:30:00
2661,P02661,Rubbermaid Contenedor 10L edición especial,Contenedor plástico para almacenamiento,214.48,10,1,2026-08-14 11:30:00,2026-08-31 23:30:00
2662,P02662,Tramontina Sartén 24cm modelo 2026,Sartén antiadherente de 24 centímetros,475.03,71,1,2026-02-22 09:30:00,2026-03-29 18:00:00
2663,P02663,Whiskas Adulto 1.5kg edición especial,Alimento seco para gatos adultos,146.58,146,1,2026-02-16 12:30:00,2026-02-26 16:30:00
2664,P02664,Staedtler Lápiz Noris HB presentación familiar,Lápiz de grafito HB,15.8,150,1,2026-08-06 16:30:00,2026-08-18 04:45:00
2665,P02665,Black+Decker Tostador 2 rebanadas presentación familiar,Tostador eléctrico de dos ranuras,558.01,31,1,2026-05-14 12:15:00,2026-05-20 23:00:00
2666,P02666,Tefal Plancha Ultragliss color rojo,Plancha de vapor para ropa,1094.44,81,1,2026-06-14 17:15:00,2026-07-26 19:30:00
2667,P02667,Whiskas Adulto 1.5kg edición especial,Alimento seco para gatos adultos,165.06,54,1,2026-08-18 13:00:00,2026-09-14 13:45:00
2668,P02668,Colgate Total 12 paquete individual,Pasta dental de protección integral,68.4,70,1,2026-05-18 08:45:00,2026-06-01 17:00:00
2669,P02669,Pedigree Adulto 2kg color azul,Alimento seco para perros adultos,175.49,32,1,2026-03-28 19:00:00,2026-04-18 04:30:00
2670,P02670,Amazon Basics Cable HDMI 2m presentación familiar,Cable HDMI de alta velocidad de 2 metros,219.83,81,1,2026-04-18 12:30:00,2026-05-29 19:00:00
2671,P02671,SanDisk Ultra microSD 128GB edición especial,Tarjeta microSD de 128 GB,274.26,35,1,2026-01-10 16:00:00,2026-02-01 18:00:00
2672,P02672,Gillette Mach3 modelo 2026,Rastrillo para afeitar con tres hojas,180.41,23,1,2026-04-13 17:30:00,2026-05-14 02:45:00
2673,P02673,Kingston DataTraveler Exodia 64GB modelo 2026,Memoria USB 3.2 de 64 GB,127.24,56,1,2026-04-23 11:00:00,2026-05-29 16:45:00
2674,P02674,Gillette Mach3 versión estándar,Rastrillo para afeitar con tres hojas,175.57,36,1,2026-01-25 14:15:00,2026-01-28 17:15:00
2675,P02675,Philips Hervidor HD9350 color rojo,Hervidor eléctrico de acero inoxidable,1031.21,61,1,2026-07-07 18:15:00,2026-08-21 05:30:00
2676,P02676,Whiskas Adulto 1.5kg color azul,Alimento seco para gatos adultos,151.75,3,1,2026-03-25 13:30:00,2026-04-27 20:30:00
2677,P02677,Logitech Webcam C920s color rojo,Cámara web Full HD con micrófono estéreo,1373.37,41,1,2026-08-13 14:45:00,2026-09-09 02:15:00
2678,P02678,Hamilton Beach Cafetera 12 tazas modelo 2026,Cafetera programable de 12 tazas,881.32,83,1,2026-02-15 16:45:00,2026-03-18 17:30:00
2679,P02679,Logitech Mouse M185 color rojo,Mouse inalámbrico compacto con receptor USB,352.93,88,1,2026-06-07 19:15:00,2026-06-23 00:00:00
2680,P02680,Kong Classic M modelo 2026,Juguete resistente para perros,326.66,103,0,2026-07-22 15:15:00,2026-08-07 02:30:00
2681,P02681,Scotch-Brite Esponjas multiusos,Paquete de esponjas para limpieza doméstica,89.03,96,1,2026-02-15 19:00:00,2026-03-05 04:15:00
2682,P02682,Nike Revolution 7 color rojo,Tenis deportivos para entrenamiento,1680.45,0,1,2026-03-05 15:00:00,2026-03-20 20:30:00
2683,P02683,Puma Essentials Hoodie presentación familiar,Sudadera deportiva con capucha,956.1,101,1,2026-05-08 08:30:00,2026-05-27 19:00:00
2684,P02684,Staedtler Lápiz Noris HB color rojo,Lápiz de grafito HB,15.56,103,1,2026-06-22 09:15:00,2026-07-30 09:30:00
2685,P02685,Scribe Cuaderno profesional modelo 2026,Cuaderno de hojas rayadas,88.97,80,1,2026-08-12 14:00:00,2026-08-31 01:00:00
2686,P02686,Oster Licuadora clásica color rojo,Licuadora de vaso para preparación de alimentos,943.61,61,0,2026-01-17 11:00:00,2026-02-06 13:15:00
2687,P02687,Dove Jabón corporal versión estándar,Jabón corporal de uso diario,54.78,119,1,2026-02-17 19:30:00,2026-03-03 04:15:00
2688,P02688,JBL Go 4,Bocina portátil Bluetooth,1132.81,112,1,2026-07-09 13:30:00,2026-07-15 19:15:00
2689,P02689,Pedigree Adulto 2kg modelo 2026,Alimento seco para perros adultos,167.4,31,1,2026-03-13 11:45:00,2026-04-07 21:15:00
2690,P02690,Tramontina Sartén 24cm color rojo,Sartén antiadherente de 24 centímetros,536.94,117,1,2026-07-20 17:30:00,2026-08-07 01:00:00
2691,P02691,Tramontina Juego de cuchillos 6 piezas paquete con 2 piezas,Set de cuchillos para cocina,873.48,14,1,2026-04-04 16:30:00,2026-05-09 01:15:00
2692,P02692,Everlast Guantes de boxeo 12 oz presentación familiar,Guantes de boxeo para entrenamiento,695.22,0,1,2026-06-11 08:30:00,2026-07-16 18:45:00
2693,P02693,HP DeskJet 2875,Impresora multifuncional inalámbrica,1983.87,105,0,2026-02-15 13:45:00,2026-03-05 21:30:00
2694,P02694,UGREEN Adaptador USB-C paquete con 2 piezas,Adaptador USB-C a USB 3.0,251.13,100,1,2026-03-20 16:45:00,2026-03-26 23:00:00
2695,P02695,Black+Decker Tostador 2 rebanadas versión estándar,Tostador eléctrico de dos ranuras,487.33,17,0,2026-07-22 12:30:00,2026-08-28 13:15:00
2696,P02696,Adidas Runfalcon 5 edición especial,Calzado deportivo para correr,1379.9,20,0,2026-06-18 12:30:00,2026-07-08 00:00:00
2697,P02697,Kingston NV2 1TB paquete individual,Unidad SSD NVMe M.2 de 1 TB,1416.23,16,1,2026-05-20 19:45:00,2026-06-08 07:00:00
2698,P02698,Cinsa Olla de presión 6L versión estándar,Olla de presión de aluminio de 6 litros,1022.82,3,1,2026-01-18 10:30:00,2026-02-03 13:00:00
2699,P02699,HP DeskJet 2875 modelo 2026,Impresora multifuncional inalámbrica,1854.36,94,1,2026-01-29 09:45:00,2026-02-22 13:15:00
2700,P02700,Everlast Guantes de boxeo 12 oz,Guantes de boxeo para entrenamiento,680.31,136,1,2026-01-12 08:30:00,2026-01-22 12:00:00
2701,P02701,Kong Classic M color azul,Juguete resistente para perros,367.15,21,0,2026-06-06 19:30:00,2026-06-19 05:45:00
2702,P02702,Colgate Total 12 color rojo,Pasta dental de protección integral,67.43,86,1,2026-08-05 16:15:00,2026-09-12 22:45:00
2703,P02703,Logitech Mouse G203 modelo 2026,Mouse para gaming con sensor óptico,657.63,102,0,2026-01-07 08:30:00,2026-01-14 12:15:00
2704,P02704,Amazon Basics Cable HDMI 2m color rojo,Cable HDMI de alta velocidad de 2 metros,228.22,130,1,2026-02-25 17:15:00,2026-03-22 05:00:00
2705,P02705,Castrol GTX 5W-30 1L paquete individual,Aceite para motor de automóvil,146.51,135,1,2026-07-20 12:45:00,2026-07-21 14:00:00
2706,P02706,Scotch-Brite Esponjas multiusos paquete con 2 piezas,Paquete de esponjas para limpieza doméstica,82.52,96,1,2026-01-09 10:00:00,2026-01-21 14:45:00
2707,P02707,Tefal Plancha Ultragliss presentación familiar,Plancha de vapor para ropa,1162.5,107,1,2026-01-10 09:00:00,2026-01-10 09:45:00
2708,P02708,APC Back-UPS 600VA,Sistema de respaldo de energía de 600 VA,1625.51,127,1,2026-07-16 08:45:00,2026-08-12 19:00:00
2709,P02709,Kong Classic M versión estándar,Juguete resistente para perros,376.68,17,1,2026-05-21 17:45:00,2026-06-10 23:00:00
2710,P02710,Adidas Runfalcon 5 color azul,Calzado deportivo para correr,1511.85,115,0,2026-06-16 19:15:00,2026-07-08 03:30:00
2711,P02711,Tramontina Sartén 24cm paquete individual,Sartén antiadherente de 24 centímetros,496.06,4,1,2026-01-11 12:00:00,2026-01-26 13:30:00
2712,P02712,Adidas Runfalcon 5 color azul,Calzado deportivo para correr,1260.91,128,1,2026-01-05 10:00:00,2026-02-18 19:30:00
2713,P02713,Puma Essentials Hoodie paquete individual,Sudadera deportiva con capucha,1074.64,41,1,2026-08-24 16:45:00,2026-09-09 23:15:00
2714,P02714,Tefal Plancha Ultragliss color rojo,Plancha de vapor para ropa,1245.74,39,1,2026-08-02 16:15:00,2026-08-17 17:15:00
2715,P02715,HP DeskJet 2875 paquete individual,Impresora multifuncional inalámbrica,1868.34,117,1,2026-02-06 14:45:00,2026-03-05 01:45:00
2716,P02716,Avery Etiquetas adhesivas presentación familiar,Paquete de etiquetas autoadhesivas,122.33,50,1,2026-07-22 08:15:00,2026-08-06 08:45:00
2717,P02717,Everlast Guantes de boxeo 12 oz,Guantes de boxeo para entrenamiento,653.76,14,1,2026-04-10 08:00:00,2026-05-07 11:15:00
2718,P02718,Kingston NV2 1TB presentación familiar,Unidad SSD NVMe M.2 de 1 TB,1333.36,33,1,2026-08-22 13:45:00,2026-09-06 17:45:00
2719,P02719,Koblenz Aspiradora WD-2 modelo 2026,Aspiradora para limpieza doméstica,1540.73,45,1,2026-01-16 11:15:00,2026-02-01 20:00:00
2720,P02720,Castrol GTX 5W-30 1L color negro,Aceite para motor de automóvil,160.24,93,1,2026-07-29 17:15:00,2026-08-10 20:15:00
2721,P02721,Rubbermaid Contenedor 10L versión estándar,Contenedor plástico para almacenamiento,222.33,44,0,2026-07-20 14:00:00,2026-08-26 20:30:00
2722,P02722,Vasconia Cacerola 24cm edición especial,Cacerola de aluminio con tapa,502.46,108,1,2026-03-07 12:45:00,2026-04-10 13:00:00
2723,P02723,Vasconia Cacerola 24cm color rojo,Cacerola de aluminio con tapa,498.55,139,1,2026-07-30 17:45:00,2026-08-02 02:15:00
2724,P02724,Tefal Plancha Ultragliss paquete individual,Plancha de vapor para ropa,1192.76,60,1,2026-01-18 17:30:00,2026-01-23 17:30:00
2725,P02725,Sterilite Caja organizadora 40L,Caja plástica con tapa para almacenamiento,359.66,103,1,2026-01-24 19:00:00,2026-01-27 07:45:00
2726,P02726,Logitech Mouse M185,Mouse inalámbrico compacto con receptor USB,316.16,133,1,2026-03-19 11:00:00,2026-04-12 20:00:00
2727,P02727,Koblenz Aspiradora WD-2 versión estándar,Aspiradora para limpieza doméstica,1599.26,104,1,2026-02-11 14:30:00,2026-02-19 15:15:00
2728,P02728,Post-it Notas adhesivas 76x76mm edición especial,Bloc de notas adhesivas amarillas,66.31,92,0,2026-01-01 15:15:00,2026-01-16 17:30:00
2729,P02729,Vasconia Cacerola 24cm paquete con 2 piezas,Cacerola de aluminio con tapa,458.6,41,1,2026-03-18 11:15:00,2026-04-23 20:30:00
2730,P02730,Scribe Cuaderno profesional color rojo,Cuaderno de hojas rayadas,97.78,32,1,2026-04-08 12:30:00,2026-05-06 17:45:00
2731,P02731,Oster Licuadora clásica presentación familiar,Licuadora de vaso para preparación de alimentos,892.65,40,1,2026-04-20 10:00:00,2026-05-23 17:45:00
2732,P02732,Rubbermaid Contenedor 10L color rojo,Contenedor plástico para almacenamiento,212.32,66,1,2026-06-28 18:00:00,2026-08-07 04:45:00
2733,P02733,BIC Bolígrafo Cristal color azul,Bolígrafo de tinta azul,12.15,7,1,2026-06-20 10:00:00,2026-06-21 12:45:00
2734,P02734,Philips Hervidor HD9350 color azul,Hervidor eléctrico de acero inoxidable,908.7,85,1,2026-05-02 16:45:00,2026-05-23 00:30:00
2735,P02735,Kong Classic M color negro,Juguete resistente para perros,381.78,15,1,2026-08-05 11:15:00,2026-08-22 16:00:00
2736,P02736,Everlast Guantes de boxeo 12 oz color rojo,Guantes de boxeo para entrenamiento,719.03,55,0,2026-07-07 19:45:00,2026-07-12 22:15:00
2737,P02737,HP DeskJet 2875 versión estándar,Impresora multifuncional inalámbrica,1980.67,127,0,2026-04-14 17:15:00,2026-05-14 05:15:00
2738,P02738,Adidas Runfalcon 5 paquete con 2 piezas,Calzado deportivo para correr,1346.08,142,0,2026-07-19 14:45:00,2026-08-05 16:15:00
2739,P02739,SanDisk Ultra microSD 128GB color negro,Tarjeta microSD de 128 GB,304.54,70,1,2026-07-10 09:15:00,2026-08-15 18:30:00
2740,P02740,Castrol GTX 5W-30 1L versión estándar,Aceite para motor de automóvil,176.08,136,1,2026-07-08 17:45:00,2026-08-16 23:00:00
2741,P02741,Sharpie Marcador permanente,Marcador permanente de punta fina,35.98,35,0,2026-01-10 12:15:00,2026-01-21 23:30:00
2742,P02742,Avery Etiquetas adhesivas color negro,Paquete de etiquetas autoadhesivas,139.91,46,0,2026-01-06 12:45:00,2026-02-18 22:45:00
2743,P02743,Logitech Teclado K120 color azul,Teclado alámbrico USB de tamaño completo,334.71,120,1,2026-02-12 13:15:00,2026-03-06 14:30:00
2744,P02744,Tramontina Juego de cuchillos 6 piezas color azul,Set de cuchillos para cocina,841.8,14,1,2026-06-28 13:45:00,2026-08-08 23:00:00
2745,P02745,Amazon Basics Cable HDMI 2m modelo 2026,Cable HDMI de alta velocidad de 2 metros,243.7,114,1,2026-01-15 14:00:00,2026-01-23 01:00:00
2746,P02746,Hamilton Beach Cafetera 12 tazas modelo 2026,Cafetera programable de 12 tazas,828.85,5,1,2026-06-10 13:45:00,2026-07-01 20:15:00
2747,P02747,Bosch Bujía de encendido presentación familiar,Bujía para motor de gasolina,135.72,69,0,2026-02-24 18:00:00,2026-03-18 00:00:00
2748,P02748,Ninja Air Fryer 4L,Freidora de aire de 4 litros,1960.31,57,1,2026-08-10 14:15:00,2026-09-24 23:00:00
2749,P02749,UGREEN Adaptador USB-C,Adaptador USB-C a USB 3.0,262.43,27,1,2026-04-22 15:15:00,2026-05-20 21:00:00
2750,P02750,Cinsa Olla de presión 6L color negro,Olla de presión de aluminio de 6 litros,1038.15,61,0,2026-02-22 13:45:00,2026-03-25 19:30:00
2751,P02751,Pyrex Recipiente de vidrio 1L color negro,Recipiente de vidrio resistente al calor,240.44,67,1,2026-06-23 15:30:00,2026-07-13 20:00:00
2752,P02752,Scotch-Brite Esponjas multiusos,Paquete de esponjas para limpieza doméstica,85.54,52,1,2026-05-23 13:15:00,2026-06-14 23:00:00
2753,P02753,Adidas Runfalcon 5 presentación familiar,Calzado deportivo para correr,1309.93,32,1,2026-06-27 18:30:00,2026-07-27 06:30:00
2754,P02754,LG Monitor 24MP400-B color rojo,Monitor LED Full HD de 24 pulgadas,2677.7,89,1,2026-08-19 18:15:00,2026-08-25 22:45:00
2755,P02755,Rubbermaid Contenedor 10L versión estándar,Contenedor plástico para almacenamiento,214.51,103,1,2026-02-22 19:15:00,2026-04-06 21:00:00
2756,P02756,UGREEN Adaptador USB-C color rojo,Adaptador USB-C a USB 3.0,258.25,150,1,2026-03-21 14:15:00,2026-04-11 19:30:00
2757,P02757,Nike Revolution 7,Tenis deportivos para entrenamiento,1563.08,121,1,2026-01-19 13:45:00,2026-02-22 15:15:00
2758,P02758,JBL Tune 510BT presentación familiar,Audífonos inalámbricos Bluetooth,809.97,60,1,2026-02-13 09:15:00,2026-02-26 17:00:00
2759,P02759,Avery Etiquetas adhesivas,Paquete de etiquetas autoadhesivas,129.93,18,0,2026-02-16 11:15:00,2026-03-04 13:15:00
2760,P02760,BIC Bolígrafo Cristal versión estándar,Bolígrafo de tinta azul,12.05,124,1,2026-01-02 17:00:00,2026-01-29 03:30:00
2761,P02761,JBL Tune 510BT paquete con 2 piezas,Audífonos inalámbricos Bluetooth,988.71,83,1,2026-05-01 11:15:00,2026-06-14 14:45:00
2762,P02762,SanDisk Ultra microSD 128GB paquete con 2 piezas,Tarjeta microSD de 128 GB,293.95,148,1,2026-04-03 11:30:00,2026-05-15 19:15:00
2763,P02763,Post-it Notas adhesivas 76x76mm color negro,Bloc de notas adhesivas amarillas,66.32,29,1,2026-04-01 08:45:00,2026-04-21 10:00:00
2764,P02764,Hamilton Beach Cafetera 12 tazas paquete individual,Cafetera programable de 12 tazas,826.06,112,1,2026-02-07 19:00:00,2026-02-17 21:45:00
2765,P02765,Oster Licuadora clásica,Licuadora de vaso para preparación de alimentos,892.81,107,0,2026-09-15 12:15:00,2026-10-22 23:15:00
2766,P02766,Tefal Plancha Ultragliss edición especial,Plancha de vapor para ropa,1091.2,89,1,2026-01-11 17:00:00,2026-01-31 17:15:00
2767,P02767,Logitech Webcam C920s modelo 2026,Cámara web Full HD con micrófono estéreo,1506.97,73,1,2026-07-27 11:30:00,2026-08-29 17:15:00
2768,P02768,Post-it Notas adhesivas 76x76mm modelo 2026,Bloc de notas adhesivas amarillas,76.01,104,1,2026-07-22 17:45:00,2026-07-25 06:00:00
2769,P02769,Staedtler Lápiz Noris HB edición especial,Lápiz de grafito HB,16.76,48,1,2026-05-11 14:30:00,2026-06-04 18:30:00
2770,P02770,Nike Revolution 7 edición especial,Tenis deportivos para entrenamiento,1788.5,38,1,2026-03-20 19:00:00,2026-04-08 22:30:00
2771,P02771,JBL Tune 510BT modelo 2026,Audífonos inalámbricos Bluetooth,969.45,134,1,2026-01-21 14:45:00,2026-02-18 03:30:00
2772,P02772,Kingston Fury Beast 8GB color negro,Memoria RAM DDR4 de 8 GB,515.51,99,0,2026-05-09 16:00:00,2026-05-21 20:45:00
2773,P02773,Adidas Runfalcon 5 paquete con 2 piezas,Calzado deportivo para correr,1422.6,62,1,2026-04-26 11:45:00,2026-05-04 16:00:00
2774,P02774,Spalding TF-1000 versión estándar,Balón de basquetbol para interiores,867.07,17,1,2026-07-17 13:30:00,2026-08-10 17:30:00
2775,P02775,Avery Etiquetas adhesivas color negro,Paquete de etiquetas autoadhesivas,128.18,137,0,2026-01-08 15:30:00,2026-01-14 21:45:00
2776,P02776,Adidas Runfalcon 5,Calzado deportivo para correr,1488.98,139,1,2026-01-16 13:45:00,2026-01-26 02:00:00
2777,P02777,Cinsa Olla de presión 6L presentación familiar,Olla de presión de aluminio de 6 litros,902.06,31,1,2026-08-24 16:45:00,2026-10-08 00:30:00
2778,P02778,Logitech Mouse M185 versión estándar,Mouse inalámbrico compacto con receptor USB,388.09,89,0,2026-04-03 17:45:00,2026-04-11 21:15:00
2779,P02779,Gillette Mach3 modelo 2026,Rastrillo para afeitar con tres hojas,195.37,20,1,2026-05-23 18:00:00,2026-06-13 21:00:00
2780,P02780,Oster Licuadora clásica paquete individual,Licuadora de vaso para preparación de alimentos,867.48,55,0,2026-05-12 13:45:00,2026-06-18 14:15:00
2781,P02781,Bosch Bujía de encendido presentación familiar,Bujía para motor de gasolina,128.32,26,1,2026-02-01 16:45:00,2026-03-11 19:15:00
2782,P02782,Philips Hervidor HD9350 edición especial,Hervidor eléctrico de acero inoxidable,980.93,131,1,2026-07-23 11:45:00,2026-08-14 12:15:00
2783,P02783,JBL Go 4 modelo 2026,Bocina portátil Bluetooth,1188.55,21,1,2026-08-07 18:45:00,2026-08-10 04:15:00
2784,P02784,Sterilite Caja organizadora 40L edición especial,Caja plástica con tapa para almacenamiento,390.44,54,0,2026-02-19 17:15:00,2026-02-20 02:45:00
2785,P02785,TP-Link Archer C6,Router inalámbrico Gigabit AC1200,1078.39,123,0,2026-08-03 14:30:00,2026-08-14 23:45:00
2786,P02786,TP-Link Archer C6 color negro,Router inalámbrico Gigabit AC1200,1073.9,127,0,2026-06-24 10:15:00,2026-07-10 20:00:00
2787,P02787,Black+Decker Tostador 2 rebanadas,Tostador eléctrico de dos ranuras,485.32,0,1,2026-03-24 12:15:00,2026-04-02 15:45:00
2788,P02788,Logitech Mouse G203 color rojo,Mouse para gaming con sensor óptico,717.59,96,1,2026-08-27 15:45:00,2026-09-16 19:30:00
2789,P02789,Gillette Mach3 versión estándar,Rastrillo para afeitar con tres hojas,201.95,140,1,2026-04-16 14:15:00,2026-05-26 02:15:00
2790,P02790,Michelin Energy XM2+ edición especial,Neumático para automóvil,2090.37,38,1,2026-07-04 11:45:00,2026-08-16 21:00:00
2791,P02791,Oster Licuadora clásica color rojo,Licuadora de vaso para preparación de alimentos,980.04,122,1,2026-08-09 11:30:00,2026-09-12 16:00:00
2792,P02792,Staedtler Lápiz Noris HB presentación familiar,Lápiz de grafito HB,14.7,122,0,2026-06-22 14:00:00,2026-07-15 16:45:00
2793,P02793,Staedtler Lápiz Noris HB paquete con 2 piezas,Lápiz de grafito HB,16.42,69,1,2026-06-25 16:00:00,2026-07-01 22:45:00
2794,P02794,Everlast Guantes de boxeo 12 oz,Guantes de boxeo para entrenamiento,713.49,124,1,2026-08-11 10:00:00,2026-08-20 13:45:00
2795,P02795,Samsung Monitor T350 24 pulgadas paquete individual,Monitor Full HD de 24 pulgadas con panel IPS,2956.47,52,0,2026-06-21 09:45:00,2026-08-04 15:45:00
2796,P02796,Rubbermaid Contenedor 10L color negro,Contenedor plástico para almacenamiento,184.61,128,1,2026-03-20 18:00:00,2026-03-25 00:15:00
2797,P02797,Bosch Bujía de encendido color rojo,Bujía para motor de gasolina,138.42,37,1,2026-03-15 18:30:00,2026-03-24 22:00:00
2798,P02798,Hamilton Beach Cafetera 12 tazas paquete con 2 piezas,Cafetera programable de 12 tazas,859.09,140,0,2026-08-11 17:15:00,2026-09-11 21:15:00
2799,P02799,Logitech Mouse M185 paquete individual,Mouse inalámbrico compacto con receptor USB,387.1,71,1,2026-09-04 16:15:00,2026-10-02 16:45:00
2800,P02800,Kingston DataTraveler Exodia 64GB versión estándar,Memoria USB 3.2 de 64 GB,134.07,118,1,2026-06-26 13:00:00,2026-08-10 01:30:00
2801,P02801,Adidas Runfalcon 5 paquete individual,Calzado deportivo para correr,1537.73,55,1,2026-07-09 14:15:00,2026-07-16 18:15:00
2802,P02802,Kong Classic M presentación familiar,Juguete resistente para perros,331.27,61,1,2026-08-07 15:00:00,2026-08-25 02:30:00
2803,P02803,Everlast Guantes de boxeo 12 oz color negro,Guantes de boxeo para entrenamiento,762.84,11,1,2026-07-10 18:00:00,2026-08-16 22:30:00
2804,P02804,Philips Hervidor HD9350 paquete con 2 piezas,Hervidor eléctrico de acero inoxidable,955.63,89,1,2026-08-25 09:30:00,2026-09-16 13:00:00
2805,P02805,Bosch Bujía de encendido paquete individual,Bujía para motor de gasolina,121.99,122,0,2026-07-19 10:15:00,2026-08-17 23:00:00
2806,P02806,Tramontina Sartén 24cm paquete individual,Sartén antiadherente de 24 centímetros,549.89,82,1,2026-07-30 18:30:00,2026-08-12 04:00:00
2807,P02807,Rubbermaid Contenedor 10L,Contenedor plástico para almacenamiento,194.93,131,0,2026-01-22 09:30:00,2026-02-07 14:15:00
2808,P02808,Tramontina Sartén 24cm versión estándar,Sartén antiadherente de 24 centímetros,462.62,90,1,2026-05-09 13:00:00,2026-06-22 01:15:00
2809,P02809,APC Back-UPS 600VA modelo 2026,Sistema de respaldo de energía de 600 VA,1625.27,68,1,2026-04-16 12:45:00,2026-05-17 14:45:00
2810,P02810,Amazon Basics Cable HDMI 2m edición especial,Cable HDMI de alta velocidad de 2 metros,202.33,91,1,2026-04-06 12:45:00,2026-05-08 17:30:00
2811,P02811,Michelin Energy XM2+ paquete con 2 piezas,Neumático para automóvil,1889.35,69,1,2026-02-28 11:30:00,2026-04-01 23:00:00
2812,P02812,Pyrex Recipiente de vidrio 1L,Recipiente de vidrio resistente al calor,247.7,115,1,2026-04-03 10:30:00,2026-05-01 20:45:00
2813,P02813,JBL Tune 510BT versión estándar,Audífonos inalámbricos Bluetooth,978.55,95,1,2026-01-07 11:45:00,2026-01-12 19:45:00
2814,P02814,Scribe Cuaderno profesional edición especial,Cuaderno de hojas rayadas,98.17,143,1,2026-07-27 11:15:00,2026-09-05 23:00:00
2815,P02815,Koblenz Aspiradora WD-2 color rojo,Aspiradora para limpieza doméstica,1597.2,103,0,2026-04-03 12:00:00,2026-05-14 18:00:00
2816,P02816,Everlast Guantes de boxeo 12 oz color azul,Guantes de boxeo para entrenamiento,744.27,9,1,2026-09-15 18:30:00,2026-10-25 19:45:00
2817,P02817,Samsung Monitor T350 24 pulgadas paquete con 2 piezas,Monitor Full HD de 24 pulgadas con panel IPS,2921.69,109,1,2026-02-15 10:30:00,2026-03-21 21:30:00
2818,P02818,Tramontina Juego de cuchillos 6 piezas color negro,Set de cuchillos para cocina,812.82,65,0,2026-08-10 10:30:00,2026-08-30 17:45:00
2819,P02819,SanDisk Ultra microSD 128GB color azul,Tarjeta microSD de 128 GB,332.32,59,0,2026-09-12 13:30:00,2026-10-26 23:00:00
2820,P02820,Oster Licuadora clásica modelo 2026,Licuadora de vaso para preparación de alimentos,1003.63,3,1,2026-08-29 13:15:00,2026-10-12 20:45:00
2821,P02821,TP-Link Archer C6 color rojo,Router inalámbrico Gigabit AC1200,1040.95,86,1,2026-05-05 18:15:00,2026-05-17 06:00:00
2822,P02822,Pyrex Recipiente de vidrio 1L paquete con 2 piezas,Recipiente de vidrio resistente al calor,240.01,59,1,2026-01-30 16:00:00,2026-02-05 21:00:00
2823,P02823,Philips Hervidor HD9350 versión estándar,Hervidor eléctrico de acero inoxidable,1029.6,99,1,2026-03-16 19:00:00,2026-04-24 20:45:00
2824,P02824,Sharpie Marcador permanente modelo 2026,Marcador permanente de punta fina,37.88,115,1,2026-06-11 17:45:00,2026-07-09 21:00:00
2825,P02825,Koblenz Aspiradora WD-2 presentación familiar,Aspiradora para limpieza doméstica,1678.0,101,1,2026-06-27 13:00:00,2026-07-06 19:15:00
2826,P02826,Staedtler Lápiz Noris HB color negro,Lápiz de grafito HB,15.65,59,1,2026-01-19 15:30:00,2026-02-07 23:00:00
2827,P02827,Koblenz Aspiradora WD-2 color negro,Aspiradora para limpieza doméstica,1448.42,92,1,2026-02-02 15:00:00,2026-03-08 23:45:00
2828,P02828,TP-Link Archer C6 color rojo,Router inalámbrico Gigabit AC1200,901.07,40,1,2026-05-28 15:30:00,2026-06-17 21:00:00
2829,P02829,Whiskas Adulto 1.5kg presentación familiar,Alimento seco para gatos adultos,137.76,101,1,2026-01-04 10:30:00,2026-02-07 15:00:00
2830,P02830,HP DeskJet 2875 paquete individual,Impresora multifuncional inalámbrica,1814.39,52,1,2026-04-13 09:15:00,2026-05-02 09:15:00
2831,P02831,TP-Link Archer C6 modelo 2026,Router inalámbrico Gigabit AC1200,1106.84,5,1,2026-02-05 17:30:00,2026-02-12 06:15:00
2832,P02832,Scotch-Brite Esponjas multiusos color rojo,Paquete de esponjas para limpieza doméstica,92.43,136,1,2026-03-06 10:00:00,2026-03-07 14:15:00
2833,P02833,Sterilite Caja organizadora 40L,Caja plástica con tapa para almacenamiento,351.03,36,1,2026-03-12 13:30:00,2026-03-17 15:30:00
2834,P02834,Scotch-Brite Esponjas multiusos presentación familiar,Paquete de esponjas para limpieza doméstica,94.9,120,1,2026-01-27 12:30:00,2026-01-27 17:45:00
2835,P02835,Castrol GTX 5W-30 1L modelo 2026,Aceite para motor de automóvil,155.73,98,0,2026-01-04 19:00:00,2026-01-21 21:15:00
2836,P02836,Sharpie Marcador permanente color negro,Marcador permanente de punta fina,31.65,114,1,2026-05-06 10:00:00,2026-05-21 22:15:00
2837,P02837,Tramontina Juego de cuchillos 6 piezas color negro,Set de cuchillos para cocina,731.45,21,1,2026-02-14 16:00:00,2026-03-16 22:00:00
2838,P02838,UGREEN Adaptador USB-C color rojo,Adaptador USB-C a USB 3.0,232.76,125,1,2026-06-04 09:45:00,2026-06-30 18:15:00
2839,P02839,Puma Essentials Hoodie presentación familiar,Sudadera deportiva con capucha,974.7,107,1,2026-06-17 15:45:00,2026-07-14 15:45:00
2840,P02840,Logitech Mouse M185 color azul,Mouse inalámbrico compacto con receptor USB,326.86,86,1,2026-07-17 13:00:00,2026-08-10 18:45:00
2841,P02841,Tramontina Juego de cuchillos 6 piezas color azul,Set de cuchillos para cocina,751.81,32,1,2026-04-12 12:30:00,2026-04-14 01:15:00
2842,P02842,Tramontina Juego de cuchillos 6 piezas edición especial,Set de cuchillos para cocina,850.33,131,0,2026-08-30 13:45:00,2026-09-04 15:45:00
2843,P02843,Scotch-Brite Esponjas multiusos edición especial,Paquete de esponjas para limpieza doméstica,90.32,74,1,2026-04-11 09:00:00,2026-05-18 21:45:00
2844,P02844,Tefal Plancha Ultragliss paquete con 2 piezas,Plancha de vapor para ropa,1177.28,57,1,2026-01-10 12:15:00,2026-02-19 20:30:00
2845,P02845,Gillette Mach3,Rastrillo para afeitar con tres hojas,199.3,41,0,2026-09-16 12:15:00,2026-10-07 13:15:00
2846,P02846,Logitech Mouse M185 edición especial,Mouse inalámbrico compacto con receptor USB,390.5,20,1,2026-03-07 08:30:00,2026-03-15 19:00:00
2847,P02847,JBL Tune 510BT versión estándar,Audífonos inalámbricos Bluetooth,1000.42,19,1,2026-04-17 17:45:00,2026-05-30 02:15:00
2848,P02848,Koblenz Aspiradora WD-2 color negro,Aspiradora para limpieza doméstica,1747.61,119,1,2026-08-05 14:00:00,2026-08-10 19:15:00
2849,P02849,Tramontina Juego de cuchillos 6 piezas color negro,Set de cuchillos para cocina,772.63,150,1,2026-05-10 16:30:00,2026-05-10 18:30:00
2850,P02850,Philips Hervidor HD9350,Hervidor eléctrico de acero inoxidable,955.12,13,1,2026-03-01 17:15:00,2026-03-09 04:00:00
2851,P02851,Sharpie Marcador permanente presentación familiar,Marcador permanente de punta fina,34.44,36,1,2026-09-04 16:30:00,2026-09-10 04:00:00
2852,P02852,Sharpie Marcador permanente color negro,Marcador permanente de punta fina,36.58,41,0,2026-05-21 14:45:00,2026-06-15 17:00:00
2853,P02853,Pedigree Adulto 2kg color azul,Alimento seco para perros adultos,156.3,25,1,2026-06-27 12:00:00,2026-07-26 16:15:00
2854,P02854,Bosch Bujía de encendido color rojo,Bujía para motor de gasolina,130.16,60,1,2026-07-08 08:15:00,2026-07-29 14:15:00
2855,P02855,JBL Tune 510BT modelo 2026,Audífonos inalámbricos Bluetooth,862.24,86,0,2026-02-24 12:45:00,2026-04-01 14:45:00
2856,P02856,BIC Bolígrafo Cristal modelo 2026,Bolígrafo de tinta azul,12.21,19,1,2026-06-08 12:15:00,2026-06-19 15:30:00
2857,P02857,Everlast Guantes de boxeo 12 oz color rojo,Guantes de boxeo para entrenamiento,653.38,76,1,2026-07-17 08:00:00,2026-08-16 15:00:00
2858,P02858,T-fal Juego de sartenes 3 piezas edición especial,Juego de sartenes antiadherentes,1237.19,26,1,2026-07-09 18:15:00,2026-07-10 20:00:00
2859,P02859,Tefal Plancha Ultragliss presentación familiar,Plancha de vapor para ropa,1235.48,111,1,2026-07-21 15:30:00,2026-08-05 04:15:00
2860,P02860,Kingston Fury Beast 8GB color rojo,Memoria RAM DDR4 de 8 GB,525.04,104,1,2026-08-27 19:00:00,2026-09-23 01:45:00
2861,P02861,Tefal Plancha Ultragliss color rojo,Plancha de vapor para ropa,1150.55,118,0,2026-07-03 15:45:00,2026-08-02 00:00:00
2862,P02862,Dove Jabón corporal paquete con 2 piezas,Jabón corporal de uso diario,46.09,99,1,2026-07-11 08:00:00,2026-08-25 16:00:00
2863,P02863,Tramontina Juego de cuchillos 6 piezas color rojo,Set de cuchillos para cocina,881.63,48,1,2026-01-30 12:00:00,2026-03-04 20:45:00
2864,P02864,SanDisk Ultra microSD 128GB color azul,Tarjeta microSD de 128 GB,329.68,133,1,2026-03-02 09:30:00,2026-04-12 13:30:00
2865,P02865,Ninja Air Fryer 4L,Freidora de aire de 4 litros,1972.88,63,1,2026-03-15 10:00:00,2026-04-21 18:15:00
2866,P02866,Post-it Notas adhesivas 76x76mm versión estándar,Bloc de notas adhesivas amarillas,67.82,11,1,2026-06-21 15:30:00,2026-07-27 02:30:00
2867,P02867,Adidas Runfalcon 5,Calzado deportivo para correr,1512.37,104,1,2026-04-24 16:45:00,2026-04-27 02:00:00
2868,P02868,Post-it Notas adhesivas 76x76mm presentación familiar,Bloc de notas adhesivas amarillas,71.44,77,1,2026-05-29 10:00:00,2026-05-31 22:45:00
2869,P02869,Adidas Runfalcon 5 color azul,Calzado deportivo para correr,1477.48,112,0,2026-08-08 09:15:00,2026-09-19 16:45:00
2870,P02870,Spalding TF-1000 edición especial,Balón de basquetbol para interiores,731.74,26,0,2026-03-01 10:00:00,2026-03-19 22:30:00
2871,P02871,Tramontina Juego de cuchillos 6 piezas,Set de cuchillos para cocina,884.84,14,0,2026-02-07 12:30:00,2026-03-07 13:45:00
2872,P02872,Puma Essentials Hoodie color negro,Sudadera deportiva con capucha,943.83,4,1,2026-04-06 14:30:00,2026-04-06 17:15:00
2873,P02873,Samsung Monitor T350 24 pulgadas modelo 2026,Monitor Full HD de 24 pulgadas con panel IPS,2595.27,64,1,2026-09-03 13:15:00,2026-09-15 19:00:00
2874,P02874,Avery Etiquetas adhesivas,Paquete de etiquetas autoadhesivas,125.38,12,1,2026-08-24 17:00:00,2026-10-02 02:45:00
2875,P02875,T-fal Juego de sartenes 3 piezas modelo 2026,Juego de sartenes antiadherentes,1247.33,43,0,2026-04-18 11:15:00,2026-04-23 20:45:00
2876,P02876,Gillette Mach3 color azul,Rastrillo para afeitar con tres hojas,172.87,66,1,2026-02-21 11:00:00,2026-03-25 18:15:00
2877,P02877,Philips Hervidor HD9350 edición especial,Hervidor eléctrico de acero inoxidable,985.29,94,0,2026-05-26 10:45:00,2026-06-18 18:00:00
2878,P02878,UGREEN Adaptador USB-C paquete con 2 piezas,Adaptador USB-C a USB 3.0,270.74,109,1,2026-06-14 19:00:00,2026-06-17 23:45:00
2879,P02879,Amazon Basics Cable HDMI 2m color azul,Cable HDMI de alta velocidad de 2 metros,243.76,56,1,2026-03-23 16:30:00,2026-03-30 17:30:00
2880,P02880,Adidas Runfalcon 5 color rojo,Calzado deportivo para correr,1446.56,76,0,2026-01-04 15:45:00,2026-01-31 03:30:00
2881,P02881,BIC Bolígrafo Cristal color rojo,Bolígrafo de tinta azul,13.29,69,0,2026-02-08 08:30:00,2026-03-10 20:30:00
2882,P02882,Logitech Teclado K120 color azul,Teclado alámbrico USB de tamaño completo,365.52,7,0,2026-08-02 09:45:00,2026-08-20 18:30:00
2883,P02883,Post-it Notas adhesivas 76x76mm presentación familiar,Bloc de notas adhesivas amarillas,63.37,7,1,2026-06-21 13:00:00,2026-06-29 15:00:00
2884,P02884,Puma Essentials Hoodie paquete individual,Sudadera deportiva con capucha,927.51,4,1,2026-01-18 08:45:00,2026-02-11 10:15:00
2885,P02885,Spalding TF-1000 paquete individual,Balón de basquetbol para interiores,791.15,53,1,2026-05-22 09:45:00,2026-06-24 18:15:00
2886,P02886,Logitech Teclado K120 edición especial,Teclado alámbrico USB de tamaño completo,316.68,59,1,2026-02-12 19:45:00,2026-03-17 01:00:00
2887,P02887,Spalding TF-1000 versión estándar,Balón de basquetbol para interiores,864.35,108,0,2026-06-24 10:30:00,2026-07-02 10:45:00
2888,P02888,Staedtler Lápiz Noris HB versión estándar,Lápiz de grafito HB,13.75,48,1,2026-03-20 17:30:00,2026-04-29 02:00:00
2889,P02889,Hamilton Beach Cafetera 12 tazas color negro,Cafetera programable de 12 tazas,737.42,42,1,2026-07-21 17:15:00,2026-07-27 23:15:00
2890,P02890,UGREEN Adaptador USB-C paquete con 2 piezas,Adaptador USB-C a USB 3.0,226.38,88,1,2026-07-10 11:15:00,2026-08-01 20:15:00
2891,P02891,Wilson Pelota de tenis Championship paquete individual,Pelota de tenis para entrenamiento,135.3,59,1,2026-08-29 16:00:00,2026-10-05 23:45:00
2892,P02892,Tramontina Juego de cuchillos 6 piezas,Set de cuchillos para cocina,768.67,32,0,2026-03-26 14:00:00,2026-04-12 19:45:00
2893,P02893,Cinsa Olla de presión 6L color negro,Olla de presión de aluminio de 6 litros,974.85,126,1,2026-08-10 18:00:00,2026-08-11 22:45:00
2894,P02894,Amazon Basics Cable HDMI 2m versión estándar,Cable HDMI de alta velocidad de 2 metros,227.49,108,1,2026-07-13 08:15:00,2026-08-04 08:15:00
2895,P02895,Rubbermaid Contenedor 10L color rojo,Contenedor plástico para almacenamiento,200.32,112,1,2026-01-11 17:30:00,2026-01-27 02:15:00
2896,P02896,Hamilton Beach Cafetera 12 tazas paquete individual,Cafetera programable de 12 tazas,834.5,58,1,2026-06-14 12:15:00,2026-07-27 22:00:00
2897,P02897,Black+Decker Tostador 2 rebanadas color azul,Tostador eléctrico de dos ranuras,530.81,98,1,2026-07-17 08:00:00,2026-08-31 16:45:00
2898,P02898,Scotch-Brite Esponjas multiusos color rojo,Paquete de esponjas para limpieza doméstica,85.29,45,1,2026-03-05 18:00:00,2026-04-01 23:00:00
2899,P02899,Adidas Runfalcon 5 edición especial,Calzado deportivo para correr,1545.28,110,1,2026-09-06 09:00:00,2026-09-18 18:00:00
2900,P02900,Bosch Bujía de encendido versión estándar,Bujía para motor de gasolina,134.73,29,1,2026-08-27 10:15:00,2026-10-09 18:00:00
2901,P02901,Samsung Monitor T350 24 pulgadas,Monitor Full HD de 24 pulgadas con panel IPS,2577.88,0,1,2026-07-09 11:30:00,2026-07-09 14:45:00
2902,P02902,Black+Decker Tostador 2 rebanadas edición especial,Tostador eléctrico de dos ranuras,531.84,56,1,2026-03-08 09:45:00,2026-04-10 22:15:00
2903,P02903,Nivea Crema corporal paquete individual,Crema hidratante para cuerpo,132.16,40,1,2026-06-25 17:45:00,2026-06-29 05:00:00
2904,P02904,Logitech Teclado K120 modelo 2026,Teclado alámbrico USB de tamaño completo,338.49,81,1,2026-02-23 15:45:00,2026-02-28 04:15:00
2905,P02905,TP-Link Archer C6 color negro,Router inalámbrico Gigabit AC1200,1076.63,148,1,2026-04-11 19:00:00,2026-05-21 20:00:00
2906,P02906,Logitech Mouse M185 presentación familiar,Mouse inalámbrico compacto con receptor USB,329.97,29,1,2026-05-29 19:15:00,2026-07-09 21:15:00
2907,P02907,Logitech Webcam C920s color azul,Cámara web Full HD con micrófono estéreo,1550.45,112,1,2026-09-16 12:30:00,2026-09-29 13:15:00
2908,P02908,Tramontina Juego de cuchillos 6 piezas color negro,Set de cuchillos para cocina,847.08,32,0,2026-05-19 17:30:00,2026-05-29 02:15:00
2909,P02909,Black+Decker Tostador 2 rebanadas modelo 2026,Tostador eléctrico de dos ranuras,538.3,123,1,2026-02-07 19:00:00,2026-03-13 21:30:00
2910,P02910,Michelin Energy XM2+ color rojo,Neumático para automóvil,2057.1,117,1,2026-03-28 12:15:00,2026-04-26 16:30:00
2911,P02911,Bosch Bujía de encendido versión estándar,Bujía para motor de gasolina,119.3,25,1,2026-09-01 19:30:00,2026-09-14 07:45:00
2912,P02912,Wilson Pelota de tenis Championship versión estándar,Pelota de tenis para entrenamiento,136.61,138,1,2026-09-12 15:15:00,2026-09-30 23:30:00
2913,P02913,Gillette Mach3,Rastrillo para afeitar con tres hojas,179.83,98,1,2026-06-19 14:30:00,2026-06-21 15:45:00
2914,P02914,UGREEN Adaptador USB-C color rojo,Adaptador USB-C a USB 3.0,272.56,0,1,2026-09-10 13:00:00,2026-09-24 18:00:00
2915,P02915,Scotch-Brite Esponjas multiusos edición especial,Paquete de esponjas para limpieza doméstica,95.48,23,1,2026-08-12 14:45:00,2026-09-13 20:30:00
2916,P02916,Avery Etiquetas adhesivas paquete individual,Paquete de etiquetas autoadhesivas,142.24,94,1,2026-08-30 14:30:00,2026-09-27 18:15:00
2917,P02917,Whiskas Adulto 1.5kg color azul,Alimento seco para gatos adultos,152.1,103,1,2026-03-25 11:00:00,2026-05-03 15:45:00
2918,P02918,Ninja Air Fryer 4L color azul,Freidora de aire de 4 litros,1917.31,99,1,2026-07-23 14:15:00,2026-08-07 17:30:00
2919,P02919,Avery Etiquetas adhesivas paquete con 2 piezas,Paquete de etiquetas autoadhesivas,144.34,133,1,2026-03-14 13:15:00,2026-04-08 17:00:00
2920,P02920,Vasconia Cacerola 24cm color negro,Cacerola de aluminio con tapa,479.54,23,1,2026-08-26 18:15:00,2026-09-21 01:00:00
2921,P02921,Pedigree Adulto 2kg color negro,Alimento seco para perros adultos,150.43,97,1,2026-04-25 15:00:00,2026-05-31 21:15:00
2922,P02922,Vasconia Cacerola 24cm edición especial,Cacerola de aluminio con tapa,479.26,2,1,2026-02-02 17:45:00,2026-02-03 00:45:00
2923,P02923,Koblenz Aspiradora WD-2 paquete con 2 piezas,Aspiradora para limpieza doméstica,1567.84,36,1,2026-07-24 18:00:00,2026-08-04 21:45:00
2924,P02924,Kingston DataTraveler Exodia 64GB color azul,Memoria USB 3.2 de 64 GB,128.27,131,1,2026-04-30 19:00:00,2026-06-02 06:00:00
2925,P02925,Puma Essentials Hoodie versión estándar,Sudadera deportiva con capucha,1027.6,56,1,2026-02-18 10:15:00,2026-03-12 18:45:00
2926,P02926,Kingston DataTraveler Exodia 64GB color rojo,Memoria USB 3.2 de 64 GB,141.02,119,0,2026-08-27 16:15:00,2026-08-27 19:45:00
2927,P02927,Samsung Monitor T350 24 pulgadas paquete individual,Monitor Full HD de 24 pulgadas con panel IPS,2970.7,20,1,2026-01-20 09:15:00,2026-02-16 15:00:00
2928,P02928,TP-Link Archer C6 paquete con 2 piezas,Router inalámbrico Gigabit AC1200,972.96,150,1,2026-04-25 14:15:00,2026-05-19 21:30:00
2929,P02929,Nike Revolution 7 paquete individual,Tenis deportivos para entrenamiento,1495.67,108,0,2026-04-06 16:30:00,2026-04-07 16:30:00
2930,P02930,Logitech Teclado K120 color negro,Teclado alámbrico USB de tamaño completo,340.87,122,0,2026-05-04 19:00:00,2026-06-14 22:45:00
2931,P02931,Logitech Webcam C920s color negro,Cámara web Full HD con micrófono estéreo,1347.52,81,0,2026-09-04 17:00:00,2026-09-29 21:45:00
2932,P02932,Rubbermaid Contenedor 10L color rojo,Contenedor plástico para almacenamiento,185.96,21,1,2026-01-26 13:30:00,2026-02-21 21:00:00
2933,P02933,Adidas Runfalcon 5 color azul,Calzado deportivo para correr,1511.12,71,1,2026-04-03 08:30:00,2026-04-10 12:15:00
2934,P02934,Black+Decker Tostador 2 rebanadas color azul,Tostador eléctrico de dos ranuras,485.28,126,1,2026-05-04 14:15:00,2026-05-19 15:30:00
2935,P02935,Scotch-Brite Esponjas multiusos presentación familiar,Paquete de esponjas para limpieza doméstica,83.96,22,1,2026-06-28 11:00:00,2026-07-27 18:30:00
2936,P02936,LG Monitor 24MP400-B presentación familiar,Monitor LED Full HD de 24 pulgadas,2668.59,12,0,2026-03-28 16:30:00,2026-05-04 03:00:00
2937,P02937,Logitech Mouse G203 paquete individual,Mouse para gaming con sensor óptico,665.88,3,1,2026-05-12 08:00:00,2026-05-31 15:00:00
2938,P02938,Oster Licuadora clásica color azul,Licuadora de vaso para preparación de alimentos,904.99,133,1,2026-05-10 17:45:00,2026-06-04 20:45:00
2939,P02939,Puma Essentials Hoodie paquete individual,Sudadera deportiva con capucha,1106.05,44,1,2026-03-24 15:45:00,2026-04-23 00:30:00
2940,P02940,Gillette Mach3 paquete con 2 piezas,Rastrillo para afeitar con tres hojas,179.05,54,1,2026-08-09 12:00:00,2026-08-14 12:00:00
2941,P02941,HP DeskJet 2875 color azul,Impresora multifuncional inalámbrica,1624.56,62,1,2026-01-14 13:30:00,2026-02-02 18:45:00
2942,P02942,Kingston DataTraveler Exodia 64GB versión estándar,Memoria USB 3.2 de 64 GB,141.51,129,1,2026-03-04 18:30:00,2026-03-04 23:15:00
2943,P02943,Adidas Runfalcon 5 paquete con 2 piezas,Calzado deportivo para correr,1282.66,107,1,2026-07-15 08:15:00,2026-07-27 12:30:00
2944,P02944,Pyrex Recipiente de vidrio 1L edición especial,Recipiente de vidrio resistente al calor,207.01,62,1,2026-05-27 19:15:00,2026-06-11 21:45:00
2945,P02945,Kong Classic M color azul,Juguete resistente para perros,337.87,95,1,2026-06-01 14:00:00,2026-06-21 14:00:00
2946,P02946,Whiskas Adulto 1.5kg edición especial,Alimento seco para gatos adultos,134.19,88,1,2026-02-14 13:45:00,2026-03-22 21:30:00
2947,P02947,Wilson Pelota de tenis Championship color rojo,Pelota de tenis para entrenamiento,140.01,7,0,2026-09-02 15:45:00,2026-09-06 16:15:00
2948,P02948,Whiskas Adulto 1.5kg paquete individual,Alimento seco para gatos adultos,162.42,75,1,2026-04-15 11:00:00,2026-05-27 18:45:00
2949,P02949,Black+Decker Tostador 2 rebanadas paquete individual,Tostador eléctrico de dos ranuras,472.16,71,1,2026-06-19 18:15:00,2026-08-02 21:15:00
2950,P02950,BIC Bolígrafo Cristal presentación familiar,Bolígrafo de tinta azul,13.27,131,1,2026-05-23 15:15:00,2026-06-28 01:30:00
2951,P02951,T-fal Juego de sartenes 3 piezas paquete individual,Juego de sartenes antiadherentes,1331.23,54,0,2026-09-14 16:00:00,2026-09-28 21:30:00
2952,P02952,Pilot G2 presentación familiar,Bolígrafo de gel de tinta negra,37.9,48,1,2026-03-27 19:00:00,2026-05-07 01:45:00
2953,P02953,Whiskas Adulto 1.5kg color azul,Alimento seco para gatos adultos,154.91,13,1,2026-06-02 10:30:00,2026-07-10 12:30:00
2954,P02954,Wilson Pelota de tenis Championship paquete individual,Pelota de tenis para entrenamiento,126.32,99,1,2026-02-28 14:00:00,2026-03-22 16:45:00
2955,P02955,Nike Revolution 7 color rojo,Tenis deportivos para entrenamiento,1695.3,121,1,2026-04-20 13:00:00,2026-05-04 13:15:00
2956,P02956,UGREEN Adaptador USB-C,Adaptador USB-C a USB 3.0,270.45,125,1,2026-08-31 16:00:00,2026-09-22 01:30:00
2957,P02957,Kingston DataTraveler Exodia 64GB,Memoria USB 3.2 de 64 GB,125.93,133,1,2026-02-06 15:30:00,2026-02-23 20:15:00
2958,P02958,Philips Hervidor HD9350 color azul,Hervidor eléctrico de acero inoxidable,1086.62,144,1,2026-04-09 16:00:00,2026-04-10 16:15:00
2959,P02959,Philips Hervidor HD9350 color rojo,Hervidor eléctrico de acero inoxidable,903.58,41,1,2026-05-26 11:15:00,2026-07-02 12:30:00
2960,P02960,Wilson Pelota de tenis Championship paquete con 2 piezas,Pelota de tenis para entrenamiento,143.33,70,0,2026-09-05 17:45:00,2026-10-17 01:30:00
2961,P02961,Samsung Monitor T350 24 pulgadas color rojo,Monitor Full HD de 24 pulgadas con panel IPS,2963.75,19,0,2026-01-05 13:30:00,2026-01-29 00:15:00
2962,P02962,Cinsa Olla de presión 6L,Olla de presión de aluminio de 6 litros,1006.51,91,0,2026-06-13 08:30:00,2026-06-19 11:45:00
2963,P02963,SanDisk Ultra microSD 128GB versión estándar,Tarjeta microSD de 128 GB,288.44,70,0,2026-03-18 19:45:00,2026-04-07 21:00:00
2964,P02964,BIC Bolígrafo Cristal modelo 2026,Bolígrafo de tinta azul,12.99,125,1,2026-03-03 13:30:00,2026-04-18 01:30:00
2965,P02965,Cinsa Olla de presión 6L color rojo,Olla de presión de aluminio de 6 litros,1050.49,5,1,2026-08-20 16:30:00,2026-09-09 16:30:00
2966,P02966,Logitech Mouse G203 paquete con 2 piezas,Mouse para gaming con sensor óptico,735.95,77,1,2026-03-08 09:45:00,2026-04-03 10:00:00
2967,P02967,Staedtler Lápiz Noris HB paquete con 2 piezas,Lápiz de grafito HB,16.21,114,1,2026-06-25 09:30:00,2026-07-20 14:30:00
2968,P02968,Tramontina Juego de cuchillos 6 piezas color azul,Set de cuchillos para cocina,872.82,28,1,2026-03-21 15:00:00,2026-04-17 02:00:00
2969,P02969,Scotch-Brite Esponjas multiusos modelo 2026,Paquete de esponjas para limpieza doméstica,87.63,80,0,2026-07-28 17:00:00,2026-08-04 01:15:00
2970,P02970,Vasconia Cacerola 24cm color azul,Cacerola de aluminio con tapa,537.15,129,1,2026-08-11 19:45:00,2026-08-14 04:30:00
2971,P02971,Black+Decker Tostador 2 rebanadas color azul,Tostador eléctrico de dos ranuras,532.41,135,1,2026-02-22 16:30:00,2026-04-06 00:45:00
2972,P02972,Samsung Monitor T350 24 pulgadas,Monitor Full HD de 24 pulgadas con panel IPS,2447.92,72,1,2026-04-23 18:15:00,2026-05-09 21:00:00
2973,P02973,Rubbermaid Contenedor 10L edición especial,Contenedor plástico para almacenamiento,183.96,84,1,2026-04-12 13:45:00,2026-05-19 15:30:00
2974,P02974,Bosch Bujía de encendido versión estándar,Bujía para motor de gasolina,120.92,148,1,2026-02-24 18:15:00,2026-02-26 01:30:00
2975,P02975,Kingston Fury Beast 8GB edición especial,Memoria RAM DDR4 de 8 GB,516.73,137,0,2026-03-20 16:00:00,2026-05-04 20:45:00
2976,P02976,Nike Revolution 7 modelo 2026,Tenis deportivos para entrenamiento,1781.69,6,1,2026-01-02 09:00:00,2026-01-12 10:00:00
2977,P02977,Nivea Crema corporal paquete individual,Crema hidratante para cuerpo,123.2,1,1,2026-03-01 09:15:00,2026-03-27 12:30:00
2978,P02978,Ninja Air Fryer 4L color azul,Freidora de aire de 4 litros,1819.26,68,0,2026-06-13 10:15:00,2026-07-19 12:15:00
2979,P02979,Kingston Fury Beast 8GB paquete con 2 piezas,Memoria RAM DDR4 de 8 GB,454.17,129,1,2026-09-03 18:30:00,2026-09-04 02:00:00
2980,P02980,Kingston NV2 1TB color negro,Unidad SSD NVMe M.2 de 1 TB,1426.48,51,1,2026-04-13 16:15:00,2026-04-15 17:30:00
2981,P02981,Bosch Bujía de encendido color negro,Bujía para motor de gasolina,117.32,142,1,2026-08-21 14:00:00,2026-09-24 15:00:00
2982,P02982,LG Monitor 24MP400-B paquete con 2 piezas,Monitor LED Full HD de 24 pulgadas,2609.96,129,1,2026-05-11 18:00:00,2026-06-09 00:30:00
2983,P02983,Pyrex Recipiente de vidrio 1L color negro,Recipiente de vidrio resistente al calor,224.42,22,0,2026-05-01 09:30:00,2026-05-28 22:15:00
2984,P02984,UGREEN Adaptador USB-C versión estándar,Adaptador USB-C a USB 3.0,273.2,133,1,2026-01-18 13:00:00,2026-02-21 00:30:00
2985,P02985,Rubbermaid Contenedor 10L color negro,Contenedor plástico para almacenamiento,184.25,4,0,2026-07-16 17:00:00,2026-08-20 21:15:00
2986,P02986,Kingston Fury Beast 8GB color negro,Memoria RAM DDR4 de 8 GB,511.44,93,1,2026-09-16 11:30:00,2026-10-10 21:45:00
2987,P02987,Logitech Webcam C920s presentación familiar,Cámara web Full HD con micrófono estéreo,1412.45,14,1,2026-07-10 16:00:00,2026-08-05 20:45:00
2988,P02988,Kingston DataTraveler Exodia 64GB edición especial,Memoria USB 3.2 de 64 GB,132.82,24,1,2026-06-21 14:45:00,2026-07-12 21:15:00
2989,P02989,Kong Classic M paquete individual,Juguete resistente para perros,366.06,137,1,2026-02-21 08:30:00,2026-02-26 11:15:00
2990,P02990,T-fal Juego de sartenes 3 piezas,Juego de sartenes antiadherentes,1305.49,146,1,2026-01-01 13:30:00,2026-02-03 16:15:00
2991,P02991,Scribe Cuaderno profesional modelo 2026,Cuaderno de hojas rayadas,81.91,49,1,2026-05-14 11:00:00,2026-05-31 13:45:00
2992,P02992,Pilot G2 paquete individual,Bolígrafo de gel de tinta negra,39.54,94,1,2026-03-17 09:45:00,2026-03-31 17:15:00
2993,P02993,Gillette Mach3 paquete individual,Rastrillo para afeitar con tres hojas,178.57,29,0,2026-08-02 10:45:00,2026-09-03 16:00:00
2994,P02994,Ninja Air Fryer 4L presentación familiar,Freidora de aire de 4 litros,2042.53,18,1,2026-02-28 19:45:00,2026-03-05 21:30:00
2995,P02995,Adidas Runfalcon 5 paquete individual,Calzado deportivo para correr,1559.68,132,1,2026-03-09 18:00:00,2026-03-14 22:45:00
2996,P02996,Oster Licuadora clásica modelo 2026,Licuadora de vaso para preparación de alimentos,838.45,60,1,2026-07-06 10:45:00,2026-08-14 11:15:00
2997,P02997,Spalding TF-1000 paquete individual,Balón de basquetbol para interiores,804.08,134,0,2026-04-17 12:15:00,2026-05-23 15:45:00
2998,P02998,Sterilite Caja organizadora 40L versión estándar,Caja plástica con tapa para almacenamiento,353.52,52,1,2026-06-23 15:00:00,2026-07-07 02:30:00
2999,P02999,Staedtler Lápiz Noris HB paquete individual,Lápiz de grafito HB,15.27,108,1,2026-05-03 15:30:00,2026-05-08 16:00:00
3000,P03000,LG Monitor 24MP400-B edición especial,Monitor LED Full HD de 24 pulgadas,3149.64,23,0,2026-05-12 12:00:00,2026-05-19 16:00:00
3001,P03001,Staedtler Lápiz Noris HB versión estándar,Lápiz de grafito HB,14.98,126,0,2026-02-27 19:00:00,2026-04-13 20:45:00
3002,P03002,JBL Go 4,Bocina portátil Bluetooth,1117.37,26,1,2026-02-11 14:30:00,2026-02-19 22:15:00
3003,P03003,Tramontina Sartén 24cm presentación familiar,Sartén antiadherente de 24 centímetros,523.39,112,0,2026-05-14 12:45:00,2026-06-05 18:45:00
3004,P03004,T-fal Juego de sartenes 3 piezas presentación familiar,Juego de sartenes antiadherentes,1099.4,143,1,2026-09-07 17:45:00,2026-10-04 23:15:00
3005,P03005,HP DeskJet 2875 color rojo,Impresora multifuncional inalámbrica,1858.08,13,1,2026-03-29 11:45:00,2026-04-01 20:15:00
3006,P03006,Michelin Energy XM2+ color azul,Neumático para automóvil,1844.95,31,1,2026-08-03 14:45:00,2026-09-11 17:00:00
3007,P03007,Staedtler Lápiz Noris HB color azul,Lápiz de grafito HB,14.76,106,1,2026-01-26 12:30:00,2026-02-09 14:45:00
3008,P03008,JBL Tune 510BT color azul,Audífonos inalámbricos Bluetooth,847.45,75,1,2026-04-17 17:30:00,2026-05-06 01:00:00
3009,P03009,Nivea Crema corporal modelo 2026,Crema hidratante para cuerpo,124.96,79,1,2026-06-25 13:30:00,2026-07-11 23:15:00
3010,P03010,Scotch-Brite Esponjas multiusos modelo 2026,Paquete de esponjas para limpieza doméstica,95.2,20,1,2026-06-23 14:00:00,2026-07-20 18:30:00
3011,P03011,Amazon Basics Cable HDMI 2m paquete individual,Cable HDMI de alta velocidad de 2 metros,221.57,16,1,2026-08-01 10:00:00,2026-08-12 16:15:00
3012,P03012,Castrol GTX 5W-30 1L,Aceite para motor de automóvil,151.8,102,1,2026-01-07 19:45:00,2026-02-18 05:15:00
3013,P03013,Sharpie Marcador permanente color azul,Marcador permanente de punta fina,34.93,20,1,2026-04-08 09:00:00,2026-05-08 09:15:00
3014,P03014,Samsung Monitor T350 24 pulgadas color negro,Monitor Full HD de 24 pulgadas con panel IPS,3018.32,126,1,2026-03-18 11:30:00,2026-04-02 21:30:00
3015,P03015,Tefal Plancha Ultragliss modelo 2026,Plancha de vapor para ropa,1207.69,95,1,2026-08-04 18:00:00,2026-08-25 20:15:00
3016,P03016,Staedtler Lápiz Noris HB presentación familiar,Lápiz de grafito HB,13.57,132,0,2026-05-02 15:15:00,2026-05-10 16:45:00
3017,P03017,T-fal Juego de sartenes 3 piezas paquete con 2 piezas,Juego de sartenes antiadherentes,1254.89,25,1,2026-06-11 10:00:00,2026-07-01 21:00:00
3018,P03018,Vasconia Cacerola 24cm edición especial,Cacerola de aluminio con tapa,457.51,101,1,2026-04-11 11:15:00,2026-04-25 19:00:00
3019,P03019,Spalding TF-1000 presentación familiar,Balón de basquetbol para interiores,806.97,145,0,2026-07-19 13:00:00,2026-07-29 13:00:00
3020,P03020,Ninja Air Fryer 4L paquete con 2 piezas,Freidora de aire de 4 litros,2118.96,50,1,2026-05-27 14:30:00,2026-05-31 18:00:00
3021,P03021,Everlast Guantes de boxeo 12 oz versión estándar,Guantes de boxeo para entrenamiento,773.37,67,1,2026-04-18 15:45:00,2026-05-28 23:45:00
3022,P03022,Philips Hervidor HD9350 presentación familiar,Hervidor eléctrico de acero inoxidable,1076.53,131,1,2026-01-02 13:45:00,2026-02-09 01:30:00
3023,P03023,Tefal Plancha Ultragliss presentación familiar,Plancha de vapor para ropa,1182.63,75,0,2026-05-22 10:00:00,2026-06-09 18:00:00
3024,P03024,Logitech Mouse G203,Mouse para gaming con sensor óptico,703.33,49,1,2026-02-15 17:30:00,2026-03-17 22:30:00
3025,P03025,Staedtler Lápiz Noris HB edición especial,Lápiz de grafito HB,13.89,127,0,2026-01-29 08:45:00,2026-03-01 16:00:00
3026,P03026,Nivea Crema corporal color rojo,Crema hidratante para cuerpo,122.41,43,1,2026-09-03 16:00:00,2026-09-19 03:30:00
3027,P03027,Scribe Cuaderno profesional paquete con 2 piezas,Cuaderno de hojas rayadas,82.31,50,1,2026-02-28 14:15:00,2026-04-01 22:30:00
3028,P03028,Rubbermaid Contenedor 10L paquete individual,Contenedor plástico para almacenamiento,194.99,122,1,2026-01-18 19:30:00,2026-02-08 03:00:00
3029,P03029,Amazon Basics Cable HDMI 2m modelo 2026,Cable HDMI de alta velocidad de 2 metros,232.26,14,1,2026-07-16 18:30:00,2026-08-11 04:00:00
3030,P03030,JBL Go 4 paquete individual,Bocina portátil Bluetooth,1052.67,102,1,2026-03-29 17:15:00,2026-04-28 17:15:00
3031,P03031,Hamilton Beach Cafetera 12 tazas presentación familiar,Cafetera programable de 12 tazas,758.47,82,1,2026-05-04 17:00:00,2026-05-05 05:15:00
3032,P03032,Cinsa Olla de presión 6L,Olla de presión de aluminio de 6 litros,1029.99,30,1,2026-04-23 19:45:00,2026-05-08 07:00:00
3033,P03033,Kingston DataTraveler Exodia 64GB color azul,Memoria USB 3.2 de 64 GB,144.85,72,1,2026-02-06 17:00:00,2026-02-26 00:15:00
3034,P03034,Logitech Teclado K120 color rojo,Teclado alámbrico USB de tamaño completo,315.0,42,0,2026-04-05 09:15:00,2026-05-02 12:45:00
3035,P03035,Bosch Bujía de encendido paquete individual,Bujía para motor de gasolina,140.63,20,1,2026-06-08 08:45:00,2026-06-28 14:15:00
3036,P03036,Tramontina Sartén 24cm modelo 2026,Sartén antiadherente de 24 centímetros,464.74,41,1,2026-01-30 15:30:00,2026-02-04 00:00:00
3037,P03037,Kingston Fury Beast 8GB paquete con 2 piezas,Memoria RAM DDR4 de 8 GB,542.25,88,1,2026-02-23 08:45:00,2026-03-02 12:15:00
3038,P03038,Everlast Guantes de boxeo 12 oz color rojo,Guantes de boxeo para entrenamiento,633.92,106,1,2026-02-18 09:45:00,2026-03-23 12:45:00
3039,P03039,UGREEN Adaptador USB-C paquete con 2 piezas,Adaptador USB-C a USB 3.0,237.82,99,0,2026-07-09 12:00:00,2026-07-13 21:45:00
3040,P03040,UGREEN Adaptador USB-C color azul,Adaptador USB-C a USB 3.0,227.92,65,0,2026-04-05 12:15:00,2026-05-19 15:45:00
3041,P03041,Cinsa Olla de presión 6L edición especial,Olla de presión de aluminio de 6 litros,1032.09,11,1,2026-06-05 12:45:00,2026-07-18 18:45:00
3042,P03042,Scotch-Brite Esponjas multiusos paquete con 2 piezas,Paquete de esponjas para limpieza doméstica,83.34,83,1,2026-09-17 16:15:00,2026-10-17 16:45:00
3043,P03043,Logitech Mouse G203 presentación familiar,Mouse para gaming con sensor óptico,746.21,22,1,2026-01-09 15:45:00,2026-02-12 03:30:00
3044,P03044,Rubbermaid Contenedor 10L color negro,Contenedor plástico para almacenamiento,194.96,126,1,2026-04-05 15:15:00,2026-05-13 00:45:00
3045,P03045,Vasconia Cacerola 24cm color rojo,Cacerola de aluminio con tapa,471.39,117,1,2026-05-21 11:30:00,2026-05-29 18:30:00
3046,P03046,Kingston NV2 1TB edición especial,Unidad SSD NVMe M.2 de 1 TB,1272.07,8,1,2026-04-29 15:15:00,2026-05-01 22:30:00
3047,P03047,Spalding TF-1000 edición especial,Balón de basquetbol para interiores,719.45,21,1,2026-09-03 16:15:00,2026-10-09 01:45:00
3048,P03048,Castrol GTX 5W-30 1L paquete individual,Aceite para motor de automóvil,158.5,121,0,2026-03-24 18:15:00,2026-04-01 22:30:00
3049,P03049,Nivea Crema corporal color rojo,Crema hidratante para cuerpo,111.67,147,1,2026-02-26 10:45:00,2026-02-28 18:15:00
3050,P03050,Sterilite Caja organizadora 40L modelo 2026,Caja plástica con tapa para almacenamiento,365.2,29,1,2026-01-30 16:15:00,2026-01-31 04:45:00
3051,P03051,Philips Hervidor HD9350,Hervidor eléctrico de acero inoxidable,1002.13,10,1,2026-04-25 14:00:00,2026-04-29 23:30:00
3052,P03052,Sterilite Caja organizadora 40L paquete con 2 piezas,Caja plástica con tapa para almacenamiento,385.6,134,1,2026-07-27 19:30:00,2026-08-15 22:30:00
3053,P03053,HP DeskJet 2875 edición especial,Impresora multifuncional inalámbrica,1935.65,138,1,2026-06-10 16:15:00,2026-07-25 18:00:00
3054,P03054,HP DeskJet 2875 color azul,Impresora multifuncional inalámbrica,1992.96,102,1,2026-06-22 13:15:00,2026-08-06 13:15:00
3055,P03055,Hamilton Beach Cafetera 12 tazas,Cafetera programable de 12 tazas,753.34,9,0,2026-01-19 10:30:00,2026-02-10 21:45:00
3056,P03056,JBL Tune 510BT paquete individual,Audífonos inalámbricos Bluetooth,895.3,141,1,2026-07-23 15:00:00,2026-08-15 16:15:00
3057,P03057,Bosch Bujía de encendido versión estándar,Bujía para motor de gasolina,133.08,3,1,2026-02-21 11:00:00,2026-03-12 19:00:00
3058,P03058,Dove Jabón corporal paquete con 2 piezas,Jabón corporal de uso diario,51.4,53,1,2026-03-23 13:00:00,2026-04-10 15:30:00
3059,P03059,Sterilite Caja organizadora 40L versión estándar,Caja plástica con tapa para almacenamiento,325.94,102,1,2026-02-08 18:30:00,2026-02-12 19:15:00
3060,P03060,SanDisk Ultra microSD 128GB edición especial,Tarjeta microSD de 128 GB,315.89,18,1,2026-08-09 10:30:00,2026-09-09 19:00:00
3061,P03061,Tramontina Juego de cuchillos 6 piezas color rojo,Set de cuchillos para cocina,862.58,87,1,2026-09-12 17:00:00,2026-09-12 19:00:00
3062,P03062,TP-Link Archer C6 presentación familiar,Router inalámbrico Gigabit AC1200,913.57,68,0,2026-04-13 16:15:00,2026-05-13 23:45:00
3063,P03063,Ninja Air Fryer 4L versión estándar,Freidora de aire de 4 litros,1980.02,46,1,2026-04-06 17:00:00,2026-05-15 19:45:00
3064,P03064,Puma Essentials Hoodie color negro,Sudadera deportiva con capucha,954.29,67,1,2026-08-08 09:30:00,2026-09-04 14:00:00
3065,P03065,Amazon Basics Cable HDMI 2m paquete con 2 piezas,Cable HDMI de alta velocidad de 2 metros,217.22,43,1,2026-07-09 14:15:00,2026-08-12 21:00:00
3066,P03066,Sterilite Caja organizadora 40L paquete individual,Caja plástica con tapa para almacenamiento,383.5,52,1,2026-03-29 18:30:00,2026-04-13 19:15:00
3067,P03067,Dove Jabón corporal edición especial,Jabón corporal de uso diario,54.08,26,1,2026-01-28 14:00:00,2026-02-23 18:30:00
3068,P03068,SanDisk Ultra microSD 128GB presentación familiar,Tarjeta microSD de 128 GB,327.73,44,1,2026-04-17 12:45:00,2026-05-14 01:30:00
3069,P03069,Scotch-Brite Esponjas multiusos color azul,Paquete de esponjas para limpieza doméstica,82.81,10,1,2026-06-03 10:45:00,2026-07-07 13:00:00
3070,P03070,Scribe Cuaderno profesional color rojo,Cuaderno de hojas rayadas,84.29,76,1,2026-03-24 10:45:00,2026-04-28 20:00:00
3071,P03071,JBL Go 4 color negro,Bocina portátil Bluetooth,1107.95,55,1,2026-09-07 11:45:00,2026-10-21 12:45:00
3072,P03072,Gillette Mach3 paquete individual,Rastrillo para afeitar con tres hojas,176.17,55,1,2026-03-28 18:45:00,2026-04-03 21:00:00
3073,P03073,Spalding TF-1000 paquete con 2 piezas,Balón de basquetbol para interiores,725.34,58,1,2026-05-20 09:45:00,2026-06-27 14:30:00
3074,P03074,Logitech Webcam C920s,Cámara web Full HD con micrófono estéreo,1516.13,24,1,2026-02-26 10:00:00,2026-03-27 12:00:00
3075,P03075,UGREEN Adaptador USB-C paquete individual,Adaptador USB-C a USB 3.0,233.47,9,1,2026-05-18 11:15:00,2026-07-02 11:15:00
3076,P03076,Ninja Air Fryer 4L versión estándar,Freidora de aire de 4 litros,1742.31,38,1,2026-02-20 12:45:00,2026-03-05 14:15:00
3077,P03077,Pilot G2,Bolígrafo de gel de tinta negra,40.01,71,0,2026-08-04 19:00:00,2026-09-02 05:15:00
3078,P03078,Logitech Mouse G203,Mouse para gaming con sensor óptico,750.15,26,1,2026-03-27 10:15:00,2026-04-18 23:00:00
3079,P03079,BIC Bolígrafo Cristal presentación familiar,Bolígrafo de tinta azul,12.5,84,1,2026-02-20 10:30:00,2026-04-05 13:00:00
3080,P03080,Michelin Energy XM2+ versión estándar,Neumático para automóvil,2093.91,2,1,2026-09-04 18:15:00,2026-09-17 22:45:00
3081,P03081,Michelin Energy XM2+ color negro,Neumático para automóvil,1962.99,14,1,2026-07-27 15:15:00,2026-08-04 00:00:00
3082,P03082,Tramontina Sartén 24cm color negro,Sartén antiadherente de 24 centímetros,536.99,63,1,2026-05-05 16:00:00,2026-05-12 22:30:00
3083,P03083,Nivea Crema corporal presentación familiar,Crema hidratante para cuerpo,120.95,10,1,2026-01-05 13:00:00,2026-01-09 00:30:00
3084,P03084,Nike Revolution 7 color negro,Tenis deportivos para entrenamiento,1683.66,2,1,2026-07-09 12:00:00,2026-08-12 21:15:00
3085,P03085,Colgate Total 12 modelo 2026,Pasta dental de protección integral,68.74,9,1,2026-06-15 15:30:00,2026-06-24 03:00:00
3086,P03086,Scribe Cuaderno profesional color negro,Cuaderno de hojas rayadas,90.11,73,1,2026-01-03 13:00:00,2026-01-20 17:30:00
3087,P03087,Wilson Pelota de tenis Championship edición especial,Pelota de tenis para entrenamiento,118.96,21,0,2026-06-17 18:45:00,2026-06-28 05:45:00
3088,P03088,Logitech Mouse G203 presentación familiar,Mouse para gaming con sensor óptico,757.48,128,0,2026-09-09 09:00:00,2026-09-24 19:30:00
3089,P03089,Nike Revolution 7 color rojo,Tenis deportivos para entrenamiento,1588.48,58,0,2026-07-28 13:15:00,2026-08-02 15:00:00
3090,P03090,Black+Decker Tostador 2 rebanadas edición especial,Tostador eléctrico de dos ranuras,511.89,60,1,2026-04-15 09:15:00,2026-05-27 09:15:00
3091,P03091,Pilot G2,Bolígrafo de gel de tinta negra,36.33,115,1,2026-02-16 18:15:00,2026-04-01 19:30:00
3092,P03092,Adidas Runfalcon 5 modelo 2026,Calzado deportivo para correr,1351.85,69,1,2026-02-03 11:30:00,2026-02-12 17:45:00
3093,P03093,Everlast Guantes de boxeo 12 oz versión estándar,Guantes de boxeo para entrenamiento,734.82,2,0,2026-08-21 13:15:00,2026-09-16 18:30:00
3094,P03094,Logitech Mouse G203 presentación familiar,Mouse para gaming con sensor óptico,698.17,4,1,2026-04-29 13:30:00,2026-05-30 01:30:00
3095,P03095,Koblenz Aspiradora WD-2 paquete con 2 piezas,Aspiradora para limpieza doméstica,1451.76,24,1,2026-03-14 18:30:00,2026-04-21 00:00:00
3096,P03096,Castrol GTX 5W-30 1L versión estándar,Aceite para motor de automóvil,175.99,129,1,2026-04-08 19:30:00,2026-05-24 05:45:00
3097,P03097,Kingston NV2 1TB modelo 2026,Unidad SSD NVMe M.2 de 1 TB,1315.51,121,1,2026-08-06 19:30:00,2026-09-14 02:15:00
3098,P03098,Gillette Mach3 color azul,Rastrillo para afeitar con tres hojas,181.63,53,1,2026-06-14 14:45:00,2026-06-30 20:15:00
3099,P03099,Ninja Air Fryer 4L color azul,Freidora de aire de 4 litros,2074.97,4,1,2026-07-29 09:00:00,2026-07-31 14:45:00
3100,P03100,Kong Classic M color negro,Juguete resistente para perros,382.41,41,1,2026-03-31 12:00:00,2026-05-08 13:30:00
3101,P03101,TP-Link Archer C6 presentación familiar,Router inalámbrico Gigabit AC1200,1110.35,128,1,2026-04-02 19:00:00,2026-04-15 22:45:00
3102,P03102,Dove Jabón corporal,Jabón corporal de uso diario,47.75,121,1,2026-09-14 11:00:00,2026-09-28 15:45:00
3103,P03103,Castrol GTX 5W-30 1L modelo 2026,Aceite para motor de automóvil,168.13,112,1,2026-07-29 15:00:00,2026-08-31 20:15:00
3104,P03104,Post-it Notas adhesivas 76x76mm color negro,Bloc de notas adhesivas amarillas,73.18,86,1,2026-08-12 12:30:00,2026-08-20 14:00:00
3105,P03105,Logitech Webcam C920s edición especial,Cámara web Full HD con micrófono estéreo,1510.8,45,1,2026-08-12 10:15:00,2026-09-03 10:45:00
3106,P03106,Tefal Plancha Ultragliss presentación familiar,Plancha de vapor para ropa,1107.15,21,1,2026-04-25 10:45:00,2026-05-13 15:00:00
3107,P03107,JBL Tune 510BT modelo 2026,Audífonos inalámbricos Bluetooth,947.2,43,1,2026-07-11 10:15:00,2026-08-21 19:30:00
3108,P03108,Puma Essentials Hoodie color negro,Sudadera deportiva con capucha,983.77,124,1,2026-03-07 19:45:00,2026-04-12 01:45:00
3109,P03109,Adidas Runfalcon 5 modelo 2026,Calzado deportivo para correr,1310.52,11,0,2026-08-27 09:00:00,2026-10-10 09:30:00
3110,P03110,Logitech Webcam C920s color azul,Cámara web Full HD con micrófono estéreo,1465.02,67,1,2026-01-27 10:45:00,2026-02-22 18:45:00
3111,P03111,Kingston DataTraveler Exodia 64GB color azul,Memoria USB 3.2 de 64 GB,126.19,50,1,2026-04-28 08:30:00,2026-05-08 09:00:00
3112,P03112,Puma Essentials Hoodie paquete individual,Sudadera deportiva con capucha,1030.44,38,0,2026-02-01 19:45:00,2026-03-17 05:00:00
3113,P03113,Pedigree Adulto 2kg color negro,Alimento seco para perros adultos,150.3,45,1,2026-09-12 17:45:00,2026-10-28 03:00:00
3114,P03114,Black+Decker Tostador 2 rebanadas modelo 2026,Tostador eléctrico de dos ranuras,518.9,79,1,2026-08-15 17:45:00,2026-09-24 06:30:00
3115,P03115,Wilson Pelota de tenis Championship color negro,Pelota de tenis para entrenamiento,130.33,56,1,2026-02-06 18:15:00,2026-02-10 20:30:00
3116,P03116,Avery Etiquetas adhesivas edición especial,Paquete de etiquetas autoadhesivas,142.23,42,1,2026-07-15 17:45:00,2026-07-21 21:15:00
3117,P03117,Logitech Webcam C920s color azul,Cámara web Full HD con micrófono estéreo,1483.59,110,1,2026-06-10 10:00:00,2026-06-30 15:00:00
3118,P03118,Kong Classic M color azul,Juguete resistente para perros,344.75,33,1,2026-05-13 09:15:00,2026-05-14 21:15:00
3119,P03119,Nike Revolution 7 presentación familiar,Tenis deportivos para entrenamiento,1457.5,18,1,2026-07-05 14:15:00,2026-08-12 23:00:00
3120,P03120,Hamilton Beach Cafetera 12 tazas color negro,Cafetera programable de 12 tazas,804.78,66,1,2026-05-20 17:00:00,2026-06-21 04:30:00
3121,P03121,TP-Link Archer C6 paquete individual,Router inalámbrico Gigabit AC1200,1019.09,30,1,2026-05-13 09:00:00,2026-06-25 13:30:00
3122,P03122,Colgate Total 12 versión estándar,Pasta dental de protección integral,67.81,26,1,2026-08-14 18:00:00,2026-08-16 20:15:00
3123,P03123,Oster Licuadora clásica color rojo,Licuadora de vaso para preparación de alimentos,865.17,13,1,2026-05-18 15:30:00,2026-06-02 02:00:00
3124,P03124,T-fal Juego de sartenes 3 piezas color rojo,Juego de sartenes antiadherentes,1316.54,34,1,2026-04-11 19:45:00,2026-04-18 07:30:00
3125,P03125,TP-Link Archer C6 color negro,Router inalámbrico Gigabit AC1200,993.82,29,1,2026-06-25 12:15:00,2026-07-13 16:00:00
3126,P03126,Tramontina Sartén 24cm presentación familiar,Sartén antiadherente de 24 centímetros,487.03,93,1,2026-08-11 11:45:00,2026-08-11 17:00:00
3127,P03127,Kong Classic M color negro,Juguete resistente para perros,390.5,132,1,2026-05-11 11:45:00,2026-06-21 19:45:00
3128,P03128,UGREEN Adaptador USB-C paquete individual,Adaptador USB-C a USB 3.0,227.81,72,1,2026-02-12 19:30:00,2026-03-21 04:30:00
3129,P03129,Spalding TF-1000 presentación familiar,Balón de basquetbol para interiores,824.54,126,1,2026-07-01 15:00:00,2026-07-14 21:15:00
3130,P03130,Logitech Webcam C920s color rojo,Cámara web Full HD con micrófono estéreo,1300.75,103,1,2026-07-12 12:00:00,2026-08-12 13:30:00
3131,P03131,Black+Decker Tostador 2 rebanadas edición especial,Tostador eléctrico de dos ranuras,531.51,146,0,2026-01-07 10:45:00,2026-02-05 21:00:00
3132,P03132,Scotch-Brite Esponjas multiusos presentación familiar,Paquete de esponjas para limpieza doméstica,86.6,144,1,2026-03-21 10:30:00,2026-04-25 14:15:00
3133,P03133,HP DeskJet 2875 modelo 2026,Impresora multifuncional inalámbrica,1674.45,52,1,2026-02-01 16:30:00,2026-02-15 18:15:00
3134,P03134,Kingston Fury Beast 8GB paquete individual,Memoria RAM DDR4 de 8 GB,459.02,14,1,2026-02-11 15:00:00,2026-02-18 17:15:00
3135,P03135,Nike Revolution 7,Tenis deportivos para entrenamiento,1758.01,81,1,2026-06-14 19:00:00,2026-06-25 01:30:00
3136,P03136,Staedtler Lápiz Noris HB paquete individual,Lápiz de grafito HB,13.99,30,1,2026-01-09 11:30:00,2026-01-15 15:45:00
3137,P03137,JBL Tune 510BT versión estándar,Audífonos inalámbricos Bluetooth,846.72,55,1,2026-06-06 11:45:00,2026-07-07 15:45:00
3138,P03138,Nivea Crema corporal edición especial,Crema hidratante para cuerpo,112.82,123,0,2026-02-02 17:00:00,2026-03-11 20:45:00
3139,P03139,Logitech Mouse M185 color azul,Mouse inalámbrico compacto con receptor USB,358.98,72,1,2026-01-01 08:00:00,2026-01-23 18:45:00
3140,P03140,Logitech Mouse M185 color azul,Mouse inalámbrico compacto con receptor USB,323.71,101,1,2026-04-17 19:30:00,2026-05-18 06:00:00
3141,P03141,Kingston DataTraveler Exodia 64GB paquete individual,Memoria USB 3.2 de 64 GB,133.6,0,1,2026-08-18 15:00:00,2026-08-24 02:00:00
3142,P03142,Whiskas Adulto 1.5kg modelo 2026,Alimento seco para gatos adultos,148.26,106,1,2026-02-27 19:15:00,2026-04-04 08:00:00
3143,P03143,Pilot G2 modelo 2026,Bolígrafo de gel de tinta negra,37.89,109,1,2026-04-27 10:15:00,2026-05-08 13:00:00
3144,P03144,SanDisk Ultra microSD 128GB edición especial,Tarjeta microSD de 128 GB,293.99,70,1,2026-08-15 14:30:00,2026-08-19 17:30:00
3145,P03145,Philips Hervidor HD9350 versión estándar,Hervidor eléctrico de acero inoxidable,1021.36,142,1,2026-01-03 14:30:00,2026-02-09 22:15:00
3146,P03146,LG Monitor 24MP400-B paquete individual,Monitor LED Full HD de 24 pulgadas,2796.89,16,0,2026-01-20 17:00:00,2026-01-31 21:45:00
3147,P03147,Amazon Basics Cable HDMI 2m paquete con 2 piezas,Cable HDMI de alta velocidad de 2 metros,199.13,4,0,2026-08-12 08:15:00,2026-09-13 12:45:00
3148,P03148,LG Monitor 24MP400-B modelo 2026,Monitor LED Full HD de 24 pulgadas,2857.45,139,1,2026-03-26 14:15:00,2026-04-26 01:45:00
3149,P03149,Ninja Air Fryer 4L color negro,Freidora de aire de 4 litros,1986.87,37,0,2026-04-22 18:30:00,2026-05-31 03:30:00
3150,P03150,Koblenz Aspiradora WD-2 color azul,Aspiradora para limpieza doméstica,1554.66,49,0,2026-08-27 12:45:00,2026-09-12 13:45:00
3151,P03151,Koblenz Aspiradora WD-2 paquete individual,Aspiradora para limpieza doméstica,1746.57,96,1,2026-04-01 15:45:00,2026-04-20 16:45:00
3152,P03152,Logitech Mouse M185 color negro,Mouse inalámbrico compacto con receptor USB,360.45,150,1,2026-01-30 09:00:00,2026-02-27 16:15:00
3153,P03153,Spalding TF-1000 color negro,Balón de basquetbol para interiores,753.52,136,1,2026-02-19 18:00:00,2026-03-21 20:00:00
3154,P03154,Nivea Crema corporal,Crema hidratante para cuerpo,122.45,97,1,2026-06-30 19:30:00,2026-07-22 00:15:00
3155,P03155,T-fal Juego de sartenes 3 piezas edición especial,Juego de sartenes antiadherentes,1192.91,28,1,2026-02-06 18:45:00,2026-02-23 20:00:00
3156,P03156,Cinsa Olla de presión 6L color negro,Olla de presión de aluminio de 6 litros,1043.85,145,1,2026-07-06 16:30:00,2026-08-08 04:30:00
3157,P03157,Oster Licuadora clásica edición especial,Licuadora de vaso para preparación de alimentos,843.91,62,1,2026-05-11 15:30:00,2026-06-22 21:00:00
3158,P03158,Hamilton Beach Cafetera 12 tazas paquete individual,Cafetera programable de 12 tazas,821.94,117,1,2026-08-24 08:30:00,2026-10-07 13:15:00
3159,P03159,Sterilite Caja organizadora 40L modelo 2026,Caja plástica con tapa para almacenamiento,368.11,72,1,2026-06-09 11:15:00,2026-07-09 22:00:00
3160,P03160,JBL Go 4 paquete con 2 piezas,Bocina portátil Bluetooth,1089.91,150,1,2026-08-10 16:45:00,2026-08-21 04:00:00
3161,P03161,Ninja Air Fryer 4L modelo 2026,Freidora de aire de 4 litros,1769.02,29,1,2026-04-23 11:45:00,2026-05-04 12:00:00
3162,P03162,Castrol GTX 5W-30 1L versión estándar,Aceite para motor de automóvil,154.03,16,1,2026-01-21 10:00:00,2026-02-28 17:15:00
3163,P03163,Kingston DataTraveler Exodia 64GB color azul,Memoria USB 3.2 de 64 GB,131.19,88,0,2026-05-20 10:30:00,2026-06-02 16:45:00
3164,P03164,T-fal Juego de sartenes 3 piezas paquete con 2 piezas,Juego de sartenes antiadherentes,1100.19,32,1,2026-06-06 10:30:00,2026-07-10 15:00:00
3165,P03165,Pilot G2,Bolígrafo de gel de tinta negra,36.77,79,1,2026-04-26 15:45:00,2026-05-17 01:30:00
3166,P03166,Ninja Air Fryer 4L presentación familiar,Freidora de aire de 4 litros,2081.79,34,1,2026-06-14 17:45:00,2026-06-27 00:15:00
3167,P03167,Wilson Pelota de tenis Championship edición especial,Pelota de tenis para entrenamiento,118.78,34,1,2026-03-23 09:15:00,2026-04-12 14:00:00
3168,P03168,Kingston DataTraveler Exodia 64GB versión estándar,Memoria USB 3.2 de 64 GB,125.19,125,1,2026-03-07 17:45:00,2026-04-02 06:30:00
3169,P03169,Spalding TF-1000 edición especial,Balón de basquetbol para interiores,733.6,27,1,2026-04-22 16:45:00,2026-05-07 01:15:00
3170,P03170,Puma Essentials Hoodie presentación familiar,Sudadera deportiva con capucha,918.29,52,1,2026-05-06 19:15:00,2026-06-05 07:00:00
3171,P03171,Pyrex Recipiente de vidrio 1L presentación familiar,Recipiente de vidrio resistente al calor,224.08,2,1,2026-07-29 10:00:00,2026-09-12 22:00:00
3172,P03172,Pyrex Recipiente de vidrio 1L color rojo,Recipiente de vidrio resistente al calor,228.49,11,0,2026-06-04 15:15:00,2026-06-20 19:30:00
3173,P03173,Rubbermaid Contenedor 10L edición especial,Contenedor plástico para almacenamiento,188.94,130,1,2026-05-31 18:00:00,2026-06-08 05:00:00
3174,P03174,Dove Jabón corporal color negro,Jabón corporal de uso diario,53.93,2,1,2026-08-01 14:15:00,2026-09-13 21:45:00
3175,P03175,Colgate Total 12 presentación familiar,Pasta dental de protección integral,73.61,52,1,2026-02-06 15:00:00,2026-03-02 23:00:00
3176,P03176,Philips Hervidor HD9350 color azul,Hervidor eléctrico de acero inoxidable,934.14,94,0,2026-05-06 12:45:00,2026-05-20 20:30:00
3177,P03177,Samsung Monitor T350 24 pulgadas edición especial,Monitor Full HD de 24 pulgadas con panel IPS,2703.15,15,1,2026-05-30 11:30:00,2026-06-19 13:45:00
3178,P03178,SanDisk Ultra microSD 128GB edición especial,Tarjeta microSD de 128 GB,290.52,2,1,2026-04-21 12:00:00,2026-05-26 13:45:00
3179,P03179,Sharpie Marcador permanente edición especial,Marcador permanente de punta fina,35.16,110,1,2026-09-02 08:00:00,2026-09-12 11:00:00
3180,P03180,Nike Revolution 7,Tenis deportivos para entrenamiento,1564.75,41,1,2026-05-14 13:45:00,2026-06-24 22:45:00
3181,P03181,Adidas Runfalcon 5,Calzado deportivo para correr,1328.21,84,1,2026-08-19 17:15:00,2026-09-30 04:00:00
3182,P03182,Gillette Mach3 color negro,Rastrillo para afeitar con tres hojas,182.98,97,1,2026-03-09 18:15:00,2026-03-18 19:30:00
3183,P03183,SanDisk Ultra microSD 128GB,Tarjeta microSD de 128 GB,297.61,57,1,2026-05-27 08:15:00,2026-06-06 15:15:00
3184,P03184,Hamilton Beach Cafetera 12 tazas paquete con 2 piezas,Cafetera programable de 12 tazas,770.49,32,1,2026-05-03 10:45:00,2026-06-02 17:15:00
3185,P03185,Everlast Guantes de boxeo 12 oz edición especial,Guantes de boxeo para entrenamiento,713.01,71,1,2026-03-12 16:30:00,2026-03-30 22:30:00
3186,P03186,Hamilton Beach Cafetera 12 tazas color rojo,Cafetera programable de 12 tazas,844.78,16,1,2026-05-15 11:15:00,2026-06-24 11:45:00
3187,P03187,HP DeskJet 2875 color azul,Impresora multifuncional inalámbrica,1763.36,10,1,2026-01-02 11:30:00,2026-02-08 21:15:00
3188,P03188,Philips Hervidor HD9350 color azul,Hervidor eléctrico de acero inoxidable,920.09,120,1,2026-06-13 14:30:00,2026-06-18 15:00:00
3189,P03189,Puma Essentials Hoodie,Sudadera deportiva con capucha,1049.36,28,1,2026-06-12 16:00:00,2026-07-28 02:30:00
3190,P03190,Oster Licuadora clásica edición especial,Licuadora de vaso para preparación de alimentos,842.2,49,1,2026-02-23 12:15:00,2026-03-28 20:15:00
3191,P03191,JBL Go 4 color rojo,Bocina portátil Bluetooth,1112.13,76,0,2026-07-22 08:30:00,2026-08-11 18:00:00
3192,P03192,Vasconia Cacerola 24cm edición especial,Cacerola de aluminio con tapa,473.54,123,0,2026-08-28 08:00:00,2026-08-31 14:45:00
3193,P03193,Kong Classic M color negro,Juguete resistente para perros,350.05,16,1,2026-02-19 08:15:00,2026-03-08 13:30:00
3194,P03194,UGREEN Adaptador USB-C color negro,Adaptador USB-C a USB 3.0,273.16,136,0,2026-01-04 16:30:00,2026-01-13 04:00:00
3195,P03195,HP DeskJet 2875 color negro,Impresora multifuncional inalámbrica,1684.08,140,0,2026-03-05 15:30:00,2026-03-25 21:00:00
3196,P03196,APC Back-UPS 600VA color azul,Sistema de respaldo de energía de 600 VA,1624.95,87,1,2026-01-05 11:45:00,2026-01-08 20:00:00
3197,P03197,Scribe Cuaderno profesional paquete individual,Cuaderno de hojas rayadas,82.51,15,1,2026-01-24 17:30:00,2026-02-15 01:00:00
3198,P03198,Amazon Basics Cable HDMI 2m presentación familiar,Cable HDMI de alta velocidad de 2 metros,202.36,134,1,2026-05-28 18:00:00,2026-06-18 02:00:00
3199,P03199,Ninja Air Fryer 4L paquete individual,Freidora de aire de 4 litros,1764.23,117,1,2026-03-31 11:45:00,2026-04-24 14:15:00
3200,P03200,Kingston NV2 1TB color azul,Unidad SSD NVMe M.2 de 1 TB,1527.59,125,0,2026-03-04 11:00:00,2026-04-17 13:15:00
3201,P03201,Dove Jabón corporal color negro,Jabón corporal de uso diario,53.28,73,1,2026-08-21 14:45:00,2026-08-26 14:45:00
3202,P03202,Tefal Plancha Ultragliss modelo 2026,Plancha de vapor para ropa,1092.04,38,1,2026-08-01 13:45:00,2026-08-15 14:45:00
3203,P03203,Koblenz Aspiradora WD-2 modelo 2026,Aspiradora para limpieza doméstica,1607.33,113,0,2026-06-25 13:30:00,2026-08-09 01:45:00
3204,P03204,Kingston DataTraveler Exodia 64GB versión estándar,Memoria USB 3.2 de 64 GB,147.75,33,0,2026-06-23 10:15:00,2026-07-14 22:00:00
3205,P03205,Nivea Crema corporal modelo 2026,Crema hidratante para cuerpo,129.09,106,1,2026-01-17 14:15:00,2026-02-07 02:15:00
3206,P03206,Oster Licuadora clásica edición especial,Licuadora de vaso para preparación de alimentos,927.08,133,1,2026-06-25 17:30:00,2026-06-27 22:00:00
3207,P03207,TP-Link Archer C6 versión estándar,Router inalámbrico Gigabit AC1200,1102.14,122,0,2026-08-27 08:15:00,2026-09-29 11:15:00
3208,P03208,Logitech Webcam C920s color rojo,Cámara web Full HD con micrófono estéreo,1499.96,102,1,2026-08-26 10:45:00,2026-09-17 17:30:00
3209,P03209,Spalding TF-1000 color rojo,Balón de basquetbol para interiores,847.0,88,1,2026-07-17 10:45:00,2026-08-30 17:30:00
3210,P03210,Oster Licuadora clásica color rojo,Licuadora de vaso para preparación de alimentos,955.14,35,0,2026-04-15 10:45:00,2026-04-16 19:30:00
3211,P03211,APC Back-UPS 600VA color negro,Sistema de respaldo de energía de 600 VA,1702.38,104,1,2026-02-28 18:45:00,2026-03-21 23:00:00
3212,P03212,LG Monitor 24MP400-B presentación familiar,Monitor LED Full HD de 24 pulgadas,3074.38,110,0,2026-07-05 14:45:00,2026-08-13 01:30:00
3213,P03213,Logitech Mouse M185 color rojo,Mouse inalámbrico compacto con receptor USB,369.52,124,1,2026-07-13 18:15:00,2026-08-05 23:00:00
3214,P03214,Scribe Cuaderno profesional color negro,Cuaderno de hojas rayadas,98.67,53,0,2026-04-30 18:45:00,2026-05-19 06:45:00
3215,P03215,Post-it Notas adhesivas 76x76mm paquete individual,Bloc de notas adhesivas amarillas,74.91,40,1,2026-01-22 10:00:00,2026-02-24 16:15:00
3216,P03216,Tefal Plancha Ultragliss paquete con 2 piezas,Plancha de vapor para ropa,1295.64,149,1,2026-04-09 14:30:00,2026-05-12 21:00:00
3217,P03217,Wilson Pelota de tenis Championship versión estándar,Pelota de tenis para entrenamiento,122.75,129,1,2026-06-09 12:00:00,2026-06-14 14:30:00
3218,P03218,APC Back-UPS 600VA color azul,Sistema de respaldo de energía de 600 VA,1697.0,143,1,2026-03-16 14:15:00,2026-03-20 03:00:00
3219,P03219,Sterilite Caja organizadora 40L versión estándar,Caja plástica con tapa para almacenamiento,360.76,43,1,2026-01-25 11:15:00,2026-02-05 18:00:00
3220,P03220,Kong Classic M color negro,Juguete resistente para perros,337.91,101,1,2026-05-05 16:45:00,2026-05-18 22:45:00
3221,P03221,Logitech Mouse M185 modelo 2026,Mouse inalámbrico compacto con receptor USB,387.85,99,1,2026-04-02 18:15:00,2026-04-09 03:45:00
3222,P03222,Oster Licuadora clásica versión estándar,Licuadora de vaso para preparación de alimentos,911.67,139,1,2026-08-27 08:00:00,2026-09-08 13:00:00
3223,P03223,Hamilton Beach Cafetera 12 tazas paquete con 2 piezas,Cafetera programable de 12 tazas,774.41,84,0,2026-04-19 17:30:00,2026-05-11 04:45:00
3224,P03224,HP DeskJet 2875 edición especial,Impresora multifuncional inalámbrica,1872.57,138,0,2026-07-03 09:30:00,2026-07-29 15:15:00
3225,P03225,Tefal Plancha Ultragliss paquete con 2 piezas,Plancha de vapor para ropa,1136.4,67,1,2026-01-30 19:30:00,2026-02-28 21:30:00
3226,P03226,Kong Classic M color azul,Juguete resistente para perros,349.97,37,1,2026-02-23 10:15:00,2026-03-02 12:45:00
3227,P03227,Gillette Mach3 color negro,Rastrillo para afeitar con tres hojas,182.77,69,0,2026-01-23 13:15:00,2026-03-09 00:45:00
3228,P03228,Logitech Webcam C920s color azul,Cámara web Full HD con micrófono estéreo,1340.69,139,0,2026-04-01 12:00:00,2026-04-12 21:30:00
3229,P03229,Pilot G2 color negro,Bolígrafo de gel de tinta negra,36.94,130,1,2026-04-02 18:15:00,2026-04-19 00:45:00
3230,P03230,Logitech Mouse M185 color rojo,Mouse inalámbrico compacto con receptor USB,354.77,68,0,2026-06-30 13:45:00,2026-07-22 20:30:00
3231,P03231,BIC Bolígrafo Cristal color azul,Bolígrafo de tinta azul,12.17,71,1,2026-02-14 12:00:00,2026-03-14 17:30:00
3232,P03232,SanDisk Ultra microSD 128GB color negro,Tarjeta microSD de 128 GB,280.26,6,1,2026-03-29 15:00:00,2026-04-11 01:30:00
3233,P03233,Kingston NV2 1TB color negro,Unidad SSD NVMe M.2 de 1 TB,1325.12,31,1,2026-09-07 13:30:00,2026-10-01 19:45:00
3234,P03234,Philips Hervidor HD9350,Hervidor eléctrico de acero inoxidable,1077.07,17,1,2026-06-15 17:45:00,2026-07-27 01:30:00
3235,P03235,Scribe Cuaderno profesional color azul,Cuaderno de hojas rayadas,81.4,40,1,2026-08-12 16:00:00,2026-08-14 20:15:00
3236,P03236,Tefal Plancha Ultragliss presentación familiar,Plancha de vapor para ropa,1287.74,15,0,2026-01-14 17:30:00,2026-02-14 05:30:00
3237,P03237,Logitech Webcam C920s modelo 2026,Cámara web Full HD con micrófono estéreo,1484.92,78,1,2026-04-01 13:45:00,2026-05-06 23:30:00
3238,P03238,Logitech Teclado K120 paquete con 2 piezas,Teclado alámbrico USB de tamaño completo,338.05,134,1,2026-06-13 15:45:00,2026-07-01 17:00:00
3239,P03239,SanDisk Ultra microSD 128GB modelo 2026,Tarjeta microSD de 128 GB,303.31,78,1,2026-08-17 14:45:00,2026-08-26 03:15:00
3240,P03240,JBL Go 4,Bocina portátil Bluetooth,1221.21,109,1,2026-04-29 09:30:00,2026-05-11 16:30:00
3241,P03241,Gillette Mach3 color negro,Rastrillo para afeitar con tres hojas,173.15,90,1,2026-01-06 08:30:00,2026-01-14 13:45:00
3242,P03242,JBL Go 4 color rojo,Bocina portátil Bluetooth,1100.47,92,1,2026-09-09 08:00:00,2026-10-23 08:00:00
3243,P03243,Gillette Mach3 color rojo,Rastrillo para afeitar con tres hojas,205.85,93,1,2026-02-15 15:30:00,2026-03-22 02:15:00
3244,P03244,Oster Licuadora clásica color rojo,Licuadora de vaso para preparación de alimentos,1004.56,38,1,2026-07-02 14:45:00,2026-08-13 16:45:00
3245,P03245,Castrol GTX 5W-30 1L color rojo,Aceite para motor de automóvil,147.2,105,1,2026-06-13 12:15:00,2026-07-08 23:00:00
3246,P03246,Tefal Plancha Ultragliss paquete individual,Plancha de vapor para ropa,1185.11,96,1,2026-09-15 18:15:00,2026-10-22 20:45:00
3247,P03247,Colgate Total 12 paquete con 2 piezas,Pasta dental de protección integral,69.38,3,1,2026-05-14 09:45:00,2026-05-25 11:00:00
3248,P03248,Everlast Guantes de boxeo 12 oz edición especial,Guantes de boxeo para entrenamiento,631.43,11,1,2026-01-28 17:00:00,2026-02-27 00:15:00
3249,P03249,Oster Licuadora clásica versión estándar,Licuadora de vaso para preparación de alimentos,871.11,106,1,2026-02-11 12:00:00,2026-03-17 23:30:00
3250,P03250,Staedtler Lápiz Noris HB presentación familiar,Lápiz de grafito HB,13.71,46,1,2026-03-23 16:00:00,2026-05-01 21:15:00
3251,P03251,Colgate Total 12 edición especial,Pasta dental de protección integral,77.26,2,1,2026-04-19 13:00:00,2026-04-27 16:45:00
3252,P03252,Tefal Plancha Ultragliss paquete con 2 piezas,Plancha de vapor para ropa,1147.68,45,1,2026-02-26 19:45:00,2026-03-06 04:30:00
3253,P03253,Post-it Notas adhesivas 76x76mm color azul,Bloc de notas adhesivas amarillas,69.63,60,0,2026-03-10 14:00:00,2026-04-23 21:45:00
3254,P03254,SanDisk Ultra microSD 128GB edición especial,Tarjeta microSD de 128 GB,311.93,88,0,2026-04-12 11:00:00,2026-05-23 22:30:00
3255,P03255,Ninja Air Fryer 4L color negro,Freidora de aire de 4 litros,1837.13,23,1,2026-09-18 10:30:00,2026-09-18 22:15:00
3256,P03256,BIC Bolígrafo Cristal edición especial,Bolígrafo de tinta azul,12.05,0,1,2026-02-23 12:30:00,2026-03-21 15:15:00
3257,P03257,Dove Jabón corporal presentación familiar,Jabón corporal de uso diario,54.27,27,1,2026-06-20 17:30:00,2026-06-26 21:15:00
3258,P03258,Cinsa Olla de presión 6L modelo 2026,Olla de presión de aluminio de 6 litros,1014.81,39,0,2026-09-14 10:30:00,2026-09-30 17:00:00
3259,P03259,APC Back-UPS 600VA color negro,Sistema de respaldo de energía de 600 VA,1563.0,64,1,2026-06-30 10:00:00,2026-08-04 13:00:00
3260,P03260,Scribe Cuaderno profesional,Cuaderno de hojas rayadas,95.07,85,0,2026-06-14 13:00:00,2026-06-30 18:00:00
3261,P03261,Hamilton Beach Cafetera 12 tazas presentación familiar,Cafetera programable de 12 tazas,874.1,37,1,2026-07-13 10:30:00,2026-08-04 18:45:00
3262,P03262,Bosch Bujía de encendido color azul,Bujía para motor de gasolina,131.3,12,0,2026-04-17 09:00:00,2026-05-22 11:00:00
3263,P03263,Nivea Crema corporal color azul,Crema hidratante para cuerpo,115.02,12,0,2026-01-29 18:30:00,2026-03-15 04:30:00
3264,P03264,Staedtler Lápiz Noris HB modelo 2026,Lápiz de grafito HB,15.28,58,1,2026-07-27 14:45:00,2026-09-05 00:45:00
3265,P03265,BIC Bolígrafo Cristal paquete individual,Bolígrafo de tinta azul,11.66,57,1,2026-02-10 10:45:00,2026-03-08 22:15:00
3266,P03266,UGREEN Adaptador USB-C,Adaptador USB-C a USB 3.0,247.95,56,1,2026-02-26 14:15:00,2026-03-28 20:15:00
3267,P03267,Tramontina Juego de cuchillos 6 piezas paquete individual,Set de cuchillos para cocina,886.33,39,1,2026-07-03 13:45:00,2026-07-16 19:45:00
3268,P03268,Adidas Runfalcon 5 modelo 2026,Calzado deportivo para correr,1375.37,16,1,2026-04-29 15:45:00,2026-05-13 21:45:00
3269,P03269,JBL Tune 510BT paquete con 2 piezas,Audífonos inalámbricos Bluetooth,822.0,2,1,2026-08-15 14:30:00,2026-08-16 18:45:00
3270,P03270,Vasconia Cacerola 24cm color negro,Cacerola de aluminio con tapa,451.27,42,0,2026-07-23 19:15:00,2026-09-05 06:30:00
3271,P03271,Kingston NV2 1TB versión estándar,Unidad SSD NVMe M.2 de 1 TB,1455.95,67,0,2026-01-07 14:45:00,2026-02-19 18:15:00
3272,P03272,Kingston DataTraveler Exodia 64GB,Memoria USB 3.2 de 64 GB,129.49,60,0,2026-03-14 11:00:00,2026-04-28 15:15:00
3273,P03273,Pedigree Adulto 2kg paquete individual,Alimento seco para perros adultos,168.27,44,1,2026-05-01 14:45:00,2026-06-09 15:00:00
3274,P03274,Logitech Mouse M185 presentación familiar,Mouse inalámbrico compacto con receptor USB,345.6,50,1,2026-03-06 16:30:00,2026-04-19 01:15:00
3275,P03275,Tramontina Sartén 24cm,Sartén antiadherente de 24 centímetros,495.84,1,1,2026-07-15 17:00:00,2026-08-12 20:00:00
3276,P03276,HP DeskJet 2875 color negro,Impresora multifuncional inalámbrica,1949.46,18,1,2026-04-25 18:00:00,2026-06-05 19:00:00
3277,P03277,Dove Jabón corporal color azul,Jabón corporal de uso diario,44.77,59,1,2026-07-19 18:15:00,2026-07-24 06:00:00
3278,P03278,Kingston NV2 1TB paquete individual,Unidad SSD NVMe M.2 de 1 TB,1423.78,19,0,2026-01-18 15:30:00,2026-03-03 16:00:00
3279,P03279,Nike Revolution 7 color negro,Tenis deportivos para entrenamiento,1774.85,73,1,2026-08-14 09:30:00,2026-08-27 16:15:00
3280,P03280,Bosch Bujía de encendido color negro,Bujía para motor de gasolina,118.72,60,1,2026-05-17 08:30:00,2026-06-14 17:45:00
3281,P03281,Puma Essentials Hoodie,Sudadera deportiva con capucha,1035.68,42,1,2026-08-25 13:15:00,2026-09-14 19:00:00
3282,P03282,Pilot G2 presentación familiar,Bolígrafo de gel de tinta negra,37.87,16,0,2026-02-20 16:45:00,2026-03-29 01:00:00
3283,P03283,Tramontina Juego de cuchillos 6 piezas paquete individual,Set de cuchillos para cocina,891.58,29,1,2026-02-15 14:15:00,2026-03-13 19:15:00
3284,P03284,Sharpie Marcador permanente paquete individual,Marcador permanente de punta fina,39.03,43,1,2026-06-23 12:00:00,2026-06-25 15:30:00
3285,P03285,Tramontina Sartén 24cm modelo 2026,Sartén antiadherente de 24 centímetros,470.68,10,1,2026-01-08 16:45:00,2026-01-15 17:30:00
3286,P03286,Nike Revolution 7 color rojo,Tenis deportivos para entrenamiento,1642.66,49,1,2026-03-25 12:30:00,2026-04-30 22:30:00
3287,P03287,Whiskas Adulto 1.5kg,Alimento seco para gatos adultos,152.96,129,1,2026-07-20 13:15:00,2026-08-13 14:15:00
3288,P03288,Logitech Teclado K120,Teclado alámbrico USB de tamaño completo,299.75,76,1,2026-07-31 16:45:00,2026-09-11 04:00:00
3289,P03289,Avery Etiquetas adhesivas paquete individual,Paquete de etiquetas autoadhesivas,141.87,127,1,2026-07-14 12:00:00,2026-08-15 19:15:00
3290,P03290,Post-it Notas adhesivas 76x76mm presentación familiar,Bloc de notas adhesivas amarillas,72.93,141,1,2026-02-27 17:45:00,2026-03-31 05:45:00
3291,P03291,Logitech Mouse M185 edición especial,Mouse inalámbrico compacto con receptor USB,327.29,144,1,2026-01-11 12:00:00,2026-01-17 20:45:00
3292,P03292,Amazon Basics Cable HDMI 2m presentación familiar,Cable HDMI de alta velocidad de 2 metros,244.64,105,1,2026-02-09 10:00:00,2026-02-22 13:45:00
3293,P03293,Kingston DataTraveler Exodia 64GB edición especial,Memoria USB 3.2 de 64 GB,130.59,138,0,2026-02-19 18:45:00,2026-02-23 19:30:00
3294,P03294,SanDisk Ultra microSD 128GB presentación familiar,Tarjeta microSD de 128 GB,283.62,80,1,2026-05-18 16:00:00,2026-05-28 16:30:00
3295,P03295,Adidas Runfalcon 5 color negro,Calzado deportivo para correr,1464.42,88,0,2026-08-17 08:30:00,2026-09-25 11:00:00
3296,P03296,JBL Go 4,Bocina portátil Bluetooth,1198.45,149,1,2026-06-14 19:45:00,2026-06-17 07:00:00
3297,P03297,Koblenz Aspiradora WD-2 paquete con 2 piezas,Aspiradora para limpieza doméstica,1498.96,90,1,2026-08-14 10:30:00,2026-08-31 13:00:00
3298,P03298,Black+Decker Tostador 2 rebanadas edición especial,Tostador eléctrico de dos ranuras,470.25,68,0,2026-08-29 13:45:00,2026-09-10 15:45:00
3299,P03299,Amazon Basics Cable HDMI 2m color negro,Cable HDMI de alta velocidad de 2 metros,223.41,119,1,2026-01-13 17:30:00,2026-01-20 23:30:00
3300,P03300,Oster Licuadora clásica paquete individual,Licuadora de vaso para preparación de alimentos,832.09,20,1,2026-04-17 10:15:00,2026-04-17 11:00:00
3301,P03301,T-fal Juego de sartenes 3 piezas modelo 2026,Juego de sartenes antiadherentes,1215.77,89,1,2026-03-07 13:00:00,2026-03-14 18:15:00
3302,P03302,Oster Licuadora clásica presentación familiar,Licuadora de vaso para preparación de alimentos,997.48,109,1,2026-04-24 18:00:00,2026-05-31 21:15:00
3303,P03303,Michelin Energy XM2+ edición especial,Neumático para automóvil,1733.7,148,1,2026-08-12 09:00:00,2026-09-05 19:45:00
3304,P03304,Logitech Mouse M185 paquete con 2 piezas,Mouse inalámbrico compacto con receptor USB,324.67,98,1,2026-02-18 09:00:00,2026-03-16 21:00:00
3305,P03305,Oster Licuadora clásica modelo 2026,Licuadora de vaso para preparación de alimentos,841.92,65,1,2026-01-12 09:00:00,2026-02-19 16:00:00
3306,P03306,Scotch-Brite Esponjas multiusos color negro,Paquete de esponjas para limpieza doméstica,82.08,116,1,2026-07-31 10:30:00,2026-08-07 13:15:00
3307,P03307,Whiskas Adulto 1.5kg versión estándar,Alimento seco para gatos adultos,155.44,31,1,2026-07-13 08:30:00,2026-07-24 09:15:00
3308,P03308,Whiskas Adulto 1.5kg color negro,Alimento seco para gatos adultos,145.87,17,1,2026-04-02 11:45:00,2026-04-23 17:30:00
3309,P03309,JBL Go 4,Bocina portátil Bluetooth,1210.16,109,1,2026-08-12 14:15:00,2026-08-18 22:00:00
3310,P03310,Tefal Plancha Ultragliss presentación familiar,Plancha de vapor para ropa,1162.82,51,0,2026-02-02 11:00:00,2026-02-06 14:45:00
3311,P03311,JBL Tune 510BT color rojo,Audífonos inalámbricos Bluetooth,966.99,7,1,2026-03-14 11:30:00,2026-03-28 15:45:00
3312,P03312,Staedtler Lápiz Noris HB paquete con 2 piezas,Lápiz de grafito HB,15.46,101,1,2026-02-06 18:00:00,2026-03-11 01:00:00
3313,P03313,Castrol GTX 5W-30 1L,Aceite para motor de automóvil,168.28,78,1,2026-04-29 08:45:00,2026-05-21 19:15:00
3314,P03314,Samsung Monitor T350 24 pulgadas color azul,Monitor Full HD de 24 pulgadas con panel IPS,2805.57,20,1,2026-07-19 13:30:00,2026-08-29 19:00:00
3315,P03315,BIC Bolígrafo Cristal color negro,Bolígrafo de tinta azul,12.61,100,0,2026-05-13 12:00:00,2026-06-10 16:15:00
3316,P03316,Cinsa Olla de presión 6L color rojo,Olla de presión de aluminio de 6 litros,1061.5,74,1,2026-06-24 15:30:00,2026-07-10 18:15:00
3317,P03317,Rubbermaid Contenedor 10L paquete con 2 piezas,Contenedor plástico para almacenamiento,185.14,146,1,2026-09-01 08:15:00,2026-09-09 17:15:00
3318,P03318,Pyrex Recipiente de vidrio 1L paquete con 2 piezas,Recipiente de vidrio resistente al calor,218.86,76,1,2026-02-12 10:00:00,2026-02-19 19:45:00
3319,P03319,Koblenz Aspiradora WD-2 edición especial,Aspiradora para limpieza doméstica,1658.76,22,1,2026-08-25 10:45:00,2026-09-25 17:00:00
3320,P03320,Kingston DataTraveler Exodia 64GB paquete con 2 piezas,Memoria USB 3.2 de 64 GB,130.69,59,1,2026-07-28 11:45:00,2026-08-01 15:45:00
3321,P03321,Logitech Teclado K120 paquete individual,Teclado alámbrico USB de tamaño completo,297.25,91,0,2026-06-15 13:30:00,2026-06-26 17:15:00
3322,P03322,Logitech Mouse M185 color negro,Mouse inalámbrico compacto con receptor USB,371.9,94,1,2026-07-27 14:00:00,2026-07-28 21:00:00
3323,P03323,Nike Revolution 7 presentación familiar,Tenis deportivos para entrenamiento,1727.72,105,1,2026-02-19 15:15:00,2026-02-20 19:45:00
3324,P03324,JBL Go 4 modelo 2026,Bocina portátil Bluetooth,1063.15,137,1,2026-04-19 09:30:00,2026-05-23 09:30:00
3325,P03325,JBL Go 4,Bocina portátil Bluetooth,1007.1,82,0,2026-06-13 19:30:00,2026-07-11 00:30:00
3326,P03326,LG Monitor 24MP400-B,Monitor LED Full HD de 24 pulgadas,3056.32,124,1,2026-08-11 09:30:00,2026-09-01 20:45:00
3327,P03327,Colgate Total 12 presentación familiar,Pasta dental de protección integral,65.75,131,1,2026-05-09 17:45:00,2026-06-23 00:30:00
3328,P03328,Nike Revolution 7 color azul,Tenis deportivos para entrenamiento,1549.67,58,0,2026-05-03 18:00:00,2026-06-10 00:30:00
3329,P03329,Amazon Basics Cable HDMI 2m paquete con 2 piezas,Cable HDMI de alta velocidad de 2 metros,217.97,14,1,2026-08-30 11:45:00,2026-10-13 15:15:00
3330,P03330,APC Back-UPS 600VA color rojo,Sistema de respaldo de energía de 600 VA,1659.75,116,1,2026-06-23 14:45:00,2026-08-01 19:30:00
3331,P03331,Scribe Cuaderno profesional modelo 2026,Cuaderno de hojas rayadas,89.28,114,0,2026-07-16 19:30:00,2026-07-31 01:00:00
3332,P03332,Kingston DataTraveler Exodia 64GB paquete individual,Memoria USB 3.2 de 64 GB,125.63,54,0,2026-03-15 19:30:00,2026-04-05 21:15:00
3333,P03333,Tefal Plancha Ultragliss,Plancha de vapor para ropa,1174.05,122,1,2026-04-28 09:45:00,2026-05-22 11:15:00
3334,P03334,T-fal Juego de sartenes 3 piezas paquete con 2 piezas,Juego de sartenes antiadherentes,1317.66,50,1,2026-07-08 09:15:00,2026-07-14 21:45:00
3335,P03335,Tramontina Sartén 24cm presentación familiar,Sartén antiadherente de 24 centímetros,466.66,48,1,2026-06-05 12:00:00,2026-07-17 17:30:00
3336,P03336,UGREEN Adaptador USB-C presentación familiar,Adaptador USB-C a USB 3.0,251.53,55,1,2026-08-15 10:15:00,2026-08-20 15:00:00
3337,P03337,Ninja Air Fryer 4L presentación familiar,Freidora de aire de 4 litros,1889.98,88,0,2026-03-13 09:45:00,2026-04-09 14:00:00
3338,P03338,Gillette Mach3 presentación familiar,Rastrillo para afeitar con tres hojas,185.31,119,1,2026-01-02 09:15:00,2026-02-02 18:00:00
3339,P03339,Pyrex Recipiente de vidrio 1L edición especial,Recipiente de vidrio resistente al calor,241.92,65,1,2026-01-12 18:30:00,2026-01-21 03:45:00
3340,P03340,Kingston Fury Beast 8GB,Memoria RAM DDR4 de 8 GB,462.64,100,1,2026-05-10 13:15:00,2026-05-29 21:15:00
3341,P03341,Adidas Runfalcon 5 paquete con 2 piezas,Calzado deportivo para correr,1371.66,43,1,2026-06-12 18:00:00,2026-06-21 19:00:00
3342,P03342,Bosch Bujía de encendido paquete con 2 piezas,Bujía para motor de gasolina,129.59,135,1,2026-05-20 10:45:00,2026-06-29 13:30:00
3343,P03343,Kingston NV2 1TB presentación familiar,Unidad SSD NVMe M.2 de 1 TB,1494.95,32,1,2026-06-17 19:45:00,2026-07-12 23:45:00
3344,P03344,Rubbermaid Contenedor 10L paquete individual,Contenedor plástico para almacenamiento,188.78,109,0,2026-04-19 13:30:00,2026-05-10 20:45:00
3345,P03345,Spalding TF-1000 paquete individual,Balón de basquetbol para interiores,823.45,149,1,2026-03-01 15:30:00,2026-04-04 18:00:00
3346,P03346,Sharpie Marcador permanente color negro,Marcador permanente de punta fina,37.58,4,1,2026-03-08 16:45:00,2026-03-15 21:15:00
3347,P03347,Cinsa Olla de presión 6L color azul,Olla de presión de aluminio de 6 litros,933.74,44,1,2026-01-04 12:00:00,2026-02-11 14:00:00
3348,P03348,T-fal Juego de sartenes 3 piezas paquete individual,Juego de sartenes antiadherentes,1239.34,127,0,2026-05-15 11:15:00,2026-06-20 23:15:00
3349,P03349,Black+Decker Tostador 2 rebanadas color rojo,Tostador eléctrico de dos ranuras,449.5,149,0,2026-03-29 10:45:00,2026-04-26 17:00:00
3350,P03350,Avery Etiquetas adhesivas color rojo,Paquete de etiquetas autoadhesivas,138.42,12,1,2026-05-07 10:45:00,2026-06-05 14:00:00
3351,P03351,Wilson Pelota de tenis Championship presentación familiar,Pelota de tenis para entrenamiento,123.33,62,1,2026-07-04 10:15:00,2026-07-28 14:30:00
3352,P03352,Adidas Runfalcon 5 color azul,Calzado deportivo para correr,1446.51,82,0,2026-08-18 09:30:00,2026-09-04 22:15:00
3353,P03353,Tefal Plancha Ultragliss paquete individual,Plancha de vapor para ropa,1170.6,19,1,2026-07-05 11:00:00,2026-07-20 21:00:00
3354,P03354,Whiskas Adulto 1.5kg edición especial,Alimento seco para gatos adultos,146.58,6,1,2026-07-06 17:00:00,2026-07-29 00:30:00
3355,P03355,Tefal Plancha Ultragliss edición especial,Plancha de vapor para ropa,1309.73,21,0,2026-03-12 09:45:00,2026-03-19 14:45:00
3356,P03356,Pedigree Adulto 2kg edición especial,Alimento seco para perros adultos,171.6,129,1,2026-07-12 10:15:00,2026-07-20 10:15:00
3357,P03357,Ninja Air Fryer 4L edición especial,Freidora de aire de 4 litros,1952.74,33,1,2026-07-14 08:00:00,2026-08-11 10:00:00
3358,P03358,Spalding TF-1000 color azul,Balón de basquetbol para interiores,741.8,147,1,2026-04-25 17:00:00,2026-05-21 17:30:00
3359,P03359,LG Monitor 24MP400-B versión estándar,Monitor LED Full HD de 24 pulgadas,2631.0,99,0,2026-01-24 19:45:00,2026-03-03 21:45:00
3360,P03360,Tramontina Juego de cuchillos 6 piezas color negro,Set de cuchillos para cocina,733.87,39,1,2026-06-27 12:45:00,2026-06-29 21:15:00
3361,P03361,Tramontina Sartén 24cm modelo 2026,Sartén antiadherente de 24 centímetros,519.54,50,1,2026-04-05 18:00:00,2026-04-26 05:15:00
3362,P03362,Samsung Monitor T350 24 pulgadas edición especial,Monitor Full HD de 24 pulgadas con panel IPS,2592.76,35,1,2026-03-01 18:30:00,2026-03-24 23:30:00
3363,P03363,Kong Classic M color negro,Juguete resistente para perros,339.2,128,0,2026-03-14 16:00:00,2026-04-28 23:45:00
3364,P03364,Bosch Bujía de encendido versión estándar,Bujía para motor de gasolina,140.66,50,1,2026-01-13 13:45:00,2026-02-06 14:00:00
3365,P03365,Pyrex Recipiente de vidrio 1L color negro,Recipiente de vidrio resistente al calor,233.92,6,1,2026-08-19 14:00:00,2026-09-02 19:00:00
3366,P03366,Michelin Energy XM2+ versión estándar,Neumático para automóvil,2008.51,51,0,2026-04-16 12:30:00,2026-05-16 18:15:00
3367,P03367,TP-Link Archer C6 color negro,Router inalámbrico Gigabit AC1200,1038.41,100,1,2026-03-08 15:30:00,2026-03-20 02:30:00
3368,P03368,Logitech Mouse M185 presentación familiar,Mouse inalámbrico compacto con receptor USB,372.89,57,1,2026-01-08 12:30:00,2026-02-02 21:00:00
3369,P03369,Cinsa Olla de presión 6L versión estándar,Olla de presión de aluminio de 6 litros,905.15,112,0,2026-07-03 10:30:00,2026-07-09 17:30:00
3370,P03370,Ninja Air Fryer 4L color negro,Freidora de aire de 4 litros,1771.27,88,1,2026-06-29 09:45:00,2026-07-19 19:30:00
3371,P03371,Post-it Notas adhesivas 76x76mm edición especial,Bloc de notas adhesivas amarillas,67.25,77,0,2026-06-29 17:00:00,2026-07-06 23:30:00
3372,P03372,Pilot G2 presentación familiar,Bolígrafo de gel de tinta negra,36.09,25,1,2026-03-30 17:15:00,2026-05-01 02:15:00
3373,P03373,Kong Classic M,Juguete resistente para perros,349.43,138,1,2026-08-03 14:15:00,2026-08-19 18:15:00
3374,P03374,SanDisk Ultra microSD 128GB versión estándar,Tarjeta microSD de 128 GB,309.8,102,1,2026-04-17 12:00:00,2026-04-27 17:45:00
3375,P03375,Hamilton Beach Cafetera 12 tazas versión estándar,Cafetera programable de 12 tazas,723.69,30,1,2026-06-05 19:45:00,2026-07-07 07:30:00
3376,P03376,Logitech Webcam C920s color negro,Cámara web Full HD con micrófono estéreo,1346.72,90,0,2026-04-16 17:45:00,2026-05-14 04:15:00
3377,P03377,Avery Etiquetas adhesivas paquete con 2 piezas,Paquete de etiquetas autoadhesivas,127.21,23,0,2026-02-27 14:00:00,2026-03-11 20:00:00
3378,P03378,UGREEN Adaptador USB-C paquete individual,Adaptador USB-C a USB 3.0,228.55,128,0,2026-02-24 16:15:00,2026-03-24 21:30:00
3379,P03379,Sterilite Caja organizadora 40L color azul,Caja plástica con tapa para almacenamiento,331.1,86,0,2026-04-08 12:30:00,2026-05-12 21:30:00
3380,P03380,Kingston Fury Beast 8GB edición especial,Memoria RAM DDR4 de 8 GB,552.71,149,1,2026-03-28 16:00:00,2026-05-05 17:15:00
3381,P03381,Spalding TF-1000 color negro,Balón de basquetbol para interiores,729.22,71,1,2026-02-12 09:00:00,2026-03-18 10:15:00
3382,P03382,Castrol GTX 5W-30 1L,Aceite para motor de automóvil,165.11,96,1,2026-07-08 11:00:00,2026-07-25 16:15:00
3383,P03383,UGREEN Adaptador USB-C color rojo,Adaptador USB-C a USB 3.0,256.26,89,0,2026-05-06 18:15:00,2026-05-16 21:00:00
3384,P03384,Everlast Guantes de boxeo 12 oz color azul,Guantes de boxeo para entrenamiento,779.72,81,1,2026-07-21 10:30:00,2026-09-02 11:15:00
3385,P03385,SanDisk Ultra microSD 128GB modelo 2026,Tarjeta microSD de 128 GB,329.45,69,0,2026-03-20 11:30:00,2026-04-12 13:15:00
3386,P03386,Wilson Pelota de tenis Championship color rojo,Pelota de tenis para entrenamiento,127.08,84,1,2026-08-29 15:30:00,2026-09-30 16:00:00
3387,P03387,Nike Revolution 7 color rojo,Tenis deportivos para entrenamiento,1563.26,100,1,2026-09-13 15:00:00,2026-10-21 02:00:00
3388,P03388,BIC Bolígrafo Cristal modelo 2026,Bolígrafo de tinta azul,11.21,103,0,2026-02-04 19:30:00,2026-03-16 01:15:00
3389,P03389,Michelin Energy XM2+ paquete con 2 piezas,Neumático para automóvil,1742.37,55,1,2026-07-03 16:00:00,2026-08-01 16:30:00
3390,P03390,Michelin Energy XM2+ presentación familiar,Neumático para automóvil,1931.19,144,1,2026-01-16 12:30:00,2026-01-22 14:00:00
3391,P03391,Bosch Bujía de encendido color negro,Bujía para motor de gasolina,133.19,82,1,2026-09-06 10:30:00,2026-10-19 21:30:00
3392,P03392,Pedigree Adulto 2kg,Alimento seco para perros adultos,169.78,124,1,2026-09-14 11:15:00,2026-10-12 21:00:00
3393,P03393,Whiskas Adulto 1.5kg modelo 2026,Alimento seco para gatos adultos,144.75,138,1,2026-07-06 08:15:00,2026-08-10 11:00:00
3394,P03394,Sharpie Marcador permanente color azul,Marcador permanente de punta fina,36.93,33,1,2026-09-09 14:00:00,2026-09-24 14:15:00
3395,P03395,Sharpie Marcador permanente color rojo,Marcador permanente de punta fina,36.69,103,1,2026-08-20 15:30:00,2026-09-22 19:15:00
3396,P03396,Logitech Mouse M185 color azul,Mouse inalámbrico compacto con receptor USB,384.0,67,1,2026-04-03 08:15:00,2026-05-11 14:45:00
3397,P03397,Pyrex Recipiente de vidrio 1L,Recipiente de vidrio resistente al calor,206.99,50,1,2026-03-09 09:00:00,2026-03-31 09:45:00
3398,P03398,JBL Tune 510BT color negro,Audífonos inalámbricos Bluetooth,970.46,20,1,2026-01-05 14:15:00,2026-01-11 15:00:00
3399,P03399,Puma Essentials Hoodie color rojo,Sudadera deportiva con capucha,949.55,149,0,2026-03-13 09:45:00,2026-04-03 10:00:00
3400,P03400,Samsung Monitor T350 24 pulgadas versión estándar,Monitor Full HD de 24 pulgadas con panel IPS,2562.54,134,1,2026-01-31 16:15:00,2026-03-15 21:00:00
3401,P03401,UGREEN Adaptador USB-C modelo 2026,Adaptador USB-C a USB 3.0,265.62,71,0,2026-03-15 12:30:00,2026-03-23 16:30:00
3402,P03402,Tefal Plancha Ultragliss edición especial,Plancha de vapor para ropa,1181.7,71,1,2026-01-16 08:30:00,2026-02-19 13:30:00
3403,P03403,Logitech Webcam C920s,Cámara web Full HD con micrófono estéreo,1285.22,54,1,2026-06-12 08:45:00,2026-06-27 13:45:00
3404,P03404,Nike Revolution 7 presentación familiar,Tenis deportivos para entrenamiento,1597.32,93,0,2026-02-09 12:30:00,2026-03-06 23:30:00
3405,P03405,Ninja Air Fryer 4L modelo 2026,Freidora de aire de 4 litros,2055.9,71,1,2026-03-23 15:00:00,2026-04-13 16:00:00
3406,P03406,Scribe Cuaderno profesional color azul,Cuaderno de hojas rayadas,96.02,116,0,2026-05-16 18:15:00,2026-06-12 04:15:00
3407,P03407,Nivea Crema corporal versión estándar,Crema hidratante para cuerpo,130.95,72,1,2026-02-03 08:45:00,2026-02-28 09:00:00
3408,P03408,Puma Essentials Hoodie edición especial,Sudadera deportiva con capucha,899.14,132,1,2026-06-23 12:45:00,2026-08-06 19:00:00
3409,P03409,T-fal Juego de sartenes 3 piezas color azul,Juego de sartenes antiadherentes,1338.45,16,1,2026-02-01 09:00:00,2026-02-20 15:15:00
3410,P03410,Kong Classic M paquete con 2 piezas,Juguete resistente para perros,347.04,103,1,2026-02-01 10:15:00,2026-03-15 17:00:00
3411,P03411,Ninja Air Fryer 4L presentación familiar,Freidora de aire de 4 litros,1832.48,60,0,2026-05-29 15:00:00,2026-06-25 16:00:00
3412,P03412,Cinsa Olla de presión 6L presentación familiar,Olla de presión de aluminio de 6 litros,1085.39,15,1,2026-02-05 16:15:00,2026-02-09 02:30:00
3413,P03413,Amazon Basics Cable HDMI 2m presentación familiar,Cable HDMI de alta velocidad de 2 metros,239.04,56,1,2026-07-13 11:15:00,2026-07-30 18:00:00
3414,P03414,APC Back-UPS 600VA modelo 2026,Sistema de respaldo de energía de 600 VA,1848.04,90,1,2026-08-26 11:30:00,2026-09-23 23:00:00
3415,P03415,TP-Link Archer C6 paquete individual,Router inalámbrico Gigabit AC1200,1095.58,118,1,2026-04-03 11:00:00,2026-05-13 15:00:00
3416,P03416,Castrol GTX 5W-30 1L paquete individual,Aceite para motor de automóvil,167.83,124,1,2026-08-07 13:15:00,2026-08-26 22:00:00
3417,P03417,Tramontina Juego de cuchillos 6 piezas color azul,Set de cuchillos para cocina,879.49,16,0,2026-05-16 19:15:00,2026-05-31 20:30:00
3418,P03418,Spalding TF-1000 presentación familiar,Balón de basquetbol para interiores,893.79,37,1,2026-03-01 14:45:00,2026-03-03 18:00:00
3419,P03419,Pedigree Adulto 2kg,Alimento seco para perros adultos,161.39,52,1,2026-04-09 15:45:00,2026-05-11 21:00:00
3420,P03420,Scotch-Brite Esponjas multiusos paquete individual,Paquete de esponjas para limpieza doméstica,83.48,40,1,2026-07-16 13:45:00,2026-07-24 01:30:00
3421,P03421,Whiskas Adulto 1.5kg color rojo,Alimento seco para gatos adultos,136.59,144,1,2026-04-07 14:45:00,2026-04-20 16:30:00
3422,P03422,APC Back-UPS 600VA color negro,Sistema de respaldo de energía de 600 VA,1698.42,106,1,2026-09-17 13:00:00,2026-10-26 17:15:00
3423,P03423,Spalding TF-1000 paquete con 2 piezas,Balón de basquetbol para interiores,849.16,2,0,2026-09-02 13:30:00,2026-09-21 17:45:00
3424,P03424,Adidas Runfalcon 5 paquete individual,Calzado deportivo para correr,1487.57,110,1,2026-02-01 09:30:00,2026-02-19 14:30:00
3425,P03425,Pyrex Recipiente de vidrio 1L color negro,Recipiente de vidrio resistente al calor,233.68,95,1,2026-03-19 15:30:00,2026-04-02 23:30:00
3426,P03426,Amazon Basics Cable HDMI 2m presentación familiar,Cable HDMI de alta velocidad de 2 metros,226.14,102,1,2026-04-13 16:00:00,2026-04-14 22:15:00
3427,P03427,Adidas Runfalcon 5 color negro,Calzado deportivo para correr,1559.28,143,1,2026-06-10 11:00:00,2026-06-10 19:00:00
3428,P03428,HP DeskJet 2875 paquete individual,Impresora multifuncional inalámbrica,2014.67,30,1,2026-09-18 15:15:00,2026-10-06 18:00:00
3429,P03429,T-fal Juego de sartenes 3 piezas paquete individual,Juego de sartenes antiadherentes,1258.07,71,1,2026-02-07 16:00:00,2026-03-22 20:30:00
3430,P03430,Puma Essentials Hoodie paquete con 2 piezas,Sudadera deportiva con capucha,995.18,43,1,2026-08-21 08:15:00,2026-09-22 20:30:00
3431,P03431,Pilot G2 color negro,Bolígrafo de gel de tinta negra,36.63,32,1,2026-06-30 10:45:00,2026-07-24 15:15:00
3432,P03432,Logitech Mouse G203 edición especial,Mouse para gaming con sensor óptico,633.0,69,1,2026-04-08 15:45:00,2026-05-17 20:45:00
3433,P03433,Logitech Webcam C920s,Cámara web Full HD con micrófono estéreo,1492.72,122,1,2026-03-28 17:15:00,2026-04-06 22:00:00
3434,P03434,Vasconia Cacerola 24cm color rojo,Cacerola de aluminio con tapa,472.88,33,1,2026-07-16 09:45:00,2026-08-18 15:45:00
3435,P03435,Michelin Energy XM2+ color negro,Neumático para automóvil,2103.55,121,1,2026-04-10 15:15:00,2026-05-21 03:45:00
3436,P03436,Bosch Bujía de encendido edición especial,Bujía para motor de gasolina,140.37,104,1,2026-08-13 13:30:00,2026-08-24 22:00:00
3437,P03437,Black+Decker Tostador 2 rebanadas edición especial,Tostador eléctrico de dos ranuras,512.66,14,1,2026-09-01 10:30:00,2026-09-05 14:15:00
3438,P03438,Spalding TF-1000 versión estándar,Balón de basquetbol para interiores,788.81,122,1,2026-05-23 11:30:00,2026-06-14 19:30:00
3439,P03439,Bosch Bujía de encendido paquete individual,Bujía para motor de gasolina,127.45,36,1,2026-08-05 17:45:00,2026-08-14 00:45:00
3440,P03440,JBL Go 4 color azul,Bocina portátil Bluetooth,1182.45,64,1,2026-04-26 13:30:00,2026-06-05 18:15:00
3441,P03441,Logitech Teclado K120 paquete individual,Teclado alámbrico USB de tamaño completo,334.73,90,1,2026-01-10 16:30:00,2026-02-07 02:45:00
3442,P03442,T-fal Juego de sartenes 3 piezas versión estándar,Juego de sartenes antiadherentes,1188.6,116,1,2026-04-06 17:30:00,2026-05-14 22:15:00
3443,P03443,Colgate Total 12 edición especial,Pasta dental de protección integral,65.2,24,1,2026-02-15 08:15:00,2026-03-19 17:30:00
3444,P03444,Tramontina Juego de cuchillos 6 piezas modelo 2026,Set de cuchillos para cocina,885.67,23,1,2026-04-30 15:45:00,2026-05-20 20:00:00
3445,P03445,Pedigree Adulto 2kg versión estándar,Alimento seco para perros adultos,149.5,126,0,2026-05-31 10:15:00,2026-07-11 16:15:00
3446,P03446,BIC Bolígrafo Cristal paquete con 2 piezas,Bolígrafo de tinta azul,11.28,17,1,2026-01-03 17:45:00,2026-01-20 23:15:00
3447,P03447,Spalding TF-1000 paquete con 2 piezas,Balón de basquetbol para interiores,888.35,115,1,2026-06-26 17:15:00,2026-08-02 17:30:00
3448,P03448,SanDisk Ultra microSD 128GB color azul,Tarjeta microSD de 128 GB,329.08,37,1,2026-02-19 17:45:00,2026-03-24 22:15:00
3449,P03449,Castrol GTX 5W-30 1L color negro,Aceite para motor de automóvil,171.66,92,1,2026-02-24 18:15:00,2026-03-14 06:45:00
3450,P03450,Samsung Monitor T350 24 pulgadas color rojo,Monitor Full HD de 24 pulgadas con panel IPS,2686.31,96,0,2026-06-24 16:00:00,2026-07-26 03:15:00
3451,P03451,Tramontina Juego de cuchillos 6 piezas paquete individual,Set de cuchillos para cocina,839.23,36,0,2026-08-23 19:15:00,2026-09-17 20:00:00
3452,P03452,HP DeskJet 2875 presentación familiar,Impresora multifuncional inalámbrica,1725.67,45,1,2026-09-04 08:30:00,2026-10-18 20:00:00
3453,P03453,Logitech Mouse G203 versión estándar,Mouse para gaming con sensor óptico,684.96,142,0,2026-03-30 10:15:00,2026-04-22 17:30:00
3454,P03454,Koblenz Aspiradora WD-2 modelo 2026,Aspiradora para limpieza doméstica,1617.24,131,1,2026-01-18 13:45:00,2026-01-28 22:45:00
3455,P03455,Pedigree Adulto 2kg color rojo,Alimento seco para perros adultos,171.92,55,1,2026-06-24 14:00:00,2026-07-09 15:00:00
3456,P03456,Rubbermaid Contenedor 10L modelo 2026,Contenedor plástico para almacenamiento,185.07,61,1,2026-02-21 18:00:00,2026-02-26 18:30:00
3457,P03457,Tefal Plancha Ultragliss color azul,Plancha de vapor para ropa,1258.01,101,1,2026-08-05 17:45:00,2026-09-17 18:45:00
3458,P03458,Tefal Plancha Ultragliss edición especial,Plancha de vapor para ropa,1324.63,28,1,2026-02-11 08:45:00,2026-02-27 12:30:00
3459,P03459,Tramontina Juego de cuchillos 6 piezas,Set de cuchillos para cocina,748.9,139,1,2026-01-05 12:30:00,2026-01-18 00:30:00
3460,P03460,Hamilton Beach Cafetera 12 tazas paquete con 2 piezas,Cafetera programable de 12 tazas,727.4,15,1,2026-05-15 13:30:00,2026-06-05 18:30:00
3461,P03461,Amazon Basics Cable HDMI 2m edición especial,Cable HDMI de alta velocidad de 2 metros,234.39,103,1,2026-08-01 16:30:00,2026-08-21 01:30:00
3462,P03462,Samsung Monitor T350 24 pulgadas presentación familiar,Monitor Full HD de 24 pulgadas con panel IPS,2482.98,82,1,2026-01-11 16:30:00,2026-02-24 19:15:00
3463,P03463,Gillette Mach3 paquete con 2 piezas,Rastrillo para afeitar con tres hojas,190.54,80,1,2026-06-29 16:15:00,2026-08-07 02:30:00
3464,P03464,Koblenz Aspiradora WD-2 edición especial,Aspiradora para limpieza doméstica,1590.08,105,0,2026-03-04 18:15:00,2026-03-17 21:15:00
3465,P03465,Adidas Runfalcon 5,Calzado deportivo para correr,1315.86,112,1,2026-03-29 08:15:00,2026-04-06 09:45:00
3466,P03466,Kong Classic M color negro,Juguete resistente para perros,368.49,105,0,2026-03-28 09:30:00,2026-04-09 11:15:00
3467,P03467,Kingston DataTraveler Exodia 64GB presentación familiar,Memoria USB 3.2 de 64 GB,138.7,22,1,2026-03-14 11:00:00,2026-04-04 21:30:00
3468,P03468,Nike Revolution 7 paquete individual,Tenis deportivos para entrenamiento,1784.41,40,1,2026-05-27 14:00:00,2026-06-10 20:30:00
3469,P03469,APC Back-UPS 600VA versión estándar,Sistema de respaldo de energía de 600 VA,1562.57,98,1,2026-02-16 12:15:00,2026-03-27 01:00:00
3470,P03470,Castrol GTX 5W-30 1L modelo 2026,Aceite para motor de automóvil,143.43,51,0,2026-03-25 13:45:00,2026-05-08 00:15:00
3471,P03471,Nivea Crema corporal paquete con 2 piezas,Crema hidratante para cuerpo,130.13,23,1,2026-05-08 17:45:00,2026-06-10 02:45:00
3472,P03472,UGREEN Adaptador USB-C presentación familiar,Adaptador USB-C a USB 3.0,240.39,99,1,2026-06-14 08:15:00,2026-07-20 17:45:00
3473,P03473,Amazon Basics Cable HDMI 2m color negro,Cable HDMI de alta velocidad de 2 metros,198.39,74,1,2026-04-13 17:15:00,2026-04-15 04:00:00
3474,P03474,Rubbermaid Contenedor 10L presentación familiar,Contenedor plástico para almacenamiento,183.47,16,1,2026-06-10 13:15:00,2026-06-23 13:45:00
3475,P03475,Cinsa Olla de presión 6L color azul,Olla de presión de aluminio de 6 litros,970.28,7,1,2026-09-14 19:00:00,2026-09-17 07:15:00
3476,P03476,Adidas Runfalcon 5 color rojo,Calzado deportivo para correr,1333.45,116,1,2026-02-14 18:00:00,2026-04-01 05:30:00
3477,P03477,Staedtler Lápiz Noris HB color rojo,Lápiz de grafito HB,14.49,1,1,2026-04-11 09:45:00,2026-04-15 19:30:00
3478,P03478,Logitech Mouse G203 paquete con 2 piezas,Mouse para gaming con sensor óptico,744.62,72,1,2026-05-02 19:30:00,2026-06-06 03:00:00
3479,P03479,Adidas Runfalcon 5 presentación familiar,Calzado deportivo para correr,1366.53,79,1,2026-01-17 19:00:00,2026-01-19 22:30:00
3480,P03480,Scribe Cuaderno profesional paquete individual,Cuaderno de hojas rayadas,99.05,91,1,2026-01-05 16:15:00,2026-01-11 16:15:00
3481,P03481,Nike Revolution 7 modelo 2026,Tenis deportivos para entrenamiento,1583.69,18,1,2026-04-15 10:00:00,2026-05-12 10:30:00
3482,P03482,Ninja Air Fryer 4L modelo 2026,Freidora de aire de 4 litros,1786.62,38,0,2026-09-13 13:30:00,2026-10-11 02:00:00
3483,P03483,Logitech Teclado K120 color azul,Teclado alámbrico USB de tamaño completo,367.22,120,0,2026-07-17 19:30:00,2026-08-24 06:30:00
3484,P03484,Staedtler Lápiz Noris HB presentación familiar,Lápiz de grafito HB,15.33,55,1,2026-03-09 16:30:00,2026-03-18 05:15:00
3485,P03485,Dove Jabón corporal paquete con 2 piezas,Jabón corporal de uso diario,52.57,135,0,2026-07-03 16:15:00,2026-07-21 03:45:00
3486,P03486,Puma Essentials Hoodie versión estándar,Sudadera deportiva con capucha,1094.78,86,1,2026-03-08 16:15:00,2026-04-22 17:00:00
3487,P03487,Scribe Cuaderno profesional presentación familiar,Cuaderno de hojas rayadas,96.4,109,1,2026-01-22 15:30:00,2026-02-15 22:00:00
3488,P03488,Pyrex Recipiente de vidrio 1L paquete individual,Recipiente de vidrio resistente al calor,215.83,146,0,2026-08-09 17:45:00,2026-09-20 21:00:00
3489,P03489,Post-it Notas adhesivas 76x76mm modelo 2026,Bloc de notas adhesivas amarillas,70.33,18,1,2026-01-05 11:30:00,2026-02-06 14:45:00
3490,P03490,Tefal Plancha Ultragliss edición especial,Plancha de vapor para ropa,1228.0,84,1,2026-07-04 15:00:00,2026-07-24 00:15:00
3491,P03491,Pilot G2 color azul,Bolígrafo de gel de tinta negra,39.13,94,1,2026-07-04 09:15:00,2026-08-13 13:30:00
3492,P03492,Koblenz Aspiradora WD-2 versión estándar,Aspiradora para limpieza doméstica,1660.58,62,1,2026-05-28 16:15:00,2026-06-12 22:30:00
3493,P03493,Black+Decker Tostador 2 rebanadas color azul,Tostador eléctrico de dos ranuras,542.66,122,1,2026-03-27 17:15:00,2026-04-08 20:45:00
3494,P03494,Tramontina Juego de cuchillos 6 piezas versión estándar,Set de cuchillos para cocina,882.32,135,1,2026-04-16 08:15:00,2026-04-16 11:15:00
3495,P03495,Kong Classic M color negro,Juguete resistente para perros,318.7,108,1,2026-06-22 16:15:00,2026-07-20 16:45:00
3496,P03496,TP-Link Archer C6 color rojo,Router inalámbrico Gigabit AC1200,996.26,102,1,2026-01-25 10:30:00,2026-02-26 10:45:00
3497,P03497,Tramontina Sartén 24cm paquete con 2 piezas,Sartén antiadherente de 24 centímetros,451.55,111,1,2026-04-21 18:30:00,2026-05-14 20:15:00
3498,P03498,Sterilite Caja organizadora 40L presentación familiar,Caja plástica con tapa para almacenamiento,343.23,109,1,2026-06-20 17:30:00,2026-07-27 05:30:00
3499,P03499,Pilot G2 edición especial,Bolígrafo de gel de tinta negra,37.32,125,0,2026-08-08 10:30:00,2026-08-20 23:00:00
3500,P03500,Koblenz Aspiradora WD-2 modelo 2026,Aspiradora para limpieza doméstica,1452.5,118,1,2026-08-01 11:30:00,2026-08-31 19:45:00
3501,P03501,Pilot G2 presentación familiar,Bolígrafo de gel de tinta negra,38.98,124,0,2026-06-30 19:30:00,2026-08-01 21:45:00
3502,P03502,Logitech Mouse G203 color rojo,Mouse para gaming con sensor óptico,731.76,2,1,2026-07-11 18:45:00,2026-08-26 03:00:00
3503,P03503,APC Back-UPS 600VA color azul,Sistema de respaldo de energía de 600 VA,1841.28,25,1,2026-02-21 15:00:00,2026-04-02 02:45:00
3504,P03504,Logitech Mouse M185 edición especial,Mouse inalámbrico compacto con receptor USB,357.51,6,1,2026-07-19 12:30:00,2026-08-28 12:30:00
3505,P03505,Avery Etiquetas adhesivas color rojo,Paquete de etiquetas autoadhesivas,133.21,105,1,2026-07-23 17:00:00,2026-08-04 03:15:00
3506,P03506,Gillette Mach3 paquete con 2 piezas,Rastrillo para afeitar con tres hojas,207.84,24,1,2026-07-21 19:45:00,2026-08-06 06:30:00
3507,P03507,Logitech Webcam C920s color azul,Cámara web Full HD con micrófono estéreo,1407.93,150,1,2026-04-24 17:45:00,2026-06-05 17:45:00
3508,P03508,Logitech Mouse M185 color rojo,Mouse inalámbrico compacto con receptor USB,318.4,45,1,2026-01-19 19:30:00,2026-02-26 03:30:00
3509,P03509,Sharpie Marcador permanente modelo 2026,Marcador permanente de punta fina,36.19,48,0,2026-05-07 09:30:00,2026-05-31 11:15:00
3510,P03510,Tramontina Juego de cuchillos 6 piezas paquete con 2 piezas,Set de cuchillos para cocina,771.49,64,1,2026-04-07 09:00:00,2026-04-26 11:30:00
3511,P03511,Rubbermaid Contenedor 10L presentación familiar,Contenedor plástico para almacenamiento,194.15,8,1,2026-01-26 19:00:00,2026-03-13 02:00:00
3512,P03512,Adidas Runfalcon 5 color azul,Calzado deportivo para correr,1312.83,29,1,2026-08-16 12:45:00,2026-09-14 18:15:00
3513,P03513,Castrol GTX 5W-30 1L presentación familiar,Aceite para motor de automóvil,177.41,28,1,2026-03-12 14:30:00,2026-03-30 02:00:00
3514,P03514,Staedtler Lápiz Noris HB,Lápiz de grafito HB,14.08,125,1,2026-09-03 14:45:00,2026-09-24 01:15:00
3515,P03515,Michelin Energy XM2+,Neumático para automóvil,1801.07,90,1,2026-03-04 18:00:00,2026-03-18 01:45:00
3516,P03516,Nivea Crema corporal modelo 2026,Crema hidratante para cuerpo,118.1,62,1,2026-09-09 12:30:00,2026-10-23 00:45:00
3517,P03517,Scribe Cuaderno profesional paquete con 2 piezas,Cuaderno de hojas rayadas,95.69,30,1,2026-03-06 16:00:00,2026-03-26 03:30:00
3518,P03518,Sharpie Marcador permanente versión estándar,Marcador permanente de punta fina,37.1,72,0,2026-02-16 12:30:00,2026-03-02 16:15:00
3519,P03519,Staedtler Lápiz Noris HB modelo 2026,Lápiz de grafito HB,16.19,123,1,2026-04-13 10:15:00,2026-05-18 15:15:00
3520,P03520,Sharpie Marcador permanente versión estándar,Marcador permanente de punta fina,36.75,7,1,2026-02-11 14:30:00,2026-03-11 20:30:00
3521,P03521,Scotch-Brite Esponjas multiusos,Paquete de esponjas para limpieza doméstica,84.58,80,1,2026-09-03 16:30:00,2026-09-08 16:45:00
3522,P03522,Everlast Guantes de boxeo 12 oz versión estándar,Guantes de boxeo para entrenamiento,761.12,50,0,2026-04-27 17:30:00,2026-05-07 01:00:00
3523,P03523,Amazon Basics Cable HDMI 2m color rojo,Cable HDMI de alta velocidad de 2 metros,244.41,134,1,2026-06-28 10:00:00,2026-08-06 20:15:00
3524,P03524,Logitech Webcam C920s color rojo,Cámara web Full HD con micrófono estéreo,1385.73,0,0,2026-06-11 16:30:00,2026-06-16 18:15:00
3525,P03525,Castrol GTX 5W-30 1L color negro,Aceite para motor de automóvil,167.35,18,1,2026-09-03 14:15:00,2026-09-11 01:00:00
3526,P03526,Everlast Guantes de boxeo 12 oz presentación familiar,Guantes de boxeo para entrenamiento,651.94,110,1,2026-03-29 19:15:00,2026-04-14 04:15:00
3527,P03527,Hamilton Beach Cafetera 12 tazas color negro,Cafetera programable de 12 tazas,816.91,13,1,2026-01-29 11:00:00,2026-02-17 16:30:00
3528,P03528,Dove Jabón corporal,Jabón corporal de uso diario,51.12,99,0,2026-03-19 08:30:00,2026-04-17 16:30:00
3529,P03529,Sterilite Caja organizadora 40L paquete individual,Caja plástica con tapa para almacenamiento,360.21,2,1,2026-01-07 14:00:00,2026-02-13 21:00:00
3530,P03530,Amazon Basics Cable HDMI 2m color negro,Cable HDMI de alta velocidad de 2 metros,200.91,63,1,2026-01-07 16:45:00,2026-01-12 04:30:00
3531,P03531,SanDisk Ultra microSD 128GB color negro,Tarjeta microSD de 128 GB,317.58,131,0,2026-07-07 16:45:00,2026-07-28 01:15:00
3532,P03532,Scribe Cuaderno profesional modelo 2026,Cuaderno de hojas rayadas,92.78,75,1,2026-03-02 08:00:00,2026-03-03 10:45:00
3533,P03533,Pedigree Adulto 2kg paquete con 2 piezas,Alimento seco para perros adultos,149.05,29,1,2026-08-29 08:45:00,2026-09-07 15:00:00
3534,P03534,Nivea Crema corporal color negro,Crema hidratante para cuerpo,121.16,120,1,2026-06-04 18:30:00,2026-06-08 23:30:00
3535,P03535,Logitech Mouse M185,Mouse inalámbrico compacto con receptor USB,390.7,150,1,2026-04-03 15:15:00,2026-04-14 22:30:00
3536,P03536,Hamilton Beach Cafetera 12 tazas color rojo,Cafetera programable de 12 tazas,842.54,114,1,2026-07-29 09:00:00,2026-08-14 12:15:00
3537,P03537,Logitech Mouse G203 color rojo,Mouse para gaming con sensor óptico,767.68,134,1,2026-02-14 13:00:00,2026-03-19 14:00:00
3538,P03538,Cinsa Olla de presión 6L color rojo,Olla de presión de aluminio de 6 litros,946.81,105,1,2026-08-30 09:30:00,2026-09-16 20:15:00
3539,P03539,Sharpie Marcador permanente color azul,Marcador permanente de punta fina,37.32,35,0,2026-02-02 09:15:00,2026-02-12 11:00:00
3540,P03540,Scotch-Brite Esponjas multiusos,Paquete de esponjas para limpieza doméstica,87.17,29,0,2026-04-08 17:45:00,2026-05-06 17:45:00
3541,P03541,Logitech Webcam C920s,Cámara web Full HD con micrófono estéreo,1426.51,22,1,2026-06-03 11:15:00,2026-06-14 14:15:00
3542,P03542,Colgate Total 12 modelo 2026,Pasta dental de protección integral,70.32,95,1,2026-05-31 17:15:00,2026-06-21 21:30:00
3543,P03543,Amazon Basics Cable HDMI 2m color rojo,Cable HDMI de alta velocidad de 2 metros,224.45,144,1,2026-07-26 19:00:00,2026-08-01 00:00:00
3544,P03544,JBL Go 4 color rojo,Bocina portátil Bluetooth,1022.41,131,0,2026-02-25 08:15:00,2026-03-17 19:00:00
3545,P03545,Samsung Monitor T350 24 pulgadas color rojo,Monitor Full HD de 24 pulgadas con panel IPS,2711.0,92,1,2026-01-10 13:15:00,2026-02-09 18:00:00
3546,P03546,Everlast Guantes de boxeo 12 oz paquete con 2 piezas,Guantes de boxeo para entrenamiento,733.12,93,0,2026-04-26 10:30:00,2026-05-27 13:00:00
3547,P03547,Tramontina Juego de cuchillos 6 piezas versión estándar,Set de cuchillos para cocina,859.68,61,1,2026-03-27 18:45:00,2026-04-02 07:30:00
3548,P03548,Koblenz Aspiradora WD-2 presentación familiar,Aspiradora para limpieza doméstica,1614.78,103,0,2026-08-24 12:45:00,2026-10-06 21:15:00
3549,P03549,Kingston Fury Beast 8GB color rojo,Memoria RAM DDR4 de 8 GB,535.32,143,1,2026-08-10 08:15:00,2026-08-26 15:15:00
3550,P03550,Adidas Runfalcon 5 versión estándar,Calzado deportivo para correr,1553.71,58,0,2026-07-23 15:15:00,2026-08-10 23:30:00
3551,P03551,Vasconia Cacerola 24cm color negro,Cacerola de aluminio con tapa,550.4,55,0,2026-03-12 08:30:00,2026-04-21 20:30:00
3552,P03552,Kingston Fury Beast 8GB color negro,Memoria RAM DDR4 de 8 GB,488.19,149,0,2026-06-04 18:30:00,2026-06-06 19:45:00
3553,P03553,Avery Etiquetas adhesivas paquete con 2 piezas,Paquete de etiquetas autoadhesivas,142.19,70,1,2026-02-10 08:45:00,2026-02-12 13:00:00
3554,P03554,SanDisk Ultra microSD 128GB modelo 2026,Tarjeta microSD de 128 GB,319.21,92,0,2026-07-04 13:30:00,2026-07-31 18:15:00
3555,P03555,Sharpie Marcador permanente presentación familiar,Marcador permanente de punta fina,35.49,55,1,2026-04-10 17:15:00,2026-05-06 04:00:00
3556,P03556,Everlast Guantes de boxeo 12 oz edición especial,Guantes de boxeo para entrenamiento,755.9,1,1,2026-07-24 18:45:00,2026-07-29 20:30:00
3557,P03557,Logitech Mouse G203 paquete individual,Mouse para gaming con sensor óptico,647.39,114,0,2026-04-11 10:15:00,2026-05-11 14:30:00
3558,P03558,Spalding TF-1000 modelo 2026,Balón de basquetbol para interiores,781.6,133,1,2026-04-14 08:30:00,2026-05-09 10:00:00
3559,P03559,Vasconia Cacerola 24cm color negro,Cacerola de aluminio con tapa,470.94,65,1,2026-06-19 18:00:00,2026-06-20 21:15:00
3560,P03560,Adidas Runfalcon 5 edición especial,Calzado deportivo para correr,1459.42,74,1,2026-04-06 17:15:00,2026-05-14 02:45:00
3561,P03561,Logitech Teclado K120 color negro,Teclado alámbrico USB de tamaño completo,298.93,140,1,2026-09-06 19:00:00,2026-10-20 22:00:00
3562,P03562,Amazon Basics Cable HDMI 2m color negro,Cable HDMI de alta velocidad de 2 metros,233.83,25,1,2026-01-03 18:30:00,2026-01-27 21:15:00
3563,P03563,Puma Essentials Hoodie modelo 2026,Sudadera deportiva con capucha,960.17,53,0,2026-08-10 10:45:00,2026-08-18 14:30:00
3564,P03564,BIC Bolígrafo Cristal versión estándar,Bolígrafo de tinta azul,11.32,112,1,2026-05-06 17:45:00,2026-06-17 00:00:00
3565,P03565,Adidas Runfalcon 5 color negro,Calzado deportivo para correr,1403.58,143,1,2026-07-28 16:00:00,2026-08-24 01:30:00
3566,P03566,Staedtler Lápiz Noris HB paquete con 2 piezas,Lápiz de grafito HB,15.5,28,1,2026-06-19 08:15:00,2026-07-18 12:30:00
3567,P03567,Avery Etiquetas adhesivas versión estándar,Paquete de etiquetas autoadhesivas,143.15,128,0,2026-09-04 13:15:00,2026-09-08 22:00:00
3568,P03568,TP-Link Archer C6 edición especial,Router inalámbrico Gigabit AC1200,911.31,38,1,2026-08-20 08:30:00,2026-09-04 09:00:00
3569,P03569,Scotch-Brite Esponjas multiusos edición especial,Paquete de esponjas para limpieza doméstica,92.42,69,1,2026-01-26 08:15:00,2026-02-13 19:15:00
3570,P03570,TP-Link Archer C6 edición especial,Router inalámbrico Gigabit AC1200,1006.27,91,1,2026-09-03 14:00:00,2026-10-01 02:00:00
3571,P03571,Staedtler Lápiz Noris HB color rojo,Lápiz de grafito HB,14.52,92,1,2026-09-17 18:45:00,2026-10-19 21:30:00
3572,P03572,Amazon Basics Cable HDMI 2m edición especial,Cable HDMI de alta velocidad de 2 metros,219.02,72,1,2026-02-20 13:30:00,2026-03-19 21:30:00
3573,P03573,APC Back-UPS 600VA paquete individual,Sistema de respaldo de energía de 600 VA,1541.42,135,1,2026-02-28 11:45:00,2026-03-05 11:45:00
3574,P03574,Koblenz Aspiradora WD-2 color negro,Aspiradora para limpieza doméstica,1562.31,58,0,2026-05-10 14:15:00,2026-06-13 21:45:00
3575,P03575,JBL Go 4 presentación familiar,Bocina portátil Bluetooth,1083.87,30,1,2026-03-19 11:00:00,2026-04-08 12:00:00
3576,P03576,Staedtler Lápiz Noris HB edición especial,Lápiz de grafito HB,16.7,10,1,2026-04-05 09:15:00,2026-05-01 10:45:00
3577,P03577,Kingston NV2 1TB color rojo,Unidad SSD NVMe M.2 de 1 TB,1367.98,122,0,2026-03-20 11:45:00,2026-04-11 23:45:00
3578,P03578,Nivea Crema corporal paquete con 2 piezas,Crema hidratante para cuerpo,125.55,71,1,2026-05-11 10:30:00,2026-05-29 17:30:00
3579,P03579,UGREEN Adaptador USB-C edición especial,Adaptador USB-C a USB 3.0,257.38,139,1,2026-03-01 08:45:00,2026-03-23 11:15:00
3580,P03580,Puma Essentials Hoodie color azul,Sudadera deportiva con capucha,954.79,48,1,2026-02-15 09:45:00,2026-03-19 17:15:00
3581,P03581,Tefal Plancha Ultragliss paquete con 2 piezas,Plancha de vapor para ropa,1295.56,8,1,2026-01-04 15:00:00,2026-01-06 02:45:00
3582,P03582,Scotch-Brite Esponjas multiusos presentación familiar,Paquete de esponjas para limpieza doméstica,93.37,136,1,2026-06-22 09:30:00,2026-07-21 12:00:00
3583,P03583,Samsung Monitor T350 24 pulgadas paquete individual,Monitor Full HD de 24 pulgadas con panel IPS,2790.7,113,1,2026-03-25 14:45:00,2026-04-26 21:15:00
3584,P03584,Wilson Pelota de tenis Championship color rojo,Pelota de tenis para entrenamiento,117.56,137,0,2026-03-09 08:00:00,2026-03-24 12:30:00
3585,P03585,SanDisk Ultra microSD 128GB paquete individual,Tarjeta microSD de 128 GB,270.76,121,1,2026-06-14 18:30:00,2026-07-09 23:00:00
3586,P03586,JBL Go 4 presentación familiar,Bocina portátil Bluetooth,1083.81,95,1,2026-01-06 10:15:00,2026-01-16 12:15:00
3587,P03587,Staedtler Lápiz Noris HB paquete con 2 piezas,Lápiz de grafito HB,14.72,79,0,2026-05-20 13:15:00,2026-06-19 20:00:00
3588,P03588,Post-it Notas adhesivas 76x76mm color rojo,Bloc de notas adhesivas amarillas,65.68,69,1,2026-01-19 17:30:00,2026-02-12 00:15:00
3589,P03589,BIC Bolígrafo Cristal color azul,Bolígrafo de tinta azul,12.09,96,1,2026-02-28 09:45:00,2026-04-13 17:00:00
3590,P03590,SanDisk Ultra microSD 128GB edición especial,Tarjeta microSD de 128 GB,302.87,97,0,2026-03-29 15:45:00,2026-03-30 22:15:00
3591,P03591,SanDisk Ultra microSD 128GB color azul,Tarjeta microSD de 128 GB,297.81,84,0,2026-06-25 16:45:00,2026-08-07 20:30:00
3592,P03592,Hamilton Beach Cafetera 12 tazas color azul,Cafetera programable de 12 tazas,851.88,60,1,2026-09-13 12:30:00,2026-09-25 19:30:00
3593,P03593,Philips Hervidor HD9350 paquete individual,Hervidor eléctrico de acero inoxidable,942.11,12,0,2026-06-26 08:45:00,2026-07-04 18:45:00
3594,P03594,Puma Essentials Hoodie presentación familiar,Sudadera deportiva con capucha,1007.87,84,1,2026-03-04 14:30:00,2026-03-11 15:45:00
3595,P03595,Kong Classic M,Juguete resistente para perros,374.69,147,1,2026-04-18 09:00:00,2026-04-27 15:15:00
3596,P03596,Castrol GTX 5W-30 1L versión estándar,Aceite para motor de automóvil,176.32,98,1,2026-06-27 19:00:00,2026-07-28 02:45:00
3597,P03597,Koblenz Aspiradora WD-2 presentación familiar,Aspiradora para limpieza doméstica,1444.09,134,1,2026-08-29 17:30:00,2026-09-21 23:30:00
3598,P03598,TP-Link Archer C6 color negro,Router inalámbrico Gigabit AC1200,1055.86,106,1,2026-07-29 17:30:00,2026-08-20 18:30:00
3599,P03599,Avery Etiquetas adhesivas color negro,Paquete de etiquetas autoadhesivas,135.09,108,1,2026-01-08 13:30:00,2026-01-25 20:00:00
3600,P03600,Gillette Mach3 modelo 2026,Rastrillo para afeitar con tres hojas,189.97,84,1,2026-06-28 17:45:00,2026-08-06 01:30:00
3601,P03601,Kingston DataTraveler Exodia 64GB color negro,Memoria USB 3.2 de 64 GB,134.4,64,0,2026-03-10 12:15:00,2026-04-05 00:30:00
3602,P03602,Wilson Pelota de tenis Championship color negro,Pelota de tenis para entrenamiento,122.01,28,0,2026-06-11 12:15:00,2026-07-13 19:00:00
3603,P03603,Scribe Cuaderno profesional color azul,Cuaderno de hojas rayadas,84.55,95,1,2026-07-07 13:30:00,2026-08-11 01:30:00
3604,P03604,Koblenz Aspiradora WD-2 color rojo,Aspiradora para limpieza doméstica,1490.2,134,0,2026-02-04 09:45:00,2026-02-23 11:00:00
3605,P03605,Puma Essentials Hoodie color azul,Sudadera deportiva con capucha,1024.76,4,1,2026-07-12 11:45:00,2026-07-15 20:45:00
3606,P03606,Logitech Mouse M185 modelo 2026,Mouse inalámbrico compacto con receptor USB,336.28,27,1,2026-02-18 12:45:00,2026-03-10 17:30:00
3607,P03607,Colgate Total 12,Pasta dental de protección integral,74.54,5,0,2026-05-10 10:45:00,2026-06-02 22:15:00
3608,P03608,JBL Go 4 versión estándar,Bocina portátil Bluetooth,1065.19,149,1,2026-07-18 12:15:00,2026-08-21 22:45:00
3609,P03609,Logitech Mouse G203 color azul,Mouse para gaming con sensor óptico,678.16,136,1,2026-07-18 08:30:00,2026-08-27 19:30:00
3610,P03610,Logitech Teclado K120 versión estándar,Teclado alámbrico USB de tamaño completo,299.51,21,0,2026-04-03 15:15:00,2026-04-13 22:45:00
3611,P03611,LG Monitor 24MP400-B edición especial,Monitor LED Full HD de 24 pulgadas,3172.71,100,1,2026-06-28 10:30:00,2026-07-13 14:30:00
3612,P03612,Vasconia Cacerola 24cm,Cacerola de aluminio con tapa,469.35,33,0,2026-05-08 16:30:00,2026-06-19 21:15:00
3613,P03613,Tramontina Juego de cuchillos 6 piezas color azul,Set de cuchillos para cocina,776.54,86,1,2026-07-17 15:00:00,2026-08-22 18:00:00
3614,P03614,Tefal Plancha Ultragliss paquete individual,Plancha de vapor para ropa,1144.66,47,1,2026-07-09 15:30:00,2026-08-16 17:15:00
3615,P03615,TP-Link Archer C6,Router inalámbrico Gigabit AC1200,990.32,24,1,2026-08-31 19:00:00,2026-10-05 22:15:00
3616,P03616,Logitech Mouse G203 color rojo,Mouse para gaming con sensor óptico,693.18,52,0,2026-08-30 12:30:00,2026-09-24 23:45:00
3617,P03617,Kingston Fury Beast 8GB color rojo,Memoria RAM DDR4 de 8 GB,558.18,124,1,2026-04-24 08:30:00,2026-06-08 15:00:00
3618,P03618,T-fal Juego de sartenes 3 piezas edición especial,Juego de sartenes antiadherentes,1132.03,23,1,2026-06-03 09:00:00,2026-06-08 14:15:00
3619,P03619,Post-it Notas adhesivas 76x76mm presentación familiar,Bloc de notas adhesivas amarillas,71.31,124,1,2026-08-21 14:00:00,2026-08-23 22:00:00
3620,P03620,Vasconia Cacerola 24cm color azul,Cacerola de aluminio con tapa,506.83,148,1,2026-01-03 19:15:00,2026-01-15 04:00:00
3621,P03621,Nivea Crema corporal edición especial,Crema hidratante para cuerpo,116.86,41,1,2026-03-18 13:30:00,2026-03-22 00:00:00
3622,P03622,Rubbermaid Contenedor 10L modelo 2026,Contenedor plástico para almacenamiento,203.53,148,0,2026-02-12 17:30:00,2026-03-17 19:30:00
3623,P03623,HP DeskJet 2875 color rojo,Impresora multifuncional inalámbrica,1676.72,45,1,2026-07-30 18:00:00,2026-09-07 02:45:00
3624,P03624,Colgate Total 12 edición especial,Pasta dental de protección integral,64.63,35,1,2026-02-19 10:30:00,2026-04-04 16:00:00
3625,P03625,Puma Essentials Hoodie color rojo,Sudadera deportiva con capucha,1082.02,89,0,2026-08-09 10:45:00,2026-09-18 14:15:00
3626,P03626,Gillette Mach3 presentación familiar,Rastrillo para afeitar con tres hojas,171.54,108,1,2026-04-07 12:45:00,2026-05-12 15:15:00
3627,P03627,Vasconia Cacerola 24cm color negro,Cacerola de aluminio con tapa,508.21,28,0,2026-02-18 11:00:00,2026-03-14 22:00:00
3628,P03628,HP DeskJet 2875 presentación familiar,Impresora multifuncional inalámbrica,1958.68,89,0,2026-02-25 16:00:00,2026-03-20 21:30:00
3629,P03629,Samsung Monitor T350 24 pulgadas color azul,Monitor Full HD de 24 pulgadas con panel IPS,2881.92,2,0,2026-01-03 14:00:00,2026-01-13 01:30:00
3630,P03630,Whiskas Adulto 1.5kg presentación familiar,Alimento seco para gatos adultos,150.93,136,1,2026-03-17 18:00:00,2026-03-22 04:45:00
3631,P03631,Scribe Cuaderno profesional modelo 2026,Cuaderno de hojas rayadas,99.22,41,1,2026-04-08 08:30:00,2026-04-11 12:00:00
3632,P03632,Logitech Teclado K120 color negro,Teclado alámbrico USB de tamaño completo,344.39,62,1,2026-05-17 15:45:00,2026-06-25 22:45:00
3633,P03633,Whiskas Adulto 1.5kg paquete con 2 piezas,Alimento seco para gatos adultos,135.61,133,1,2026-08-20 16:00:00,2026-09-21 16:30:00
3634,P03634,Sharpie Marcador permanente versión estándar,Marcador permanente de punta fina,38.56,86,1,2026-06-24 11:45:00,2026-07-06 13:00:00
3635,P03635,Philips Hervidor HD9350 modelo 2026,Hervidor eléctrico de acero inoxidable,996.81,61,1,2026-02-10 15:45:00,2026-03-22 16:30:00
3636,P03636,Logitech Webcam C920s color rojo,Cámara web Full HD con micrófono estéreo,1397.29,119,1,2026-07-01 11:30:00,2026-07-07 16:15:00
3637,P03637,Colgate Total 12 edición especial,Pasta dental de protección integral,64.14,144,1,2026-07-01 14:30:00,2026-08-03 17:30:00
3638,P03638,Logitech Mouse M185 color rojo,Mouse inalámbrico compacto con receptor USB,385.69,0,1,2026-05-15 11:15:00,2026-05-27 13:15:00
3639,P03639,T-fal Juego de sartenes 3 piezas edición especial,Juego de sartenes antiadherentes,1305.01,44,0,2026-01-17 15:45:00,2026-03-02 22:00:00
3640,P03640,Logitech Mouse M185 color rojo,Mouse inalámbrico compacto con receptor USB,349.36,111,1,2026-08-04 11:15:00,2026-08-13 20:45:00
3641,P03641,Castrol GTX 5W-30 1L color azul,Aceite para motor de automóvil,143.82,78,1,2026-01-15 08:45:00,2026-02-20 19:30:00
3642,P03642,TP-Link Archer C6 presentación familiar,Router inalámbrico Gigabit AC1200,1008.62,127,1,2026-07-19 16:30:00,2026-08-10 01:15:00
3643,P03643,T-fal Juego de sartenes 3 piezas,Juego de sartenes antiadherentes,1314.47,102,1,2026-01-31 17:45:00,2026-03-01 19:30:00
3644,P03644,Oster Licuadora clásica paquete individual,Licuadora de vaso para preparación de alimentos,878.15,113,1,2026-01-19 13:45:00,2026-03-01 18:45:00
3645,P03645,Puma Essentials Hoodie color rojo,Sudadera deportiva con capucha,925.56,56,1,2026-07-29 11:00:00,2026-09-12 14:30:00
3646,P03646,Kingston DataTraveler Exodia 64GB color negro,Memoria USB 3.2 de 64 GB,149.49,85,1,2026-09-16 18:45:00,2026-10-19 23:45:00
3647,P03647,Sharpie Marcador permanente presentación familiar,Marcador permanente de punta fina,37.66,117,1,2026-07-07 15:45:00,2026-07-11 15:45:00
3648,P03648,Kingston Fury Beast 8GB edición especial,Memoria RAM DDR4 de 8 GB,534.4,33,0,2026-07-09 12:00:00,2026-08-22 00:00:00
3649,P03649,Koblenz Aspiradora WD-2 color negro,Aspiradora para limpieza doméstica,1468.59,67,1,2026-07-15 12:30:00,2026-08-04 01:00:00
3650,P03650,Michelin Energy XM2+ color negro,Neumático para automóvil,1778.03,0,0,2026-07-25 15:15:00,2026-08-09 19:45:00
3651,P03651,APC Back-UPS 600VA paquete individual,Sistema de respaldo de energía de 600 VA,1624.11,111,1,2026-01-02 13:45:00,2026-01-07 01:30:00
3652,P03652,Tramontina Juego de cuchillos 6 piezas versión estándar,Set de cuchillos para cocina,777.97,31,0,2026-09-10 16:30:00,2026-10-11 19:30:00
3653,P03653,Kong Classic M paquete individual,Juguete resistente para perros,346.14,17,1,2026-07-14 11:15:00,2026-08-22 20:30:00
3654,P03654,Logitech Mouse M185 modelo 2026,Mouse inalámbrico compacto con receptor USB,359.13,84,1,2026-09-03 17:45:00,2026-09-15 23:00:00
3655,P03655,Ninja Air Fryer 4L paquete con 2 piezas,Freidora de aire de 4 litros,2105.63,103,1,2026-03-12 13:45:00,2026-03-12 19:00:00
3656,P03656,Everlast Guantes de boxeo 12 oz,Guantes de boxeo para entrenamiento,707.63,121,1,2026-02-08 10:45:00,2026-02-22 14:45:00
3657,P03657,Pedigree Adulto 2kg color azul,Alimento seco para perros adultos,171.52,31,1,2026-05-16 13:45:00,2026-06-21 18:45:00
3658,P03658,Kingston DataTraveler Exodia 64GB color negro,Memoria USB 3.2 de 64 GB,133.31,25,1,2026-02-24 15:30:00,2026-03-27 23:15:00
3659,P03659,Nivea Crema corporal edición especial,Crema hidratante para cuerpo,128.26,83,1,2026-04-28 16:45:00,2026-05-17 02:30:00
3660,P03660,BIC Bolígrafo Cristal modelo 2026,Bolígrafo de tinta azul,11.02,147,1,2026-02-03 16:15:00,2026-02-07 05:00:00
3661,P03661,Kingston NV2 1TB versión estándar,Unidad SSD NVMe M.2 de 1 TB,1336.78,98,1,2026-03-19 15:15:00,2026-04-10 03:15:00
3662,P03662,Whiskas Adulto 1.5kg color azul,Alimento seco para gatos adultos,135.04,110,1,2026-07-27 12:00:00,2026-08-28 15:30:00
3663,P03663,HP DeskJet 2875 edición especial,Impresora multifuncional inalámbrica,1976.14,87,1,2026-08-27 12:45:00,2026-09-27 23:30:00
3664,P03664,Black+Decker Tostador 2 rebanadas edición especial,Tostador eléctrico de dos ranuras,477.94,34,1,2026-01-12 15:45:00,2026-02-04 02:30:00
3665,P03665,Nivea Crema corporal edición especial,Crema hidratante para cuerpo,118.93,34,1,2026-01-21 14:45:00,2026-01-23 16:30:00
3666,P03666,Adidas Runfalcon 5 paquete con 2 piezas,Calzado deportivo para correr,1294.87,112,1,2026-07-13 08:45:00,2026-07-14 17:00:00
3667,P03667,Pedigree Adulto 2kg paquete individual,Alimento seco para perros adultos,145.42,136,0,2026-05-17 16:15:00,2026-06-23 17:00:00
3668,P03668,Wilson Pelota de tenis Championship paquete con 2 piezas,Pelota de tenis para entrenamiento,134.98,101,1,2026-06-12 15:30:00,2026-06-25 01:45:00
3669,P03669,Philips Hervidor HD9350 color azul,Hervidor eléctrico de acero inoxidable,906.06,141,1,2026-09-12 08:30:00,2026-10-02 14:45:00
3670,P03670,Nike Revolution 7 color negro,Tenis deportivos para entrenamiento,1768.16,133,0,2026-06-12 13:15:00,2026-07-26 16:30:00
3671,P03671,Scotch-Brite Esponjas multiusos color negro,Paquete de esponjas para limpieza doméstica,93.97,5,0,2026-04-27 15:15:00,2026-06-10 23:45:00
3672,P03672,Kong Classic M,Juguete resistente para perros,359.6,139,1,2026-08-22 15:00:00,2026-09-02 00:00:00
3673,P03673,Spalding TF-1000,Balón de basquetbol para interiores,790.42,143,0,2026-01-08 11:30:00,2026-01-14 22:30:00
3674,P03674,Everlast Guantes de boxeo 12 oz edición especial,Guantes de boxeo para entrenamiento,668.46,122,1,2026-09-10 16:30:00,2026-10-08 02:30:00
3675,P03675,Colgate Total 12 paquete individual,Pasta dental de protección integral,62.56,113,1,2026-02-09 14:15:00,2026-02-09 22:30:00
3676,P03676,Scotch-Brite Esponjas multiusos modelo 2026,Paquete de esponjas para limpieza doméstica,86.23,88,1,2026-01-03 12:15:00,2026-02-05 22:30:00
3677,P03677,Hamilton Beach Cafetera 12 tazas color negro,Cafetera programable de 12 tazas,730.31,3,1,2026-01-18 14:00:00,2026-01-22 20:30:00
3678,P03678,Post-it Notas adhesivas 76x76mm edición especial,Bloc de notas adhesivas amarillas,64.5,104,1,2026-02-27 15:00:00,2026-03-15 22:15:00
3679,P03679,Logitech Webcam C920s presentación familiar,Cámara web Full HD con micrófono estéreo,1548.98,98,1,2026-07-29 13:15:00,2026-08-27 20:30:00
3680,P03680,T-fal Juego de sartenes 3 piezas paquete individual,Juego de sartenes antiadherentes,1281.3,1,1,2026-03-12 10:00:00,2026-04-25 11:45:00
3681,P03681,Puma Essentials Hoodie color azul,Sudadera deportiva con capucha,1020.03,22,1,2026-09-06 15:30:00,2026-09-25 16:45:00
3682,P03682,Adidas Runfalcon 5 edición especial,Calzado deportivo para correr,1298.54,25,1,2026-09-16 13:00:00,2026-09-22 18:30:00
3683,P03683,Everlast Guantes de boxeo 12 oz edición especial,Guantes de boxeo para entrenamiento,730.67,88,1,2026-03-10 18:15:00,2026-04-12 23:30:00
3684,P03684,APC Back-UPS 600VA modelo 2026,Sistema de respaldo de energía de 600 VA,1628.9,95,1,2026-08-22 08:00:00,2026-10-04 09:30:00
3685,P03685,Kingston NV2 1TB versión estándar,Unidad SSD NVMe M.2 de 1 TB,1373.98,48,0,2026-06-21 09:00:00,2026-07-15 14:30:00
3686,P03686,Dove Jabón corporal,Jabón corporal de uso diario,49.82,108,1,2026-03-20 14:15:00,2026-04-25 20:30:00
3687,P03687,APC Back-UPS 600VA color rojo,Sistema de respaldo de energía de 600 VA,1581.49,76,1,2026-06-09 09:00:00,2026-07-14 15:30:00
3688,P03688,Kong Classic M presentación familiar,Juguete resistente para perros,368.82,146,1,2026-04-13 17:15:00,2026-05-18 19:45:00
3689,P03689,Rubbermaid Contenedor 10L versión estándar,Contenedor plástico para almacenamiento,199.94,7,1,2026-01-28 11:15:00,2026-03-02 19:15:00
3690,P03690,Nike Revolution 7 versión estándar,Tenis deportivos para entrenamiento,1786.83,1,1,2026-08-04 12:00:00,2026-09-09 20:30:00
3691,P03691,Post-it Notas adhesivas 76x76mm edición especial,Bloc de notas adhesivas amarillas,64.15,12,1,2026-06-27 11:00:00,2026-07-16 16:30:00
3692,P03692,Philips Hervidor HD9350 paquete individual,Hervidor eléctrico de acero inoxidable,907.27,94,1,2026-01-26 16:15:00,2026-02-24 18:30:00
3693,P03693,Wilson Pelota de tenis Championship,Pelota de tenis para entrenamiento,141.28,129,1,2026-08-09 13:45:00,2026-09-08 02:30:00
3694,P03694,JBL Tune 510BT paquete con 2 piezas,Audífonos inalámbricos Bluetooth,846.95,95,1,2026-01-21 13:15:00,2026-01-27 15:45:00
3695,P03695,UGREEN Adaptador USB-C,Adaptador USB-C a USB 3.0,246.95,125,1,2026-05-05 15:15:00,2026-06-14 16:30:00
3696,P03696,Logitech Mouse G203 color negro,Mouse para gaming con sensor óptico,764.92,110,1,2026-03-03 10:00:00,2026-04-16 19:15:00
3697,P03697,Castrol GTX 5W-30 1L color rojo,Aceite para motor de automóvil,147.53,29,1,2026-05-09 18:00:00,2026-05-11 02:15:00
3698,P03698,Tramontina Sartén 24cm versión estándar,Sartén antiadherente de 24 centímetros,543.57,105,0,2026-05-03 11:15:00,2026-06-12 16:15:00
3699,P03699,Post-it Notas adhesivas 76x76mm color rojo,Bloc de notas adhesivas amarillas,73.24,120,1,2026-04-13 17:00:00,2026-05-15 04:30:00
3700,P03700,Staedtler Lápiz Noris HB color negro,Lápiz de grafito HB,14.9,110,1,2026-01-09 11:30:00,2026-01-22 16:30:00
3701,P03701,Tramontina Sartén 24cm edición especial,Sartén antiadherente de 24 centímetros,523.84,69,1,2026-06-09 15:45:00,2026-06-18 19:30:00
3702,P03702,Pyrex Recipiente de vidrio 1L color azul,Recipiente de vidrio resistente al calor,247.86,6,1,2026-01-20 11:30:00,2026-03-01 16:15:00
3703,P03703,Gillette Mach3 paquete individual,Rastrillo para afeitar con tres hojas,174.49,126,1,2026-09-12 19:45:00,2026-10-22 02:45:00
3704,P03704,Kingston DataTraveler Exodia 64GB presentación familiar,Memoria USB 3.2 de 64 GB,154.7,72,1,2026-01-18 15:00:00,2026-01-26 01:45:00
3705,P03705,Staedtler Lápiz Noris HB,Lápiz de grafito HB,14.9,6,1,2026-08-16 08:15:00,2026-08-25 19:00:00
3706,P03706,Puma Essentials Hoodie color azul,Sudadera deportiva con capucha,909.08,51,1,2026-09-13 18:00:00,2026-10-17 04:15:00
3707,P03707,Black+Decker Tostador 2 rebanadas paquete individual,Tostador eléctrico de dos ranuras,520.8,142,1,2026-03-04 12:45:00,2026-04-08 23:15:00
3708,P03708,Kingston DataTraveler Exodia 64GB color azul,Memoria USB 3.2 de 64 GB,126.5,77,1,2026-07-11 09:45:00,2026-07-18 20:30:00
3709,P03709,Vasconia Cacerola 24cm color azul,Cacerola de aluminio con tapa,536.75,72,1,2026-07-03 16:15:00,2026-07-07 22:15:00
3710,P03710,Pilot G2 modelo 2026,Bolígrafo de gel de tinta negra,40.92,27,1,2026-03-15 10:15:00,2026-04-26 21:00:00
3711,P03711,Logitech Webcam C920s paquete individual,Cámara web Full HD con micrófono estéreo,1345.38,10,1,2026-04-05 12:15:00,2026-05-09 22:30:00
3712,P03712,Adidas Runfalcon 5 color azul,Calzado deportivo para correr,1370.17,23,0,2026-04-16 19:00:00,2026-05-23 07:30:00
3713,P03713,T-fal Juego de sartenes 3 piezas edición especial,Juego de sartenes antiadherentes,1188.28,136,0,2026-01-04 14:45:00,2026-02-07 22:30:00
3714,P03714,Nivea Crema corporal paquete con 2 piezas,Crema hidratante para cuerpo,126.33,52,0,2026-08-05 16:45:00,2026-09-01 20:15:00
3715,P03715,Tramontina Juego de cuchillos 6 piezas edición especial,Set de cuchillos para cocina,863.34,129,1,2026-02-15 12:30:00,2026-03-05 20:15:00
3716,P03716,Pyrex Recipiente de vidrio 1L,Recipiente de vidrio resistente al calor,216.21,28,1,2026-01-17 10:45:00,2026-02-18 15:30:00
3717,P03717,Adidas Runfalcon 5 color negro,Calzado deportivo para correr,1326.15,50,1,2026-04-30 10:15:00,2026-05-15 19:00:00
3718,P03718,Kingston NV2 1TB versión estándar,Unidad SSD NVMe M.2 de 1 TB,1341.2,53,1,2026-06-14 11:30:00,2026-06-23 20:30:00
3719,P03719,Logitech Webcam C920s,Cámara web Full HD con micrófono estéreo,1371.59,65,1,2026-05-27 17:15:00,2026-07-06 22:45:00
3720,P03720,Dove Jabón corporal edición especial,Jabón corporal de uso diario,51.12,95,1,2026-02-23 08:45:00,2026-03-11 19:15:00
3721,P03721,Rubbermaid Contenedor 10L edición especial,Contenedor plástico para almacenamiento,219.43,64,1,2026-03-13 09:00:00,2026-03-21 19:30:00
3722,P03722,Rubbermaid Contenedor 10L presentación familiar,Contenedor plástico para almacenamiento,184.28,77,1,2026-01-25 14:30:00,2026-02-28 23:00:00
3723,P03723,Post-it Notas adhesivas 76x76mm versión estándar,Bloc de notas adhesivas amarillas,67.03,15,1,2026-02-16 09:15:00,2026-02-23 12:15:00
3724,P03724,Amazon Basics Cable HDMI 2m color negro,Cable HDMI de alta velocidad de 2 metros,216.65,55,1,2026-02-04 16:45:00,2026-02-15 01:45:00
3725,P03725,Everlast Guantes de boxeo 12 oz presentación familiar,Guantes de boxeo para entrenamiento,675.82,7,1,2026-08-09 08:15:00,2026-08-14 10:30:00
3726,P03726,Koblenz Aspiradora WD-2 presentación familiar,Aspiradora para limpieza doméstica,1546.83,107,0,2026-08-10 08:15:00,2026-08-25 16:15:00
3727,P03727,APC Back-UPS 600VA color azul,Sistema de respaldo de energía de 600 VA,1786.24,36,1,2026-08-10 18:15:00,2026-09-06 04:45:00
3728,P03728,Oster Licuadora clásica paquete individual,Licuadora de vaso para preparación de alimentos,908.59,89,1,2026-03-01 15:00:00,2026-04-06 15:15:00
3729,P03729,JBL Go 4 color negro,Bocina portátil Bluetooth,1100.36,55,1,2026-01-12 19:45:00,2026-02-20 03:00:00
3730,P03730,Castrol GTX 5W-30 1L color azul,Aceite para motor de automóvil,174.48,45,1,2026-06-15 10:30:00,2026-07-28 21:45:00
3731,P03731,Logitech Teclado K120 presentación familiar,Teclado alámbrico USB de tamaño completo,320.7,7,1,2026-01-09 14:30:00,2026-02-20 14:30:00
3732,P03732,T-fal Juego de sartenes 3 piezas versión estándar,Juego de sartenes antiadherentes,1336.12,123,1,2026-08-03 13:15:00,2026-08-24 15:00:00
3733,P03733,T-fal Juego de sartenes 3 piezas modelo 2026,Juego de sartenes antiadherentes,1336.87,115,1,2026-04-26 18:45:00,2026-05-12 21:30:00
3734,P03734,Samsung Monitor T350 24 pulgadas edición especial,Monitor Full HD de 24 pulgadas con panel IPS,2927.47,124,0,2026-03-30 08:45:00,2026-05-09 12:30:00
3735,P03735,HP DeskJet 2875 versión estándar,Impresora multifuncional inalámbrica,1670.67,108,1,2026-04-25 11:30:00,2026-05-14 17:45:00
3736,P03736,BIC Bolígrafo Cristal presentación familiar,Bolígrafo de tinta azul,11.39,113,1,2026-03-24 08:30:00,2026-04-13 20:30:00
3737,P03737,Samsung Monitor T350 24 pulgadas versión estándar,Monitor Full HD de 24 pulgadas con panel IPS,3019.91,148,1,2026-03-05 12:30:00,2026-04-03 12:30:00
3738,P03738,Castrol GTX 5W-30 1L presentación familiar,Aceite para motor de automóvil,147.07,57,1,2026-06-01 13:15:00,2026-07-11 14:30:00
3739,P03739,Koblenz Aspiradora WD-2 edición especial,Aspiradora para limpieza doméstica,1711.82,81,1,2026-02-25 12:30:00,2026-03-24 14:00:00
3740,P03740,BIC Bolígrafo Cristal color rojo,Bolígrafo de tinta azul,13.09,20,0,2026-05-05 11:30:00,2026-05-28 19:15:00
3741,P03741,LG Monitor 24MP400-B paquete con 2 piezas,Monitor LED Full HD de 24 pulgadas,2849.37,80,1,2026-08-13 10:15:00,2026-08-17 17:30:00
3742,P03742,Logitech Mouse M185 color rojo,Mouse inalámbrico compacto con receptor USB,318.29,19,1,2026-06-09 17:00:00,2026-07-11 19:00:00
3743,P03743,Michelin Energy XM2+ modelo 2026,Neumático para automóvil,1717.37,82,1,2026-08-07 18:00:00,2026-09-16 21:45:00
3744,P03744,Tefal Plancha Ultragliss color azul,Plancha de vapor para ropa,1187.67,129,1,2026-02-18 15:30:00,2026-03-15 16:00:00
3745,P03745,Tramontina Juego de cuchillos 6 piezas modelo 2026,Set de cuchillos para cocina,830.76,72,1,2026-04-27 19:45:00,2026-04-30 05:30:00
3746,P03746,Staedtler Lápiz Noris HB edición especial,Lápiz de grafito HB,16.16,110,1,2026-08-24 13:30:00,2026-09-04 16:00:00
3747,P03747,Samsung Monitor T350 24 pulgadas color negro,Monitor Full HD de 24 pulgadas con panel IPS,3010.15,124,1,2026-07-04 11:45:00,2026-08-01 22:45:00
3748,P03748,UGREEN Adaptador USB-C modelo 2026,Adaptador USB-C a USB 3.0,227.47,71,1,2026-03-05 14:15:00,2026-04-07 21:00:00
3749,P03749,Black+Decker Tostador 2 rebanadas color rojo,Tostador eléctrico de dos ranuras,486.92,61,1,2026-06-16 09:45:00,2026-07-11 13:15:00
3750,P03750,APC Back-UPS 600VA color rojo,Sistema de respaldo de energía de 600 VA,1598.11,93,1,2026-06-29 18:30:00,2026-07-02 03:30:00
3751,P03751,Tramontina Sartén 24cm paquete individual,Sartén antiadherente de 24 centímetros,492.83,1,1,2026-05-07 08:15:00,2026-06-10 20:15:00
3752,P03752,Tramontina Sartén 24cm color azul,Sartén antiadherente de 24 centímetros,555.33,94,0,2026-01-13 09:45:00,2026-02-22 13:30:00
3753,P03753,Sterilite Caja organizadora 40L paquete con 2 piezas,Caja plástica con tapa para almacenamiento,346.74,141,1,2026-04-08 13:30:00,2026-05-23 02:15:00
3754,P03754,Kingston DataTraveler Exodia 64GB color azul,Memoria USB 3.2 de 64 GB,129.59,22,1,2026-08-31 10:15:00,2026-10-12 22:45:00
3755,P03755,Rubbermaid Contenedor 10L versión estándar,Contenedor plástico para almacenamiento,200.43,146,1,2026-01-08 09:00:00,2026-01-30 16:45:00
3756,P03756,JBL Go 4 presentación familiar,Bocina portátil Bluetooth,1182.65,13,1,2026-09-01 19:15:00,2026-10-14 19:30:00
3757,P03757,JBL Tune 510BT paquete individual,Audífonos inalámbricos Bluetooth,879.76,89,1,2026-03-12 11:30:00,2026-03-14 21:30:00
3758,P03758,Nike Revolution 7 paquete individual,Tenis deportivos para entrenamiento,1606.02,82,1,2026-03-04 10:30:00,2026-04-09 14:45:00
3759,P03759,BIC Bolígrafo Cristal edición especial,Bolígrafo de tinta azul,12.94,16,1,2026-06-24 18:30:00,2026-07-16 23:45:00
3760,P03760,Castrol GTX 5W-30 1L,Aceite para motor de automóvil,161.32,130,1,2026-05-23 16:00:00,2026-07-04 16:15:00
3761,P03761,Everlast Guantes de boxeo 12 oz color azul,Guantes de boxeo para entrenamiento,712.46,150,0,2026-07-16 08:30:00,2026-07-30 14:45:00
3762,P03762,Samsung Monitor T350 24 pulgadas color rojo,Monitor Full HD de 24 pulgadas con panel IPS,2659.15,26,1,2026-07-29 19:30:00,2026-09-03 23:15:00
3763,P03763,JBL Tune 510BT presentación familiar,Audífonos inalámbricos Bluetooth,950.17,59,1,2026-02-14 18:45:00,2026-03-24 05:45:00
3764,P03764,Oster Licuadora clásica modelo 2026,Licuadora de vaso para preparación de alimentos,836.23,19,1,2026-08-30 19:15:00,2026-10-11 00:15:00
3765,P03765,Michelin Energy XM2+ presentación familiar,Neumático para automóvil,2126.2,142,1,2026-04-02 19:45:00,2026-04-29 04:00:00
3766,P03766,Puma Essentials Hoodie color negro,Sudadera deportiva con capucha,1116.11,132,1,2026-08-11 17:15:00,2026-09-11 04:30:00
3767,P03767,Tramontina Sartén 24cm color negro,Sartén antiadherente de 24 centímetros,510.99,145,1,2026-08-13 14:30:00,2026-09-14 17:00:00
3768,P03768,Kingston Fury Beast 8GB modelo 2026,Memoria RAM DDR4 de 8 GB,479.99,19,1,2026-08-10 12:15:00,2026-09-11 13:45:00
3769,P03769,Pedigree Adulto 2kg,Alimento seco para perros adultos,146.7,43,1,2026-01-28 15:45:00,2026-02-21 19:30:00
3770,P03770,Pedigree Adulto 2kg color azul,Alimento seco para perros adultos,176.6,31,1,2026-03-08 09:45:00,2026-03-18 20:45:00
3771,P03771,Scotch-Brite Esponjas multiusos color negro,Paquete de esponjas para limpieza doméstica,95.18,124,1,2026-06-09 18:45:00,2026-07-02 20:30:00
3772,P03772,Logitech Webcam C920s edición especial,Cámara web Full HD con micrófono estéreo,1475.17,83,1,2026-09-02 08:30:00,2026-10-06 20:30:00
3773,P03773,Everlast Guantes de boxeo 12 oz modelo 2026,Guantes de boxeo para entrenamiento,774.66,90,1,2026-08-03 10:15:00,2026-08-29 11:30:00
3774,P03774,T-fal Juego de sartenes 3 piezas paquete con 2 piezas,Juego de sartenes antiadherentes,1206.13,82,1,2026-08-12 08:45:00,2026-09-19 12:45:00
3775,P03775,Staedtler Lápiz Noris HB edición especial,Lápiz de grafito HB,14.44,61,1,2026-07-18 08:00:00,2026-07-22 16:15:00
3776,P03776,Kingston DataTraveler Exodia 64GB,Memoria USB 3.2 de 64 GB,154.43,144,1,2026-03-09 12:15:00,2026-04-15 17:00:00
3777,P03777,Avery Etiquetas adhesivas paquete individual,Paquete de etiquetas autoadhesivas,142.4,105,1,2026-02-04 16:15:00,2026-02-06 18:45:00
3778,P03778,UGREEN Adaptador USB-C color azul,Adaptador USB-C a USB 3.0,227.63,112,1,2026-07-18 17:45:00,2026-08-11 20:45:00
3779,P03779,Kingston NV2 1TB modelo 2026,Unidad SSD NVMe M.2 de 1 TB,1439.26,39,1,2026-08-25 17:45:00,2026-09-05 22:00:00
3780,P03780,Sharpie Marcador permanente color negro,Marcador permanente de punta fina,37.91,12,1,2026-05-09 18:00:00,2026-06-08 00:30:00
3781,P03781,Logitech Mouse M185 edición especial,Mouse inalámbrico compacto con receptor USB,385.44,90,1,2026-09-04 12:15:00,2026-09-04 12:45:00
3782,P03782,Michelin Energy XM2+ presentación familiar,Neumático para automóvil,1991.49,25,1,2026-08-11 10:45:00,2026-08-30 19:45:00
3783,P03783,Kingston Fury Beast 8GB,Memoria RAM DDR4 de 8 GB,549.09,113,0,2026-05-21 09:30:00,2026-06-26 19:15:00
3784,P03784,TP-Link Archer C6 color rojo,Router inalámbrico Gigabit AC1200,1052.86,66,1,2026-04-20 14:00:00,2026-05-25 02:00:00
3785,P03785,JBL Tune 510BT color rojo,Audífonos inalámbricos Bluetooth,855.53,37,0,2026-08-08 12:00:00,2026-09-14 22:15:00
3786,P03786,Whiskas Adulto 1.5kg paquete individual,Alimento seco para gatos adultos,134.66,32,1,2026-05-12 09:45:00,2026-06-24 11:45:00
3787,P03787,APC Back-UPS 600VA color azul,Sistema de respaldo de energía de 600 VA,1832.67,142,0,2026-07-06 11:30:00,2026-07-09 23:00:00
3788,P03788,Kingston NV2 1TB paquete con 2 piezas,Unidad SSD NVMe M.2 de 1 TB,1418.75,109,0,2026-03-27 12:15:00,2026-04-20 23:00:00
3789,P03789,Tramontina Juego de cuchillos 6 piezas edición especial,Set de cuchillos para cocina,788.77,24,0,2026-06-28 15:00:00,2026-07-05 15:30:00
3790,P03790,Tramontina Sartén 24cm color negro,Sartén antiadherente de 24 centímetros,473.33,100,1,2026-01-27 15:00:00,2026-02-18 21:00:00
3791,P03791,TP-Link Archer C6 presentación familiar,Router inalámbrico Gigabit AC1200,973.23,62,1,2026-06-26 12:15:00,2026-07-17 22:15:00
3792,P03792,Cinsa Olla de presión 6L color negro,Olla de presión de aluminio de 6 litros,1048.88,20,1,2026-05-11 18:30:00,2026-06-05 23:30:00
3793,P03793,Kingston DataTraveler Exodia 64GB edición especial,Memoria USB 3.2 de 64 GB,129.32,135,1,2026-03-08 10:30:00,2026-04-01 22:45:00
3794,P03794,Hamilton Beach Cafetera 12 tazas,Cafetera programable de 12 tazas,845.33,22,1,2026-05-04 16:30:00,2026-06-11 03:15:00
3795,P03795,Samsung Monitor T350 24 pulgadas paquete individual,Monitor Full HD de 24 pulgadas con panel IPS,2677.09,63,1,2026-04-10 09:15:00,2026-05-20 19:15:00
3796,P03796,BIC Bolígrafo Cristal,Bolígrafo de tinta azul,12.71,25,0,2026-02-17 15:15:00,2026-03-23 23:00:00
3797,P03797,JBL Tune 510BT presentación familiar,Audífonos inalámbricos Bluetooth,945.97,83,1,2026-04-04 14:30:00,2026-04-23 20:45:00
3798,P03798,Samsung Monitor T350 24 pulgadas,Monitor Full HD de 24 pulgadas con panel IPS,2837.56,26,1,2026-07-31 11:15:00,2026-08-26 18:15:00
3799,P03799,Scribe Cuaderno profesional paquete con 2 piezas,Cuaderno de hojas rayadas,91.69,116,1,2026-01-24 13:30:00,2026-03-06 19:00:00
3800,P03800,Samsung Monitor T350 24 pulgadas paquete con 2 piezas,Monitor Full HD de 24 pulgadas con panel IPS,2807.28,62,1,2026-05-15 16:15:00,2026-05-29 04:00:00
3801,P03801,SanDisk Ultra microSD 128GB color rojo,Tarjeta microSD de 128 GB,296.61,48,1,2026-05-03 14:00:00,2026-05-19 00:45:00
3802,P03802,APC Back-UPS 600VA color rojo,Sistema de respaldo de energía de 600 VA,1874.21,12,1,2026-05-10 08:30:00,2026-05-10 15:15:00
3803,P03803,Colgate Total 12 versión estándar,Pasta dental de protección integral,75.68,59,1,2026-05-04 12:45:00,2026-05-06 13:30:00
3804,P03804,Logitech Mouse G203 edición especial,Mouse para gaming con sensor óptico,708.08,75,1,2026-05-18 11:00:00,2026-05-30 23:15:00
3805,P03805,Tramontina Juego de cuchillos 6 piezas paquete individual,Set de cuchillos para cocina,787.51,68,1,2026-03-30 11:30:00,2026-04-11 21:15:00
3806,P03806,Wilson Pelota de tenis Championship color negro,Pelota de tenis para entrenamiento,116.19,149,1,2026-04-09 13:15:00,2026-05-07 16:15:00
3807,P03807,Colgate Total 12 color azul,Pasta dental de protección integral,76.81,139,1,2026-05-25 10:45:00,2026-05-30 13:45:00
3808,P03808,Amazon Basics Cable HDMI 2m presentación familiar,Cable HDMI de alta velocidad de 2 metros,243.98,42,0,2026-06-30 10:15:00,2026-06-30 15:15:00
3809,P03809,Staedtler Lápiz Noris HB versión estándar,Lápiz de grafito HB,13.95,106,1,2026-08-30 09:00:00,2026-09-07 18:15:00
3810,P03810,Sterilite Caja organizadora 40L edición especial,Caja plástica con tapa para almacenamiento,336.16,95,0,2026-04-28 10:00:00,2026-05-27 12:45:00
3811,P03811,Spalding TF-1000 versión estándar,Balón de basquetbol para interiores,742.6,33,1,2026-07-10 11:00:00,2026-07-23 13:30:00
3812,P03812,JBL Go 4 paquete con 2 piezas,Bocina portátil Bluetooth,997.93,146,1,2026-06-15 09:15:00,2026-06-17 20:15:00
3813,P03813,Logitech Mouse G203 paquete con 2 piezas,Mouse para gaming con sensor óptico,751.79,5,0,2026-02-17 08:00:00,2026-03-03 09:15:00
3814,P03814,Dove Jabón corporal paquete individual,Jabón corporal de uso diario,53.17,139,0,2026-09-12 11:45:00,2026-09-18 15:15:00
3815,P03815,Rubbermaid Contenedor 10L color rojo,Contenedor plástico para almacenamiento,201.0,42,1,2026-08-25 13:15:00,2026-09-17 16:15:00
3816,P03816,Everlast Guantes de boxeo 12 oz modelo 2026,Guantes de boxeo para entrenamiento,657.2,146,0,2026-09-01 17:00:00,2026-09-15 05:30:00
3817,P03817,Vasconia Cacerola 24cm paquete individual,Cacerola de aluminio con tapa,498.7,113,1,2026-02-27 09:00:00,2026-04-01 13:45:00
3818,P03818,Dove Jabón corporal edición especial,Jabón corporal de uso diario,52.18,133,1,2026-02-03 18:30:00,2026-02-04 07:00:00
3819,P03819,Pyrex Recipiente de vidrio 1L versión estándar,Recipiente de vidrio resistente al calor,206.21,148,1,2026-06-21 14:00:00,2026-08-06 02:15:00
3820,P03820,Logitech Mouse M185 color rojo,Mouse inalámbrico compacto con receptor USB,381.1,33,1,2026-06-06 18:15:00,2026-06-13 05:45:00
3821,P03821,Samsung Monitor T350 24 pulgadas color negro,Monitor Full HD de 24 pulgadas con panel IPS,2928.06,40,1,2026-05-20 15:45:00,2026-06-24 17:45:00
3822,P03822,Samsung Monitor T350 24 pulgadas color rojo,Monitor Full HD de 24 pulgadas con panel IPS,2623.17,75,1,2026-07-20 17:45:00,2026-09-02 05:45:00
3823,P03823,Vasconia Cacerola 24cm versión estándar,Cacerola de aluminio con tapa,501.64,116,0,2026-09-07 08:00:00,2026-09-28 16:15:00
3824,P03824,Hamilton Beach Cafetera 12 tazas paquete individual,Cafetera programable de 12 tazas,784.43,19,1,2026-08-21 18:45:00,2026-09-15 01:00:00
3825,P03825,SanDisk Ultra microSD 128GB paquete con 2 piezas,Tarjeta microSD de 128 GB,308.74,140,1,2026-06-01 12:30:00,2026-06-19 22:45:00
3826,P03826,Kong Classic M edición especial,Juguete resistente para perros,372.5,63,0,2026-02-13 11:15:00,2026-03-29 17:45:00
3827,P03827,Spalding TF-1000 paquete con 2 piezas,Balón de basquetbol para interiores,752.78,142,1,2026-05-21 09:00:00,2026-05-26 18:45:00
3828,P03828,Puma Essentials Hoodie color azul,Sudadera deportiva con capucha,1003.08,5,0,2026-09-04 17:45:00,2026-09-18 18:45:00
3829,P03829,Dove Jabón corporal presentación familiar,Jabón corporal de uso diario,50.05,76,1,2026-07-28 15:30:00,2026-08-27 19:00:00
3830,P03830,Logitech Webcam C920s edición especial,Cámara web Full HD con micrófono estéreo,1520.45,142,1,2026-05-28 11:00:00,2026-06-07 12:00:00
3831,P03831,SanDisk Ultra microSD 128GB modelo 2026,Tarjeta microSD de 128 GB,303.2,82,1,2026-06-07 12:15:00,2026-06-10 01:00:00
3832,P03832,Castrol GTX 5W-30 1L versión estándar,Aceite para motor de automóvil,161.98,107,0,2026-02-02 08:30:00,2026-02-12 15:15:00
3833,P03833,Pilot G2 paquete individual,Bolígrafo de gel de tinta negra,36.37,38,1,2026-03-21 10:15:00,2026-04-23 13:30:00
3834,P03834,Logitech Teclado K120 presentación familiar,Teclado alámbrico USB de tamaño completo,325.53,130,1,2026-05-04 19:15:00,2026-06-13 23:45:00
3835,P03835,Logitech Mouse M185 paquete con 2 piezas,Mouse inalámbrico compacto con receptor USB,348.2,122,0,2026-07-21 14:45:00,2026-07-29 00:15:00
3836,P03836,Gillette Mach3 versión estándar,Rastrillo para afeitar con tres hojas,205.48,50,1,2026-05-25 10:15:00,2026-06-12 10:30:00
3837,P03837,Samsung Monitor T350 24 pulgadas presentación familiar,Monitor Full HD de 24 pulgadas con panel IPS,2809.88,146,0,2026-03-10 18:30:00,2026-04-23 23:45:00
3838,P03838,Pilot G2 color azul,Bolígrafo de gel de tinta negra,35.96,68,0,2026-09-14 08:00:00,2026-10-05 17:30:00
3839,P03839,Sterilite Caja organizadora 40L,Caja plástica con tapa para almacenamiento,342.94,50,1,2026-04-12 18:15:00,2026-04-13 20:30:00
3840,P03840,Post-it Notas adhesivas 76x76mm paquete con 2 piezas,Bloc de notas adhesivas amarillas,69.55,135,0,2026-07-23 11:00:00,2026-08-24 21:45:00
3841,P03841,Samsung Monitor T350 24 pulgadas color negro,Monitor Full HD de 24 pulgadas con panel IPS,2804.55,138,1,2026-06-01 19:15:00,2026-06-23 22:00:00
3842,P03842,Bosch Bujía de encendido versión estándar,Bujía para motor de gasolina,128.13,89,1,2026-09-07 12:00:00,2026-09-15 17:00:00
3843,P03843,Kingston DataTraveler Exodia 64GB paquete con 2 piezas,Memoria USB 3.2 de 64 GB,127.69,105,1,2026-06-28 11:00:00,2026-08-10 15:30:00
3844,P03844,Colgate Total 12 presentación familiar,Pasta dental de protección integral,72.77,7,1,2026-04-06 11:45:00,2026-04-18 13:15:00
3845,P03845,Sharpie Marcador permanente modelo 2026,Marcador permanente de punta fina,31.69,88,1,2026-03-07 09:45:00,2026-03-08 19:00:00
3846,P03846,SanDisk Ultra microSD 128GB presentación familiar,Tarjeta microSD de 128 GB,311.25,73,1,2026-09-17 09:15:00,2026-10-26 21:30:00
3847,P03847,Rubbermaid Contenedor 10L color negro,Contenedor plástico para almacenamiento,190.15,41,1,2026-03-21 16:45:00,2026-04-11 18:15:00
3848,P03848,T-fal Juego de sartenes 3 piezas color negro,Juego de sartenes antiadherentes,1236.79,4,1,2026-04-25 10:00:00,2026-05-11 13:00:00
3849,P03849,Wilson Pelota de tenis Championship color rojo,Pelota de tenis para entrenamiento,133.07,106,1,2026-08-09 11:45:00,2026-08-27 15:00:00
3850,P03850,Kong Classic M modelo 2026,Juguete resistente para perros,336.32,4,1,2026-05-21 15:30:00,2026-06-14 20:30:00
3851,P03851,SanDisk Ultra microSD 128GB edición especial,Tarjeta microSD de 128 GB,329.55,32,1,2026-02-08 18:00:00,2026-03-14 06:15:00
3852,P03852,Tramontina Juego de cuchillos 6 piezas color negro,Set de cuchillos para cocina,838.34,3,1,2026-02-11 14:45:00,2026-03-05 16:30:00
3853,P03853,Castrol GTX 5W-30 1L color azul,Aceite para motor de automóvil,162.61,74,1,2026-02-09 10:45:00,2026-03-25 23:30:00
3854,P03854,Ninja Air Fryer 4L,Freidora de aire de 4 litros,1860.46,2,1,2026-04-06 10:15:00,2026-05-17 19:30:00
3855,P03855,JBL Tune 510BT,Audífonos inalámbricos Bluetooth,952.36,18,1,2026-05-30 17:30:00,2026-06-08 20:45:00
3856,P03856,Tefal Plancha Ultragliss modelo 2026,Plancha de vapor para ropa,1128.96,2,1,2026-03-17 17:30:00,2026-04-27 22:30:00
3857,P03857,Kong Classic M versión estándar,Juguete resistente para perros,372.64,116,1,2026-04-19 16:15:00,2026-05-19 18:45:00
3858,P03858,Logitech Mouse M185 paquete con 2 piezas,Mouse inalámbrico compacto con receptor USB,377.08,46,1,2026-08-01 08:15:00,2026-08-28 15:15:00
3859,P03859,Dove Jabón corporal paquete individual,Jabón corporal de uso diario,49.44,34,1,2026-02-26 11:15:00,2026-04-08 12:00:00
3860,P03860,Spalding TF-1000 edición especial,Balón de basquetbol para interiores,853.77,131,1,2026-06-01 18:00:00,2026-07-05 05:30:00
3861,P03861,Gillette Mach3 paquete individual,Rastrillo para afeitar con tres hojas,180.36,75,1,2026-05-27 16:15:00,2026-06-04 19:30:00
3862,P03862,Logitech Teclado K120 edición especial,Teclado alámbrico USB de tamaño completo,363.36,59,1,2026-08-31 12:00:00,2026-09-26 13:15:00
3863,P03863,Ninja Air Fryer 4L color negro,Freidora de aire de 4 litros,1882.69,41,1,2026-04-23 14:15:00,2026-05-23 20:45:00
3864,P03864,Gillette Mach3 paquete individual,Rastrillo para afeitar con tres hojas,208.41,110,1,2026-05-09 17:30:00,2026-06-23 02:00:00
3865,P03865,Logitech Mouse M185 modelo 2026,Mouse inalámbrico compacto con receptor USB,375.83,14,1,2026-09-14 19:00:00,2026-10-08 00:00:00
3866,P03866,UGREEN Adaptador USB-C color rojo,Adaptador USB-C a USB 3.0,255.24,61,1,2026-03-01 10:45:00,2026-03-15 13:00:00
3867,P03867,Pyrex Recipiente de vidrio 1L edición especial,Recipiente de vidrio resistente al calor,234.49,62,1,2026-01-03 17:15:00,2026-01-31 03:00:00
3868,P03868,Scotch-Brite Esponjas multiusos versión estándar,Paquete de esponjas para limpieza doméstica,95.87,146,1,2026-08-24 09:45:00,2026-10-06 11:30:00
3869,P03869,Kingston Fury Beast 8GB color negro,Memoria RAM DDR4 de 8 GB,476.22,41,0,2026-02-08 12:30:00,2026-03-05 23:45:00
3870,P03870,LG Monitor 24MP400-B color azul,Monitor LED Full HD de 24 pulgadas,3122.31,21,1,2026-02-18 16:00:00,2026-03-05 17:15:00
3871,P03871,UGREEN Adaptador USB-C color rojo,Adaptador USB-C a USB 3.0,264.1,73,1,2026-04-30 10:30:00,2026-05-22 10:30:00
3872,P03872,Scotch-Brite Esponjas multiusos versión estándar,Paquete de esponjas para limpieza doméstica,82.71,69,1,2026-07-04 15:15:00,2026-08-06 20:15:00
3873,P03873,Wilson Pelota de tenis Championship modelo 2026,Pelota de tenis para entrenamiento,121.4,47,1,2026-04-26 17:30:00,2026-06-03 23:00:00
3874,P03874,Kingston NV2 1TB modelo 2026,Unidad SSD NVMe M.2 de 1 TB,1514.91,50,1,2026-03-05 12:30:00,2026-03-26 19:15:00
3875,P03875,Gillette Mach3 presentación familiar,Rastrillo para afeitar con tres hojas,199.54,54,0,2026-01-27 16:30:00,2026-02-04 01:45:00
3876,P03876,Scribe Cuaderno profesional modelo 2026,Cuaderno de hojas rayadas,91.56,63,0,2026-07-31 10:45:00,2026-08-14 17:45:00
3877,P03877,TP-Link Archer C6 paquete individual,Router inalámbrico Gigabit AC1200,997.26,122,0,2026-01-18 08:15:00,2026-02-19 10:30:00
3878,P03878,Castrol GTX 5W-30 1L color rojo,Aceite para motor de automóvil,155.26,146,1,2026-04-24 08:45:00,2026-05-07 11:15:00
3879,P03879,Logitech Mouse G203 color azul,Mouse para gaming con sensor óptico,722.59,47,1,2026-05-19 16:15:00,2026-06-14 04:15:00
3880,P03880,Castrol GTX 5W-30 1L versión estándar,Aceite para motor de automóvil,144.53,13,1,2026-05-27 16:30:00,2026-07-09 02:15:00
3881,P03881,JBL Go 4 paquete individual,Bocina portátil Bluetooth,1186.97,118,1,2026-05-25 10:00:00,2026-06-10 10:00:00
3882,P03882,Pilot G2 edición especial,Bolígrafo de gel de tinta negra,41.62,87,0,2026-03-25 16:45:00,2026-04-13 20:45:00
3883,P03883,UGREEN Adaptador USB-C versión estándar,Adaptador USB-C a USB 3.0,250.9,67,0,2026-07-02 13:15:00,2026-08-10 19:15:00
3884,P03884,Michelin Energy XM2+ edición especial,Neumático para automóvil,1731.84,131,1,2026-02-05 16:15:00,2026-03-06 19:15:00
3885,P03885,Kingston NV2 1TB color negro,Unidad SSD NVMe M.2 de 1 TB,1279.12,106,1,2026-02-24 09:30:00,2026-03-22 16:45:00
3886,P03886,Logitech Webcam C920s color rojo,Cámara web Full HD con micrófono estéreo,1349.03,17,1,2026-08-23 09:30:00,2026-10-05 17:15:00
3887,P03887,Colgate Total 12 versión estándar,Pasta dental de protección integral,68.26,46,1,2026-07-23 12:45:00,2026-07-24 00:15:00
3888,P03888,Michelin Energy XM2+ color negro,Neumático para automóvil,1787.02,12,1,2026-06-05 11:15:00,2026-06-11 20:00:00
3889,P03889,Tramontina Juego de cuchillos 6 piezas presentación familiar,Set de cuchillos para cocina,852.21,15,1,2026-03-19 09:15:00,2026-05-01 10:45:00
3890,P03890,APC Back-UPS 600VA color negro,Sistema de respaldo de energía de 600 VA,1654.16,115,1,2026-08-02 15:00:00,2026-08-28 15:30:00
3891,P03891,Black+Decker Tostador 2 rebanadas paquete con 2 piezas,Tostador eléctrico de dos ranuras,517.51,22,0,2026-04-01 19:00:00,2026-04-30 07:15:00
3892,P03892,Black+Decker Tostador 2 rebanadas presentación familiar,Tostador eléctrico de dos ranuras,472.71,11,1,2026-05-23 14:45:00,2026-06-10 02:15:00
3893,P03893,JBL Tune 510BT presentación familiar,Audífonos inalámbricos Bluetooth,980.61,43,1,2026-06-22 13:30:00,2026-07-15 17:15:00
3894,P03894,T-fal Juego de sartenes 3 piezas versión estándar,Juego de sartenes antiadherentes,1196.96,55,1,2026-06-13 10:15:00,2026-07-05 21:45:00
3895,P03895,Adidas Runfalcon 5 modelo 2026,Calzado deportivo para correr,1528.77,9,1,2026-01-25 09:30:00,2026-02-19 21:45:00
3896,P03896,Nivea Crema corporal paquete individual,Crema hidratante para cuerpo,120.25,55,1,2026-09-06 11:30:00,2026-10-03 17:30:00
3897,P03897,Pyrex Recipiente de vidrio 1L versión estándar,Recipiente de vidrio resistente al calor,251.6,120,0,2026-06-17 10:45:00,2026-07-18 20:30:00
3898,P03898,UGREEN Adaptador USB-C color negro,Adaptador USB-C a USB 3.0,272.19,57,0,2026-04-04 18:45:00,2026-05-09 07:15:00
3899,P03899,HP DeskJet 2875 color azul,Impresora multifuncional inalámbrica,1979.0,13,1,2026-03-07 10:45:00,2026-03-10 21:00:00
3900,P03900,Michelin Energy XM2+ color azul,Neumático para automóvil,1800.69,112,1,2026-05-20 14:15:00,2026-06-11 14:30:00
3901,P03901,Logitech Webcam C920s edición especial,Cámara web Full HD con micrófono estéreo,1343.46,104,1,2026-07-28 15:15:00,2026-08-26 00:45:00
3902,P03902,JBL Go 4 color azul,Bocina portátil Bluetooth,1037.34,89,1,2026-02-06 12:30:00,2026-03-10 19:15:00
3903,P03903,Adidas Runfalcon 5 color negro,Calzado deportivo para correr,1472.17,47,0,2026-09-02 15:45:00,2026-10-04 18:00:00
3904,P03904,Sharpie Marcador permanente color rojo,Marcador permanente de punta fina,35.24,88,0,2026-09-15 18:15:00,2026-10-02 04:15:00
3905,P03905,Koblenz Aspiradora WD-2 modelo 2026,Aspiradora para limpieza doméstica,1697.44,61,1,2026-05-21 14:30:00,2026-06-12 20:30:00
3906,P03906,Scotch-Brite Esponjas multiusos,Paquete de esponjas para limpieza doméstica,84.64,37,0,2026-03-03 14:45:00,2026-03-27 02:00:00
3907,P03907,Gillette Mach3,Rastrillo para afeitar con tres hojas,180.44,119,1,2026-01-24 09:15:00,2026-02-07 21:30:00
3908,P03908,Avery Etiquetas adhesivas color azul,Paquete de etiquetas autoadhesivas,127.72,14,0,2026-06-18 16:15:00,2026-07-13 03:15:00
3909,P03909,UGREEN Adaptador USB-C paquete individual,Adaptador USB-C a USB 3.0,253.73,44,0,2026-08-19 14:15:00,2026-09-15 18:30:00
3910,P03910,Scribe Cuaderno profesional,Cuaderno de hojas rayadas,97.27,73,1,2026-06-23 12:45:00,2026-07-19 16:00:00
3911,P03911,Staedtler Lápiz Noris HB modelo 2026,Lápiz de grafito HB,13.81,51,0,2026-02-21 19:00:00,2026-03-16 23:00:00
3912,P03912,UGREEN Adaptador USB-C presentación familiar,Adaptador USB-C a USB 3.0,266.01,102,1,2026-05-18 10:00:00,2026-06-03 13:00:00
3913,P03913,JBL Go 4 edición especial,Bocina portátil Bluetooth,1032.6,113,1,2026-01-25 09:45:00,2026-01-26 18:00:00
3914,P03914,JBL Tune 510BT paquete individual,Audífonos inalámbricos Bluetooth,957.41,36,0,2026-08-31 10:45:00,2026-09-16 19:45:00
3915,P03915,Nivea Crema corporal modelo 2026,Crema hidratante para cuerpo,126.59,15,1,2026-02-06 16:45:00,2026-02-24 16:45:00
3916,P03916,Bosch Bujía de encendido paquete con 2 piezas,Bujía para motor de gasolina,117.29,122,1,2026-03-07 13:15:00,2026-04-21 14:15:00
3917,P03917,Philips Hervidor HD9350 paquete con 2 piezas,Hervidor eléctrico de acero inoxidable,929.93,30,1,2026-03-16 15:45:00,2026-03-28 02:30:00
3918,P03918,Sterilite Caja organizadora 40L color negro,Caja plástica con tapa para almacenamiento,373.32,126,1,2026-06-09 12:15:00,2026-06-23 00:15:00
3919,P03919,HP DeskJet 2875 paquete con 2 piezas,Impresora multifuncional inalámbrica,1660.84,98,0,2026-08-10 11:30:00,2026-08-24 18:30:00
3920,P03920,Logitech Teclado K120 edición especial,Teclado alámbrico USB de tamaño completo,352.74,127,1,2026-02-13 12:15:00,2026-02-24 00:45:00
3921,P03921,Kingston Fury Beast 8GB versión estándar,Memoria RAM DDR4 de 8 GB,553.05,82,0,2026-05-12 18:15:00,2026-06-02 20:45:00
3922,P03922,Castrol GTX 5W-30 1L modelo 2026,Aceite para motor de automóvil,151.95,31,1,2026-05-31 17:45:00,2026-07-09 20:45:00
3923,P03923,Everlast Guantes de boxeo 12 oz paquete con 2 piezas,Guantes de boxeo para entrenamiento,695.51,90,1,2026-04-11 18:15:00,2026-05-04 03:15:00
3924,P03924,Black+Decker Tostador 2 rebanadas color rojo,Tostador eléctrico de dos ranuras,533.8,84,1,2026-09-09 12:00:00,2026-10-07 00:45:00
3925,P03925,Kingston DataTraveler Exodia 64GB paquete con 2 piezas,Memoria USB 3.2 de 64 GB,144.24,132,1,2026-05-31 11:45:00,2026-06-03 13:45:00
3926,P03926,Post-it Notas adhesivas 76x76mm paquete individual,Bloc de notas adhesivas amarillas,68.08,104,1,2026-02-05 16:30:00,2026-03-04 01:30:00
3927,P03927,Castrol GTX 5W-30 1L color rojo,Aceite para motor de automóvil,171.02,25,0,2026-06-10 19:15:00,2026-07-04 01:15:00
3928,P03928,Black+Decker Tostador 2 rebanadas paquete con 2 piezas,Tostador eléctrico de dos ranuras,500.86,116,1,2026-02-07 19:00:00,2026-02-24 04:45:00
3929,P03929,Michelin Energy XM2+ edición especial,Neumático para automóvil,1880.91,88,1,2026-08-10 18:45:00,2026-08-11 03:00:00
3930,P03930,BIC Bolígrafo Cristal edición especial,Bolígrafo de tinta azul,12.57,150,1,2026-06-25 12:15:00,2026-08-07 16:30:00
3931,P03931,SanDisk Ultra microSD 128GB paquete individual,Tarjeta microSD de 128 GB,303.31,8,1,2026-03-26 14:30:00,2026-04-10 17:30:00
3932,P03932,Post-it Notas adhesivas 76x76mm edición especial,Bloc de notas adhesivas amarillas,72.36,26,1,2026-03-26 17:30:00,2026-04-29 20:15:00
3933,P03933,Koblenz Aspiradora WD-2 presentación familiar,Aspiradora para limpieza doméstica,1637.52,38,0,2026-09-07 16:15:00,2026-09-12 00:15:00
3934,P03934,Hamilton Beach Cafetera 12 tazas edición especial,Cafetera programable de 12 tazas,824.25,100,0,2026-05-10 17:15:00,2026-06-20 17:30:00
3935,P03935,Rubbermaid Contenedor 10L color azul,Contenedor plástico para almacenamiento,204.87,19,1,2026-04-28 11:45:00,2026-05-12 12:00:00
3936,P03936,Michelin Energy XM2+ paquete individual,Neumático para automóvil,1814.43,1,1,2026-09-14 13:45:00,2026-09-14 19:15:00
3937,P03937,HP DeskJet 2875 presentación familiar,Impresora multifuncional inalámbrica,1818.64,25,1,2026-08-07 13:00:00,2026-08-26 16:15:00
3938,P03938,Sterilite Caja organizadora 40L,Caja plástica con tapa para almacenamiento,341.83,100,1,2026-07-20 12:15:00,2026-08-06 15:30:00
3939,P03939,Samsung Monitor T350 24 pulgadas paquete individual,Monitor Full HD de 24 pulgadas con panel IPS,2478.56,95,1,2026-07-27 15:15:00,2026-08-08 01:15:00
3940,P03940,Bosch Bujía de encendido,Bujía para motor de gasolina,119.81,78,0,2026-07-04 19:00:00,2026-07-28 07:30:00
3941,P03941,Oster Licuadora clásica versión estándar,Licuadora de vaso para preparación de alimentos,968.04,46,1,2026-02-28 09:30:00,2026-03-29 18:15:00
3942,P03942,Scribe Cuaderno profesional color rojo,Cuaderno de hojas rayadas,99.27,3,0,2026-02-11 18:30:00,2026-02-19 19:15:00
3943,P03943,Gillette Mach3 versión estándar,Rastrillo para afeitar con tres hojas,203.85,10,0,2026-02-23 16:00:00,2026-03-08 23:15:00
3944,P03944,Amazon Basics Cable HDMI 2m color azul,Cable HDMI de alta velocidad de 2 metros,229.49,140,1,2026-04-19 16:15:00,2026-04-20 18:15:00
3945,P03945,Everlast Guantes de boxeo 12 oz color negro,Guantes de boxeo para entrenamiento,752.19,110,0,2026-05-09 12:00:00,2026-06-13 20:45:00
3946,P03946,Black+Decker Tostador 2 rebanadas color rojo,Tostador eléctrico de dos ranuras,492.96,92,1,2026-07-22 11:30:00,2026-07-25 20:15:00
3947,P03947,Wilson Pelota de tenis Championship modelo 2026,Pelota de tenis para entrenamiento,138.89,104,1,2026-05-28 16:15:00,2026-07-12 20:15:00
3948,P03948,Black+Decker Tostador 2 rebanadas color negro,Tostador eléctrico de dos ranuras,513.31,103,1,2026-09-07 12:30:00,2026-09-24 12:45:00
3949,P03949,Hamilton Beach Cafetera 12 tazas edición especial,Cafetera programable de 12 tazas,837.88,8,1,2026-06-30 11:15:00,2026-07-07 23:30:00
3950,P03950,Staedtler Lápiz Noris HB paquete individual,Lápiz de grafito HB,16.63,62,0,2026-07-11 08:45:00,2026-08-07 18:45:00
3951,P03951,Ninja Air Fryer 4L color negro,Freidora de aire de 4 litros,2103.49,110,1,2026-05-13 17:45:00,2026-05-19 05:15:00
3952,P03952,Ninja Air Fryer 4L versión estándar,Freidora de aire de 4 litros,2055.6,99,1,2026-03-20 13:45:00,2026-03-20 22:30:00
3953,P03953,UGREEN Adaptador USB-C paquete individual,Adaptador USB-C a USB 3.0,238.85,22,1,2026-05-11 08:00:00,2026-06-09 12:00:00
3954,P03954,Michelin Energy XM2+ color rojo,Neumático para automóvil,1720.3,75,1,2026-09-18 18:00:00,2026-11-02 22:30:00
3955,P03955,Vasconia Cacerola 24cm paquete con 2 piezas,Cacerola de aluminio con tapa,496.07,108,1,2026-03-27 08:00:00,2026-05-11 17:00:00
3956,P03956,Castrol GTX 5W-30 1L,Aceite para motor de automóvil,168.76,135,0,2026-07-12 17:15:00,2026-08-19 17:45:00
3957,P03957,Tefal Plancha Ultragliss versión estándar,Plancha de vapor para ropa,1144.14,123,1,2026-06-24 17:45:00,2026-07-09 22:30:00
3958,P03958,SanDisk Ultra microSD 128GB color negro,Tarjeta microSD de 128 GB,314.0,88,0,2026-09-06 17:45:00,2026-09-21 18:45:00
3959,P03959,Tefal Plancha Ultragliss paquete con 2 piezas,Plancha de vapor para ropa,1324.76,9,1,2026-05-03 16:00:00,2026-06-10 04:45:00
3960,P03960,Wilson Pelota de tenis Championship color rojo,Pelota de tenis para entrenamiento,135.1,18,1,2026-08-15 16:30:00,2026-09-25 19:00:00
3961,P03961,Hamilton Beach Cafetera 12 tazas modelo 2026,Cafetera programable de 12 tazas,722.81,136,1,2026-03-18 13:30:00,2026-04-28 01:00:00
3962,P03962,Sterilite Caja organizadora 40L paquete individual,Caja plástica con tapa para almacenamiento,339.83,50,1,2026-07-23 08:45:00,2026-08-01 15:45:00
3963,P03963,Whiskas Adulto 1.5kg color negro,Alimento seco para gatos adultos,138.59,127,1,2026-09-04 19:45:00,2026-10-18 20:45:00
3964,P03964,Wilson Pelota de tenis Championship presentación familiar,Pelota de tenis para entrenamiento,122.18,58,1,2026-02-11 08:15:00,2026-03-06 19:00:00
3965,P03965,Logitech Mouse M185 versión estándar,Mouse inalámbrico compacto con receptor USB,377.47,85,1,2026-03-29 10:45:00,2026-04-05 12:30:00
3966,P03966,Logitech Teclado K120 modelo 2026,Teclado alámbrico USB de tamaño completo,323.76,136,1,2026-06-15 12:30:00,2026-07-13 15:15:00
3967,P03967,Vasconia Cacerola 24cm edición especial,Cacerola de aluminio con tapa,468.25,135,1,2026-06-30 08:00:00,2026-07-15 11:30:00
3968,P03968,Logitech Webcam C920s presentación familiar,Cámara web Full HD con micrófono estéreo,1374.36,5,1,2026-05-08 17:15:00,2026-05-19 19:00:00
3969,P03969,Logitech Teclado K120 color azul,Teclado alámbrico USB de tamaño completo,350.18,25,1,2026-05-28 19:45:00,2026-06-20 05:45:00
3970,P03970,Staedtler Lápiz Noris HB edición especial,Lápiz de grafito HB,15.75,87,1,2026-05-12 19:45:00,2026-05-24 23:30:00
3971,P03971,Samsung Monitor T350 24 pulgadas,Monitor Full HD de 24 pulgadas con panel IPS,2710.83,68,1,2026-05-14 13:45:00,2026-05-22 16:45:00
3972,P03972,LG Monitor 24MP400-B modelo 2026,Monitor LED Full HD de 24 pulgadas,3215.49,123,1,2026-09-18 09:45:00,2026-10-26 21:30:00
3973,P03973,Logitech Teclado K120 color rojo,Teclado alámbrico USB de tamaño completo,301.29,91,1,2026-04-14 14:30:00,2026-05-07 23:15:00
3974,P03974,Adidas Runfalcon 5 presentación familiar,Calzado deportivo para correr,1461.99,55,1,2026-09-01 15:00:00,2026-10-13 22:45:00
3975,P03975,Rubbermaid Contenedor 10L paquete individual,Contenedor plástico para almacenamiento,191.46,67,1,2026-01-05 16:00:00,2026-02-02 03:45:00
3976,P03976,Philips Hervidor HD9350 color rojo,Hervidor eléctrico de acero inoxidable,1086.3,111,1,2026-04-13 18:45:00,2026-04-23 03:00:00
3977,P03977,HP DeskJet 2875 paquete individual,Impresora multifuncional inalámbrica,1667.51,91,1,2026-05-30 17:45:00,2026-06-06 21:45:00
3978,P03978,Hamilton Beach Cafetera 12 tazas edición especial,Cafetera programable de 12 tazas,845.64,38,1,2026-04-28 17:45:00,2026-06-11 01:00:00
3979,P03979,Everlast Guantes de boxeo 12 oz,Guantes de boxeo para entrenamiento,759.98,36,1,2026-01-15 19:15:00,2026-02-17 19:45:00
3980,P03980,Tefal Plancha Ultragliss,Plancha de vapor para ropa,1286.95,121,0,2026-03-07 19:15:00,2026-04-20 00:30:00
3981,P03981,Hamilton Beach Cafetera 12 tazas color azul,Cafetera programable de 12 tazas,885.64,148,1,2026-01-11 16:30:00,2026-02-15 20:00:00
3982,P03982,T-fal Juego de sartenes 3 piezas paquete individual,Juego de sartenes antiadherentes,1337.41,17,1,2026-02-02 14:15:00,2026-03-19 14:45:00
3983,P03983,Whiskas Adulto 1.5kg edición especial,Alimento seco para gatos adultos,141.76,14,1,2026-05-29 11:45:00,2026-06-13 15:15:00
3984,P03984,Kong Classic M,Juguete resistente para perros,320.67,95,1,2026-03-06 11:30:00,2026-03-07 18:00:00
3985,P03985,Cinsa Olla de presión 6L versión estándar,Olla de presión de aluminio de 6 litros,912.12,1,1,2026-06-23 15:15:00,2026-07-23 18:15:00
3986,P03986,Colgate Total 12 presentación familiar,Pasta dental de protección integral,63.85,27,1,2026-05-24 11:30:00,2026-06-10 18:00:00
3987,P03987,TP-Link Archer C6 color azul,Router inalámbrico Gigabit AC1200,909.39,1,1,2026-03-21 15:15:00,2026-03-22 20:00:00
3988,P03988,JBL Go 4,Bocina portátil Bluetooth,1008.1,133,1,2026-08-29 09:45:00,2026-09-19 21:15:00
3989,P03989,Puma Essentials Hoodie color rojo,Sudadera deportiva con capucha,1062.87,139,1,2026-05-15 11:00:00,2026-06-14 12:45:00
3990,P03990,Colgate Total 12 versión estándar,Pasta dental de protección integral,76.16,16,1,2026-07-24 19:45:00,2026-07-26 00:45:00
3991,P03991,Kong Classic M color azul,Juguete resistente para perros,320.37,95,1,2026-05-30 15:15:00,2026-07-02 17:00:00
3992,P03992,Kong Classic M color negro,Juguete resistente para perros,390.86,22,1,2026-04-23 13:45:00,2026-04-26 15:45:00
3993,P03993,Scotch-Brite Esponjas multiusos modelo 2026,Paquete de esponjas para limpieza doméstica,98.38,146,1,2026-01-08 09:45:00,2026-01-21 21:30:00
3994,P03994,Whiskas Adulto 1.5kg color rojo,Alimento seco para gatos adultos,143.32,45,0,2026-04-08 11:30:00,2026-05-06 19:45:00
3995,P03995,Black+Decker Tostador 2 rebanadas color negro,Tostador eléctrico de dos ranuras,528.81,51,1,2026-07-25 19:45:00,2026-09-05 20:00:00
3996,P03996,Sterilite Caja organizadora 40L color negro,Caja plástica con tapa para almacenamiento,363.44,22,1,2026-08-24 12:00:00,2026-09-03 23:00:00
3997,P03997,SanDisk Ultra microSD 128GB paquete con 2 piezas,Tarjeta microSD de 128 GB,290.18,5,1,2026-02-12 19:45:00,2026-02-20 23:15:00
3998,P03998,Kong Classic M modelo 2026,Juguete resistente para perros,357.28,103,1,2026-01-07 18:00:00,2026-01-30 19:00:00
3999,P03999,Kingston NV2 1TB presentación familiar,Unidad SSD NVMe M.2 de 1 TB,1375.38,14,1,2026-06-29 14:30:00,2026-07-23 16:30:00
4000,P04000,Philips Hervidor HD9350 modelo 2026,Hervidor eléctrico de acero inoxidable,1021.18,23,0,2026-09-10 13:15:00,2026-10-15 18:00:00
4001,P04001,Pilot G2 color negro,Bolígrafo de gel de tinta negra,37.14,119,1,2026-07-12 16:30:00,2026-08-19 01:45:00
4002,P04002,Nike Revolution 7 presentación familiar,Tenis deportivos para entrenamiento,1685.75,57,1,2026-07-19 12:00:00,2026-08-04 15:00:00
4003,P04003,Sterilite Caja organizadora 40L,Caja plástica con tapa para almacenamiento,386.61,53,1,2026-04-30 17:45:00,2026-05-27 19:45:00
4004,P04004,Sharpie Marcador permanente,Marcador permanente de punta fina,34.25,140,0,2026-05-23 15:00:00,2026-06-02 23:15:00
4005,P04005,LG Monitor 24MP400-B modelo 2026,Monitor LED Full HD de 24 pulgadas,2983.74,1,0,2026-02-04 12:30:00,2026-03-05 00:15:00
4006,P04006,TP-Link Archer C6 versión estándar,Router inalámbrico Gigabit AC1200,1075.54,136,1,2026-02-13 12:30:00,2026-03-27 22:00:00
4007,P04007,Sharpie Marcador permanente color rojo,Marcador permanente de punta fina,36.1,149,1,2026-05-28 11:45:00,2026-06-04 23:00:00
4008,P04008,TP-Link Archer C6 edición especial,Router inalámbrico Gigabit AC1200,1106.41,102,0,2026-03-26 13:30:00,2026-04-20 15:30:00
4009,P04009,UGREEN Adaptador USB-C modelo 2026,Adaptador USB-C a USB 3.0,234.7,127,1,2026-06-19 13:00:00,2026-07-22 21:30:00
4010,P04010,Kong Classic M,Juguete resistente para perros,323.54,76,0,2026-01-20 12:30:00,2026-02-01 22:15:00
4011,P04011,Tramontina Sartén 24cm,Sartén antiadherente de 24 centímetros,507.7,39,1,2026-07-10 18:15:00,2026-07-24 20:30:00
4012,P04012,Pilot G2 color negro,Bolígrafo de gel de tinta negra,40.15,93,1,2026-07-06 16:45:00,2026-07-30 03:15:00
4013,P04013,Amazon Basics Cable HDMI 2m modelo 2026,Cable HDMI de alta velocidad de 2 metros,240.23,48,1,2026-03-24 10:15:00,2026-03-30 12:00:00
4014,P04014,Everlast Guantes de boxeo 12 oz paquete individual,Guantes de boxeo para entrenamiento,635.96,82,1,2026-02-11 13:15:00,2026-03-09 00:30:00
4015,P04015,Ninja Air Fryer 4L versión estándar,Freidora de aire de 4 litros,1982.0,123,1,2026-01-23 12:45:00,2026-03-04 23:45:00
4016,P04016,BIC Bolígrafo Cristal presentación familiar,Bolígrafo de tinta azul,11.78,93,1,2026-05-02 10:00:00,2026-05-02 13:45:00
4017,P04017,Tefal Plancha Ultragliss presentación familiar,Plancha de vapor para ropa,1251.18,136,0,2026-03-30 14:00:00,2026-04-07 01:30:00
4018,P04018,Spalding TF-1000 presentación familiar,Balón de basquetbol para interiores,806.18,68,1,2026-06-07 19:45:00,2026-07-19 03:00:00
4019,P04019,Wilson Pelota de tenis Championship presentación familiar,Pelota de tenis para entrenamiento,122.67,149,1,2026-08-13 17:15:00,2026-09-13 01:15:00
4020,P04020,Castrol GTX 5W-30 1L paquete individual,Aceite para motor de automóvil,153.63,7,1,2026-09-10 13:15:00,2026-10-19 22:00:00
4021,P04021,Koblenz Aspiradora WD-2 edición especial,Aspiradora para limpieza doméstica,1455.81,135,1,2026-05-05 18:30:00,2026-05-13 05:00:00
4022,P04022,Samsung Monitor T350 24 pulgadas modelo 2026,Monitor Full HD de 24 pulgadas con panel IPS,2471.76,52,1,2026-05-12 12:45:00,2026-06-10 00:00:00
4023,P04023,Scribe Cuaderno profesional color negro,Cuaderno de hojas rayadas,84.14,126,1,2026-03-20 12:30:00,2026-04-24 15:15:00
4024,P04024,SanDisk Ultra microSD 128GB paquete con 2 piezas,Tarjeta microSD de 128 GB,313.75,103,1,2026-08-18 17:15:00,2026-09-15 04:30:00
4025,P04025,Hamilton Beach Cafetera 12 tazas versión estándar,Cafetera programable de 12 tazas,751.96,12,1,2026-06-02 08:15:00,2026-06-11 13:00:00
4026,P04026,Tramontina Juego de cuchillos 6 piezas color negro,Set de cuchillos para cocina,837.03,7,1,2026-01-11 12:15:00,2026-01-25 17:00:00
4027,P04027,Pedigree Adulto 2kg versión estándar,Alimento seco para perros adultos,160.87,71,0,2026-01-03 17:45:00,2026-01-20 20:15:00
4028,P04028,Kingston Fury Beast 8GB versión estándar,Memoria RAM DDR4 de 8 GB,481.87,73,1,2026-05-28 11:30:00,2026-06-30 16:15:00
4029,P04029,Pyrex Recipiente de vidrio 1L edición especial,Recipiente de vidrio resistente al calor,229.68,12,1,2026-05-08 10:45:00,2026-05-20 15:15:00
4030,P04030,Logitech Teclado K120 paquete con 2 piezas,Teclado alámbrico USB de tamaño completo,324.47,108,1,2026-02-26 13:00:00,2026-03-22 23:00:00
4031,P04031,Avery Etiquetas adhesivas paquete con 2 piezas,Paquete de etiquetas autoadhesivas,140.26,17,0,2026-05-30 10:15:00,2026-06-05 10:45:00
4032,P04032,Sharpie Marcador permanente versión estándar,Marcador permanente de punta fina,36.47,65,0,2026-03-05 15:30:00,2026-03-17 00:15:00
4033,P04033,Kingston DataTraveler Exodia 64GB color negro,Memoria USB 3.2 de 64 GB,140.46,77,1,2026-03-30 18:15:00,2026-04-01 23:00:00
4034,P04034,JBL Tune 510BT color rojo,Audífonos inalámbricos Bluetooth,1001.74,74,0,2026-08-23 11:30:00,2026-10-04 17:30:00
4035,P04035,APC Back-UPS 600VA paquete individual,Sistema de respaldo de energía de 600 VA,1765.11,36,0,2026-06-01 19:00:00,2026-07-06 01:30:00
4036,P04036,TP-Link Archer C6 color azul,Router inalámbrico Gigabit AC1200,936.5,138,1,2026-01-24 14:15:00,2026-01-27 19:30:00
4037,P04037,Gillette Mach3 color azul,Rastrillo para afeitar con tres hojas,208.94,133,1,2026-07-12 17:15:00,2026-07-21 21:00:00
4038,P04038,Sharpie Marcador permanente modelo 2026,Marcador permanente de punta fina,32.36,129,1,2026-01-21 14:00:00,2026-03-07 01:15:00
4039,P04039,APC Back-UPS 600VA modelo 2026,Sistema de respaldo de energía de 600 VA,1705.72,92,1,2026-06-26 14:15:00,2026-07-30 23:45:00
4040,P04040,Amazon Basics Cable HDMI 2m paquete individual,Cable HDMI de alta velocidad de 2 metros,224.31,121,1,2026-02-02 10:15:00,2026-02-18 10:15:00
4041,P04041,Staedtler Lápiz Noris HB paquete individual,Lápiz de grafito HB,14.81,101,0,2026-03-06 08:15:00,2026-03-13 16:15:00
4042,P04042,Sharpie Marcador permanente color azul,Marcador permanente de punta fina,38.85,8,1,2026-03-30 18:00:00,2026-04-07 04:30:00
4043,P04043,Pedigree Adulto 2kg paquete individual,Alimento seco para perros adultos,151.8,123,1,2026-04-13 17:45:00,2026-05-06 03:30:00
4044,P04044,JBL Tune 510BT paquete individual,Audífonos inalámbricos Bluetooth,936.15,71,1,2026-01-21 19:15:00,2026-02-26 00:00:00
4045,P04045,Pilot G2 edición especial,Bolígrafo de gel de tinta negra,41.84,145,1,2026-06-06 10:15:00,2026-07-17 12:00:00
4046,P04046,Tramontina Juego de cuchillos 6 piezas paquete con 2 piezas,Set de cuchillos para cocina,765.14,113,1,2026-04-15 10:15:00,2026-05-05 22:30:00
4047,P04047,JBL Go 4 versión estándar,Bocina portátil Bluetooth,1106.02,33,1,2026-09-01 14:00:00,2026-09-27 00:30:00
4048,P04048,JBL Go 4 color negro,Bocina portátil Bluetooth,1106.95,25,0,2026-01-18 13:00:00,2026-02-10 14:00:00
4049,P04049,Logitech Teclado K120 color negro,Teclado alámbrico USB de tamaño completo,333.03,115,1,2026-04-01 16:45:00,2026-04-04 20:45:00
4050,P04050,Colgate Total 12 versión estándar,Pasta dental de protección integral,62.18,143,0,2026-04-18 12:30:00,2026-05-15 20:00:00
4051,P04051,Logitech Mouse M185 edición especial,Mouse inalámbrico compacto con receptor USB,368.2,7,1,2026-06-18 13:00:00,2026-07-05 00:00:00
4052,P04052,Tramontina Juego de cuchillos 6 piezas presentación familiar,Set de cuchillos para cocina,729.27,135,1,2026-02-19 11:15:00,2026-03-29 11:15:00
4053,P04053,BIC Bolígrafo Cristal paquete con 2 piezas,Bolígrafo de tinta azul,13.36,1,1,2026-03-08 08:15:00,2026-04-10 11:30:00
4054,P04054,Sharpie Marcador permanente edición especial,Marcador permanente de punta fina,34.03,129,1,2026-08-08 09:15:00,2026-09-02 16:30:00
4055,P04055,APC Back-UPS 600VA edición especial,Sistema de respaldo de energía de 600 VA,1726.5,52,1,2026-06-06 17:45:00,2026-06-24 19:45:00
4056,P04056,Nike Revolution 7 paquete con 2 piezas,Tenis deportivos para entrenamiento,1708.6,109,1,2026-08-30 12:45:00,2026-09-10 21:45:00
4057,P04057,Ninja Air Fryer 4L modelo 2026,Freidora de aire de 4 litros,1959.43,134,1,2026-03-26 14:30:00,2026-03-31 19:45:00
4058,P04058,Staedtler Lápiz Noris HB presentación familiar,Lápiz de grafito HB,15.23,118,1,2026-03-21 17:15:00,2026-04-20 20:30:00
4059,P04059,Rubbermaid Contenedor 10L color negro,Contenedor plástico para almacenamiento,196.4,145,0,2026-03-25 10:00:00,2026-04-11 14:00:00
4060,P04060,TP-Link Archer C6 color azul,Router inalámbrico Gigabit AC1200,982.73,32,0,2026-06-04 13:30:00,2026-07-09 16:30:00
4061,P04061,Hamilton Beach Cafetera 12 tazas color rojo,Cafetera programable de 12 tazas,835.2,95,1,2026-08-31 17:30:00,2026-09-11 17:30:00
4062,P04062,Vasconia Cacerola 24cm color azul,Cacerola de aluminio con tapa,507.11,59,1,2026-05-09 16:15:00,2026-05-11 23:00:00
4063,P04063,Bosch Bujía de encendido versión estándar,Bujía para motor de gasolina,120.15,7,1,2026-02-28 11:30:00,2026-03-29 17:45:00
4064,P04064,LG Monitor 24MP400-B presentación familiar,Monitor LED Full HD de 24 pulgadas,3199.41,68,0,2026-07-27 12:45:00,2026-09-05 14:00:00
4065,P04065,Amazon Basics Cable HDMI 2m presentación familiar,Cable HDMI de alta velocidad de 2 metros,204.46,92,1,2026-04-13 10:00:00,2026-05-28 17:30:00
4066,P04066,T-fal Juego de sartenes 3 piezas color rojo,Juego de sartenes antiadherentes,1232.5,134,1,2026-05-28 11:00:00,2026-06-16 20:30:00
4067,P04067,HP DeskJet 2875 presentación familiar,Impresora multifuncional inalámbrica,1704.98,99,1,2026-01-10 18:30:00,2026-02-25 01:15:00
4068,P04068,Kingston DataTraveler Exodia 64GB color rojo,Memoria USB 3.2 de 64 GB,138.22,108,1,2026-05-26 17:30:00,2026-07-06 06:15:00
4069,P04069,Colgate Total 12 paquete individual,Pasta dental de protección integral,76.71,56,1,2026-08-31 16:30:00,2026-09-26 04:45:00
4070,P04070,Puma Essentials Hoodie edición especial,Sudadera deportiva con capucha,926.9,112,1,2026-02-16 08:00:00,2026-02-20 12:45:00
4071,P04071,Amazon Basics Cable HDMI 2m color rojo,Cable HDMI de alta velocidad de 2 metros,240.12,87,0,2026-03-18 19:15:00,2026-04-25 03:00:00
4072,P04072,Wilson Pelota de tenis Championship versión estándar,Pelota de tenis para entrenamiento,134.79,17,1,2026-07-18 13:15:00,2026-07-29 02:00:00
4073,P04073,Nivea Crema corporal color negro,Crema hidratante para cuerpo,118.49,26,1,2026-01-04 09:30:00,2026-02-02 21:00:00
4074,P04074,Tefal Plancha Ultragliss paquete con 2 piezas,Plancha de vapor para ropa,1319.64,99,1,2026-09-11 16:30:00,2026-09-24 03:45:00
4075,P04075,Rubbermaid Contenedor 10L edición especial,Contenedor plástico para almacenamiento,179.92,79,1,2026-08-16 11:45:00,2026-08-25 14:15:00
4076,P04076,Whiskas Adulto 1.5kg color azul,Alimento seco para gatos adultos,139.85,133,0,2026-07-10 08:15:00,2026-07-23 11:15:00
4077,P04077,Avery Etiquetas adhesivas color negro,Paquete de etiquetas autoadhesivas,130.73,143,1,2026-02-08 11:30:00,2026-03-08 17:45:00
4078,P04078,T-fal Juego de sartenes 3 piezas color rojo,Juego de sartenes antiadherentes,1240.8,97,1,2026-03-31 12:00:00,2026-04-18 20:30:00
4079,P04079,Castrol GTX 5W-30 1L edición especial,Aceite para motor de automóvil,172.37,3,0,2026-04-22 14:00:00,2026-05-16 15:30:00
4080,P04080,UGREEN Adaptador USB-C versión estándar,Adaptador USB-C a USB 3.0,240.71,87,1,2026-05-28 19:00:00,2026-06-08 04:30:00
4081,P04081,Adidas Runfalcon 5 color rojo,Calzado deportivo para correr,1453.07,146,0,2026-05-10 14:00:00,2026-05-12 20:45:00
4082,P04082,HP DeskJet 2875 color azul,Impresora multifuncional inalámbrica,1968.5,73,1,2026-04-22 13:15:00,2026-04-22 22:45:00
4083,P04083,SanDisk Ultra microSD 128GB paquete individual,Tarjeta microSD de 128 GB,307.72,110,1,2026-04-08 11:00:00,2026-04-20 14:45:00
4084,P04084,Bosch Bujía de encendido color negro,Bujía para motor de gasolina,121.12,3,1,2026-04-06 17:45:00,2026-04-22 05:30:00
4085,P04085,Scribe Cuaderno profesional paquete con 2 piezas,Cuaderno de hojas rayadas,80.53,109,1,2026-03-03 13:45:00,2026-03-29 21:15:00
4086,P04086,Koblenz Aspiradora WD-2,Aspiradora para limpieza doméstica,1675.59,21,1,2026-02-09 10:30:00,2026-02-17 14:00:00
4087,P04087,Vasconia Cacerola 24cm color rojo,Cacerola de aluminio con tapa,480.93,107,1,2026-08-29 19:45:00,2026-09-13 22:00:00
4088,P04088,Tramontina Sartén 24cm color negro,Sartén antiadherente de 24 centímetros,555.95,88,1,2026-06-13 16:00:00,2026-07-10 02:15:00
4089,P04089,Logitech Mouse G203 modelo 2026,Mouse para gaming con sensor óptico,725.94,86,1,2026-05-11 18:15:00,2026-06-21 23:15:00
4090,P04090,Sterilite Caja organizadora 40L paquete individual,Caja plástica con tapa para almacenamiento,347.02,106,1,2026-04-26 16:45:00,2026-06-08 20:30:00
4091,P04091,Logitech Webcam C920s paquete con 2 piezas,Cámara web Full HD con micrófono estéreo,1350.76,4,1,2026-01-03 17:00:00,2026-02-02 19:15:00
4092,P04092,Samsung Monitor T350 24 pulgadas color azul,Monitor Full HD de 24 pulgadas con panel IPS,3004.43,135,1,2026-06-11 17:00:00,2026-06-19 19:15:00
4093,P04093,Tramontina Juego de cuchillos 6 piezas paquete con 2 piezas,Set de cuchillos para cocina,831.89,73,1,2026-08-23 15:00:00,2026-09-09 01:45:00
4094,P04094,UGREEN Adaptador USB-C presentación familiar,Adaptador USB-C a USB 3.0,230.72,125,1,2026-08-20 19:00:00,2026-08-26 04:00:00
4095,P04095,UGREEN Adaptador USB-C,Adaptador USB-C a USB 3.0,232.99,20,1,2026-08-02 11:45:00,2026-08-27 19:30:00
4096,P04096,Adidas Runfalcon 5 color rojo,Calzado deportivo para correr,1526.54,123,0,2026-07-07 08:00:00,2026-08-07 17:30:00
4097,P04097,Bosch Bujía de encendido,Bujía para motor de gasolina,125.85,97,1,2026-07-09 10:30:00,2026-07-12 11:45:00
4098,P04098,LG Monitor 24MP400-B presentación familiar,Monitor LED Full HD de 24 pulgadas,3181.41,33,0,2026-05-14 15:45:00,2026-06-04 17:30:00
4099,P04099,Kingston Fury Beast 8GB color azul,Memoria RAM DDR4 de 8 GB,555.79,9,0,2026-07-20 18:45:00,2026-08-04 23:00:00
4100,P04100,Post-it Notas adhesivas 76x76mm,Bloc de notas adhesivas amarillas,74.61,51,1,2026-05-13 13:30:00,2026-05-17 19:15:00
4101,P04101,LG Monitor 24MP400-B paquete con 2 piezas,Monitor LED Full HD de 24 pulgadas,2962.43,46,1,2026-02-18 12:45:00,2026-03-22 15:45:00
4102,P04102,Dove Jabón corporal color negro,Jabón corporal de uso diario,44.41,71,1,2026-07-21 14:30:00,2026-08-03 00:30:00
4103,P04103,Tefal Plancha Ultragliss modelo 2026,Plancha de vapor para ropa,1211.41,70,1,2026-05-19 14:15:00,2026-06-10 16:15:00
4104,P04104,Kong Classic M versión estándar,Juguete resistente para perros,318.86,82,1,2026-04-29 13:15:00,2026-05-20 20:00:00
4105,P04105,APC Back-UPS 600VA presentación familiar,Sistema de respaldo de energía de 600 VA,1810.48,124,1,2026-07-09 17:15:00,2026-07-30 18:15:00
4106,P04106,Wilson Pelota de tenis Championship color negro,Pelota de tenis para entrenamiento,127.8,97,1,2026-07-21 10:15:00,2026-08-11 10:15:00
4107,P04107,Colgate Total 12,Pasta dental de protección integral,71.76,18,1,2026-07-05 15:00:00,2026-07-28 18:30:00
4108,P04108,Sharpie Marcador permanente versión estándar,Marcador permanente de punta fina,36.45,73,1,2026-04-02 19:45:00,2026-04-06 23:00:00
4109,P04109,Logitech Webcam C920s color rojo,Cámara web Full HD con micrófono estéreo,1359.74,94,1,2026-03-06 10:15:00,2026-03-09 16:15:00
4110,P04110,Kingston DataTraveler Exodia 64GB edición especial,Memoria USB 3.2 de 64 GB,137.66,84,1,2026-01-13 14:15:00,2026-01-14 17:00:00
4111,P04111,Logitech Mouse G203,Mouse para gaming con sensor óptico,680.95,37,1,2026-05-25 15:30:00,2026-06-23 01:15:00
4112,P04112,Kingston DataTraveler Exodia 64GB versión estándar,Memoria USB 3.2 de 64 GB,132.34,67,1,2026-04-07 15:30:00,2026-04-24 19:45:00
4113,P04113,Gillette Mach3 paquete individual,Rastrillo para afeitar con tres hojas,203.69,127,1,2026-02-27 16:00:00,2026-03-31 01:30:00
4114,P04114,APC Back-UPS 600VA presentación familiar,Sistema de respaldo de energía de 600 VA,1637.02,100,1,2026-06-13 15:45:00,2026-07-29 02:30:00
4115,P04115,Michelin Energy XM2+ presentación familiar,Neumático para automóvil,1918.15,98,1,2026-07-14 09:30:00,2026-07-30 21:15:00
4116,P04116,Kingston DataTraveler Exodia 64GB color azul,Memoria USB 3.2 de 64 GB,149.65,127,0,2026-01-18 09:30:00,2026-01-24 20:15:00
4117,P04117,Philips Hervidor HD9350,Hervidor eléctrico de acero inoxidable,999.99,49,1,2026-06-08 15:15:00,2026-07-04 18:45:00
4118,P04118,Tefal Plancha Ultragliss modelo 2026,Plancha de vapor para ropa,1267.68,41,1,2026-09-04 17:30:00,2026-09-29 19:15:00
4119,P04119,Logitech Teclado K120 versión estándar,Teclado alámbrico USB de tamaño completo,366.5,50,1,2026-06-17 10:00:00,2026-07-16 14:45:00
4120,P04120,Sharpie Marcador permanente paquete con 2 piezas,Marcador permanente de punta fina,31.79,46,1,2026-03-06 13:45:00,2026-03-08 15:00:00
4121,P04121,JBL Go 4 presentación familiar,Bocina portátil Bluetooth,1153.65,140,1,2026-01-07 19:30:00,2026-02-16 22:30:00
4122,P04122,Amazon Basics Cable HDMI 2m edición especial,Cable HDMI de alta velocidad de 2 metros,206.08,121,1,2026-01-09 11:00:00,2026-02-05 12:00:00
4123,P04123,Logitech Mouse G203 paquete individual,Mouse para gaming con sensor óptico,704.1,23,0,2026-01-09 09:30:00,2026-02-11 18:00:00
4124,P04124,APC Back-UPS 600VA presentación familiar,Sistema de respaldo de energía de 600 VA,1534.13,11,1,2026-04-27 13:00:00,2026-06-02 18:00:00
4125,P04125,SanDisk Ultra microSD 128GB,Tarjeta microSD de 128 GB,277.62,131,1,2026-07-15 16:15:00,2026-07-22 18:45:00
4126,P04126,Dove Jabón corporal presentación familiar,Jabón corporal de uso diario,54.32,141,1,2026-08-08 10:00:00,2026-08-16 21:30:00
4127,P04127,Philips Hervidor HD9350 edición especial,Hervidor eléctrico de acero inoxidable,1014.54,38,1,2026-08-27 17:15:00,2026-10-01 05:45:00
4128,P04128,Michelin Energy XM2+,Neumático para automóvil,1782.51,8,1,2026-02-16 13:45:00,2026-03-20 18:00:00
4129,P04129,Sharpie Marcador permanente presentación familiar,Marcador permanente de punta fina,37.48,141,1,2026-06-06 10:00:00,2026-06-26 17:30:00
4130,P04130,Michelin Energy XM2+ versión estándar,Neumático para automóvil,2081.48,142,1,2026-08-12 19:30:00,2026-08-18 07:15:00
4131,P04131,Scotch-Brite Esponjas multiusos versión estándar,Paquete de esponjas para limpieza doméstica,90.07,42,1,2026-04-30 18:45:00,2026-05-23 23:00:00
4132,P04132,Nike Revolution 7 presentación familiar,Tenis deportivos para entrenamiento,1684.71,111,1,2026-05-01 10:00:00,2026-05-28 10:30:00
4133,P04133,Pilot G2 paquete con 2 piezas,Bolígrafo de gel de tinta negra,38.06,57,1,2026-04-06 17:15:00,2026-04-25 19:45:00
4134,P04134,Sharpie Marcador permanente modelo 2026,Marcador permanente de punta fina,37.09,92,1,2026-05-11 14:45:00,2026-05-26 21:00:00
4135,P04135,Logitech Mouse G203 versión estándar,Mouse para gaming con sensor óptico,707.17,130,1,2026-07-17 13:00:00,2026-07-25 15:30:00
4136,P04136,Dove Jabón corporal,Jabón corporal de uso diario,53.4,125,1,2026-04-07 13:15:00,2026-04-22 01:30:00
4137,P04137,Colgate Total 12 color azul,Pasta dental de protección integral,74.59,69,1,2026-08-07 16:00:00,2026-08-27 02:00:00
4138,P04138,Whiskas Adulto 1.5kg color rojo,Alimento seco para gatos adultos,152.68,81,1,2026-05-30 11:15:00,2026-07-05 23:15:00
4139,P04139,Tramontina Sartén 24cm edición especial,Sartén antiadherente de 24 centímetros,496.8,90,1,2026-08-02 17:45:00,2026-09-15 02:45:00
4140,P04140,UGREEN Adaptador USB-C color negro,Adaptador USB-C a USB 3.0,243.19,125,0,2026-07-19 15:15:00,2026-08-18 01:00:00
4141,P04141,Logitech Mouse M185 versión estándar,Mouse inalámbrico compacto con receptor USB,330.39,83,0,2026-05-17 13:30:00,2026-05-20 17:45:00
4142,P04142,Gillette Mach3 modelo 2026,Rastrillo para afeitar con tres hojas,199.69,17,1,2026-02-14 12:30:00,2026-02-28 19:45:00
4143,P04143,Pilot G2 presentación familiar,Bolígrafo de gel de tinta negra,37.42,116,1,2026-05-11 08:45:00,2026-05-29 08:45:00
4144,P04144,Ninja Air Fryer 4L color rojo,Freidora de aire de 4 litros,1841.79,125,1,2026-01-15 15:30:00,2026-01-23 17:15:00
4145,P04145,Pilot G2 edición especial,Bolígrafo de gel de tinta negra,38.8,53,1,2026-05-15 11:45:00,2026-06-24 20:45:00
4146,P04146,Rubbermaid Contenedor 10L edición especial,Contenedor plástico para almacenamiento,189.34,131,1,2026-03-07 18:45:00,2026-03-17 22:45:00
4147,P04147,Nivea Crema corporal paquete con 2 piezas,Crema hidratante para cuerpo,114.82,122,1,2026-06-20 19:45:00,2026-06-26 22:00:00
4148,P04148,Kingston DataTraveler Exodia 64GB modelo 2026,Memoria USB 3.2 de 64 GB,133.65,104,0,2026-03-25 11:30:00,2026-04-02 14:30:00
4149,P04149,JBL Go 4 modelo 2026,Bocina portátil Bluetooth,1157.19,88,0,2026-05-21 18:30:00,2026-06-30 22:00:00
4150,P04150,Logitech Mouse G203 paquete con 2 piezas,Mouse para gaming con sensor óptico,727.22,111,1,2026-05-16 17:30:00,2026-06-30 22:00:00
4151,P04151,Everlast Guantes de boxeo 12 oz versión estándar,Guantes de boxeo para entrenamiento,656.45,38,0,2026-07-21 10:30:00,2026-08-06 22:15:00
4152,P04152,Amazon Basics Cable HDMI 2m modelo 2026,Cable HDMI de alta velocidad de 2 metros,237.64,49,1,2026-05-31 17:00:00,2026-06-15 05:15:00
4153,P04153,Avery Etiquetas adhesivas color azul,Paquete de etiquetas autoadhesivas,132.83,72,1,2026-03-18 19:45:00,2026-04-19 22:00:00
4154,P04154,Castrol GTX 5W-30 1L versión estándar,Aceite para motor de automóvil,168.33,140,1,2026-03-09 18:45:00,2026-03-12 01:45:00
4155,P04155,T-fal Juego de sartenes 3 piezas edición especial,Juego de sartenes antiadherentes,1222.45,55,1,2026-01-02 16:45:00,2026-02-08 01:30:00
4156,P04156,Castrol GTX 5W-30 1L modelo 2026,Aceite para motor de automóvil,166.21,28,1,2026-06-03 19:00:00,2026-07-14 02:45:00
4157,P04157,Hamilton Beach Cafetera 12 tazas color azul,Cafetera programable de 12 tazas,725.29,21,0,2026-07-06 09:00:00,2026-07-14 11:30:00
4158,P04158,Hamilton Beach Cafetera 12 tazas color rojo,Cafetera programable de 12 tazas,873.85,49,1,2026-06-14 17:00:00,2026-07-07 20:30:00
4159,P04159,Black+Decker Tostador 2 rebanadas,Tostador eléctrico de dos ranuras,477.42,8,0,2026-05-09 12:45:00,2026-05-19 16:15:00
4160,P04160,Pedigree Adulto 2kg paquete individual,Alimento seco para perros adultos,154.97,8,1,2026-03-29 16:00:00,2026-04-26 17:00:00
4161,P04161,APC Back-UPS 600VA paquete con 2 piezas,Sistema de respaldo de energía de 600 VA,1661.36,76,1,2026-09-12 18:45:00,2026-10-15 06:45:00
4162,P04162,Adidas Runfalcon 5 color negro,Calzado deportivo para correr,1528.55,80,1,2026-08-17 13:15:00,2026-08-24 20:15:00
4163,P04163,Scotch-Brite Esponjas multiusos versión estándar,Paquete de esponjas para limpieza doméstica,90.16,39,1,2026-08-06 10:30:00,2026-08-10 23:00:00
4164,P04164,Black+Decker Tostador 2 rebanadas,Tostador eléctrico de dos ranuras,529.87,67,1,2026-01-31 12:00:00,2026-02-13 23:45:00
4165,P04165,Koblenz Aspiradora WD-2,Aspiradora para limpieza doméstica,1563.59,89,0,2026-07-31 16:45:00,2026-09-14 02:15:00
4166,P04166,BIC Bolígrafo Cristal color azul,Bolígrafo de tinta azul,11.34,70,0,2026-07-22 10:45:00,2026-09-01 12:15:00
4167,P04167,Bosch Bujía de encendido versión estándar,Bujía para motor de gasolina,123.06,115,1,2026-07-01 08:30:00,2026-08-08 10:45:00
4168,P04168,HP DeskJet 2875 modelo 2026,Impresora multifuncional inalámbrica,1974.37,98,1,2026-07-28 16:00:00,2026-08-02 22:15:00
4169,P04169,TP-Link Archer C6 color negro,Router inalámbrico Gigabit AC1200,952.11,45,1,2026-07-12 14:00:00,2026-07-15 22:30:00
4170,P04170,Pilot G2 paquete con 2 piezas,Bolígrafo de gel de tinta negra,38.53,44,1,2026-04-16 14:45:00,2026-05-10 19:30:00
4171,P04171,Logitech Teclado K120 edición especial,Teclado alámbrico USB de tamaño completo,331.85,21,1,2026-04-30 12:00:00,2026-05-24 12:15:00
4172,P04172,Colgate Total 12 color negro,Pasta dental de protección integral,63.15,55,0,2026-01-04 16:00:00,2026-01-10 00:00:00
4173,P04173,Rubbermaid Contenedor 10L presentación familiar,Contenedor plástico para almacenamiento,186.97,136,0,2026-02-16 17:15:00,2026-02-28 05:15:00
4174,P04174,Puma Essentials Hoodie paquete con 2 piezas,Sudadera deportiva con capucha,1105.17,37,1,2026-02-20 19:00:00,2026-02-27 01:00:00
4175,P04175,Amazon Basics Cable HDMI 2m versión estándar,Cable HDMI de alta velocidad de 2 metros,209.34,30,0,2026-08-26 10:00:00,2026-08-29 16:45:00
4176,P04176,Samsung Monitor T350 24 pulgadas modelo 2026,Monitor Full HD de 24 pulgadas con panel IPS,2573.11,149,1,2026-08-31 15:45:00,2026-09-10 17:30:00
4177,P04177,Gillette Mach3 edición especial,Rastrillo para afeitar con tres hojas,189.49,92,1,2026-06-04 16:45:00,2026-06-07 16:45:00
4178,P04178,Gillette Mach3 paquete individual,Rastrillo para afeitar con tres hojas,188.82,59,1,2026-09-10 19:00:00,2026-09-19 04:30:00
4179,P04179,Wilson Pelota de tenis Championship color negro,Pelota de tenis para entrenamiento,137.37,28,1,2026-03-02 12:00:00,2026-03-31 20:30:00
4180,P04180,Post-it Notas adhesivas 76x76mm,Bloc de notas adhesivas amarillas,75.4,142,1,2026-04-13 18:00:00,2026-05-10 06:30:00
4181,P04181,Kingston NV2 1TB color negro,Unidad SSD NVMe M.2 de 1 TB,1454.29,67,1,2026-09-04 15:30:00,2026-10-19 23:15:00
4182,P04182,Logitech Mouse M185 presentación familiar,Mouse inalámbrico compacto con receptor USB,341.95,91,1,2026-02-26 18:15:00,2026-04-02 02:15:00
4183,P04183,Avery Etiquetas adhesivas modelo 2026,Paquete de etiquetas autoadhesivas,117.87,87,1,2026-08-12 11:45:00,2026-09-24 21:00:00
4184,P04184,Staedtler Lápiz Noris HB color azul,Lápiz de grafito HB,15.33,116,1,2026-02-10 18:45:00,2026-02-20 00:45:00
4185,P04185,Spalding TF-1000 presentación familiar,Balón de basquetbol para interiores,824.25,137,0,2026-05-14 18:30:00,2026-06-21 03:30:00
4186,P04186,Logitech Webcam C920s versión estándar,Cámara web Full HD con micrófono estéreo,1556.42,29,1,2026-08-07 17:30:00,2026-08-15 23:45:00
4187,P04187,Wilson Pelota de tenis Championship modelo 2026,Pelota de tenis para entrenamiento,119.47,104,1,2026-05-06 08:30:00,2026-06-04 18:00:00
4188,P04188,JBL Go 4 versión estándar,Bocina portátil Bluetooth,1004.71,64,1,2026-05-15 15:30:00,2026-06-05 00:30:00
4189,P04189,Spalding TF-1000 versión estándar,Balón de basquetbol para interiores,795.51,12,0,2026-03-30 17:00:00,2026-04-09 20:15:00
4190,P04190,Whiskas Adulto 1.5kg color rojo,Alimento seco para gatos adultos,145.46,109,1,2026-02-21 18:15:00,2026-03-01 06:15:00
4191,P04191,Kingston DataTraveler Exodia 64GB color rojo,Memoria USB 3.2 de 64 GB,133.48,128,0,2026-07-08 12:30:00,2026-08-22 14:00:00
4192,P04192,Scotch-Brite Esponjas multiusos color negro,Paquete de esponjas para limpieza doméstica,96.06,146,1,2026-03-12 10:00:00,2026-04-07 22:30:00
4193,P04193,Ninja Air Fryer 4L color negro,Freidora de aire de 4 litros,1979.68,78,1,2026-03-31 14:15:00,2026-04-08 02:30:00
4194,P04194,Gillette Mach3 color azul,Rastrillo para afeitar con tres hojas,177.65,51,1,2026-01-25 15:00:00,2026-02-08 00:15:00
4195,P04195,Logitech Mouse M185 edición especial,Mouse inalámbrico compacto con receptor USB,377.9,100,1,2026-05-29 08:00:00,2026-07-12 16:00:00
4196,P04196,Puma Essentials Hoodie paquete individual,Sudadera deportiva con capucha,1102.24,42,0,2026-07-06 14:15:00,2026-07-31 17:00:00
4197,P04197,Rubbermaid Contenedor 10L color azul,Contenedor plástico para almacenamiento,180.75,106,1,2026-02-25 08:45:00,2026-04-01 20:00:00
4198,P04198,UGREEN Adaptador USB-C paquete con 2 piezas,Adaptador USB-C a USB 3.0,277.0,109,1,2026-02-28 13:15:00,2026-04-13 00:45:00
4199,P04199,Tefal Plancha Ultragliss versión estándar,Plancha de vapor para ropa,1165.25,89,0,2026-03-02 09:45:00,2026-03-27 14:45:00
4200,P04200,Nivea Crema corporal modelo 2026,Crema hidratante para cuerpo,123.47,119,1,2026-08-15 13:00:00,2026-09-09 21:45:00
4201,P04201,Samsung Monitor T350 24 pulgadas edición especial,Monitor Full HD de 24 pulgadas con panel IPS,3002.86,28,1,2026-02-14 15:15:00,2026-03-26 16:00:00
4202,P04202,Adidas Runfalcon 5,Calzado deportivo para correr,1311.54,37,1,2026-06-13 10:00:00,2026-07-15 18:45:00
4203,P04203,JBL Go 4 paquete individual,Bocina portátil Bluetooth,1064.91,149,1,2026-02-27 19:45:00,2026-04-14 03:15:00
4204,P04204,Hamilton Beach Cafetera 12 tazas paquete individual,Cafetera programable de 12 tazas,729.2,145,1,2026-02-05 19:00:00,2026-03-10 20:00:00
4205,P04205,Dove Jabón corporal color azul,Jabón corporal de uso diario,53.72,83,1,2026-08-08 11:15:00,2026-09-19 20:15:00
4206,P04206,HP DeskJet 2875 edición especial,Impresora multifuncional inalámbrica,1829.57,3,0,2026-02-17 10:30:00,2026-03-04 17:00:00
4207,P04207,Michelin Energy XM2+ color negro,Neumático para automóvil,1922.91,64,1,2026-03-29 19:45:00,2026-04-06 08:15:00
4208,P04208,Ninja Air Fryer 4L versión estándar,Freidora de aire de 4 litros,1964.37,125,0,2026-05-16 14:45:00,2026-06-08 23:00:00
4209,P04209,Samsung Monitor T350 24 pulgadas presentación familiar,Monitor Full HD de 24 pulgadas con panel IPS,2684.01,134,1,2026-05-21 10:15:00,2026-05-27 14:30:00
4210,P04210,UGREEN Adaptador USB-C modelo 2026,Adaptador USB-C a USB 3.0,246.38,57,1,2026-02-08 16:15:00,2026-03-17 01:15:00
4211,P04211,LG Monitor 24MP400-B edición especial,Monitor LED Full HD de 24 pulgadas,3115.72,14,1,2026-02-24 08:30:00,2026-03-02 08:45:00
4212,P04212,Kingston DataTraveler Exodia 64GB,Memoria USB 3.2 de 64 GB,141.14,29,1,2026-04-17 18:45:00,2026-05-04 06:30:00
4213,P04213,Everlast Guantes de boxeo 12 oz versión estándar,Guantes de boxeo para entrenamiento,729.08,113,1,2026-03-25 13:45:00,2026-05-04 13:45:00
4214,P04214,Logitech Webcam C920s modelo 2026,Cámara web Full HD con micrófono estéreo,1555.28,113,0,2026-01-30 08:00:00,2026-02-27 15:30:00
4215,P04215,Adidas Runfalcon 5 versión estándar,Calzado deportivo para correr,1525.18,131,1,2026-07-16 14:30:00,2026-08-20 17:15:00
4216,P04216,Everlast Guantes de boxeo 12 oz paquete con 2 piezas,Guantes de boxeo para entrenamiento,693.65,114,1,2026-07-10 10:00:00,2026-07-31 20:45:00
4217,P04217,SanDisk Ultra microSD 128GB color negro,Tarjeta microSD de 128 GB,294.43,142,1,2026-01-09 09:00:00,2026-01-13 18:45:00
4218,P04218,Bosch Bujía de encendido versión estándar,Bujía para motor de gasolina,139.11,84,1,2026-04-15 13:15:00,2026-05-10 01:30:00
4219,P04219,SanDisk Ultra microSD 128GB edición especial,Tarjeta microSD de 128 GB,334.59,95,1,2026-06-18 12:00:00,2026-07-04 13:15:00
4220,P04220,Staedtler Lápiz Noris HB paquete individual,Lápiz de grafito HB,16.66,80,1,2026-01-08 08:15:00,2026-02-02 14:30:00
4221,P04221,Puma Essentials Hoodie versión estándar,Sudadera deportiva con capucha,1010.82,112,1,2026-04-03 12:00:00,2026-04-04 19:30:00
4222,P04222,Logitech Webcam C920s edición especial,Cámara web Full HD con micrófono estéreo,1503.56,79,0,2026-09-07 17:30:00,2026-10-02 01:45:00
4223,P04223,Rubbermaid Contenedor 10L color rojo,Contenedor plástico para almacenamiento,180.49,37,1,2026-02-16 14:00:00,2026-03-06 18:30:00
4224,P04224,APC Back-UPS 600VA color negro,Sistema de respaldo de energía de 600 VA,1641.44,34,0,2026-06-18 10:15:00,2026-07-07 20:30:00
4225,P04225,Bosch Bujía de encendido,Bujía para motor de gasolina,116.52,13,0,2026-09-04 12:00:00,2026-10-10 16:45:00
4226,P04226,Samsung Monitor T350 24 pulgadas modelo 2026,Monitor Full HD de 24 pulgadas con panel IPS,2958.52,71,1,2026-01-09 11:00:00,2026-02-19 11:15:00
4227,P04227,Everlast Guantes de boxeo 12 oz paquete con 2 piezas,Guantes de boxeo para entrenamiento,687.24,121,1,2026-06-17 13:30:00,2026-07-18 17:00:00
4228,P04228,Spalding TF-1000 modelo 2026,Balón de basquetbol para interiores,825.03,34,1,2026-02-03 13:45:00,2026-03-13 23:45:00
4229,P04229,Logitech Mouse G203 paquete con 2 piezas,Mouse para gaming con sensor óptico,684.13,107,1,2026-07-12 12:00:00,2026-07-29 00:45:00
4230,P04230,Tefal Plancha Ultragliss edición especial,Plancha de vapor para ropa,1303.45,78,1,2026-01-19 09:30:00,2026-02-12 14:00:00
4231,P04231,Cinsa Olla de presión 6L edición especial,Olla de presión de aluminio de 6 litros,907.18,54,1,2026-02-09 17:45:00,2026-03-04 18:30:00
4232,P04232,Black+Decker Tostador 2 rebanadas,Tostador eléctrico de dos ranuras,533.91,70,1,2026-09-12 16:00:00,2026-09-15 22:00:00
4233,P04233,Logitech Teclado K120 paquete con 2 piezas,Teclado alámbrico USB de tamaño completo,362.52,77,1,2026-04-09 13:15:00,2026-04-29 20:00:00
4234,P04234,Michelin Energy XM2+ paquete con 2 piezas,Neumático para automóvil,1933.38,62,1,2026-01-20 09:30:00,2026-03-02 09:30:00
4235,P04235,Post-it Notas adhesivas 76x76mm color negro,Bloc de notas adhesivas amarillas,72.57,148,1,2026-09-13 12:30:00,2026-10-17 23:15:00
4236,P04236,Wilson Pelota de tenis Championship versión estándar,Pelota de tenis para entrenamiento,127.96,101,1,2026-08-08 16:45:00,2026-09-12 21:00:00
4237,P04237,Black+Decker Tostador 2 rebanadas paquete con 2 piezas,Tostador eléctrico de dos ranuras,507.56,135,1,2026-03-30 13:00:00,2026-05-14 19:45:00
4238,P04238,Logitech Mouse M185 paquete individual,Mouse inalámbrico compacto con receptor USB,376.57,23,1,2026-01-10 08:00:00,2026-01-16 20:45:00
4239,P04239,JBL Go 4 edición especial,Bocina portátil Bluetooth,1215.14,35,1,2026-06-19 09:30:00,2026-07-21 09:45:00
4240,P04240,Michelin Energy XM2+ paquete con 2 piezas,Neumático para automóvil,1943.8,150,1,2026-06-04 18:00:00,2026-07-07 01:45:00
4241,P04241,Ninja Air Fryer 4L edición especial,Freidora de aire de 4 litros,1951.67,57,1,2026-08-23 17:30:00,2026-09-23 04:00:00
4242,P04242,Scotch-Brite Esponjas multiusos modelo 2026,Paquete de esponjas para limpieza doméstica,83.38,108,0,2026-07-27 19:15:00,2026-08-22 23:15:00
4243,P04243,Scribe Cuaderno profesional versión estándar,Cuaderno de hojas rayadas,94.33,16,1,2026-02-24 14:00:00,2026-04-05 21:45:00
4244,P04244,Castrol GTX 5W-30 1L color negro,Aceite para motor de automóvil,169.99,44,1,2026-07-13 13:00:00,2026-08-13 13:30:00
4245,P04245,Nike Revolution 7 edición especial,Tenis deportivos para entrenamiento,1584.75,42,1,2026-05-02 18:45:00,2026-05-15 18:45:00
4246,P04246,BIC Bolígrafo Cristal versión estándar,Bolígrafo de tinta azul,12.21,12,1,2026-01-26 08:00:00,2026-02-08 10:45:00
4247,P04247,Post-it Notas adhesivas 76x76mm color azul,Bloc de notas adhesivas amarillas,72.54,83,1,2026-06-01 10:15:00,2026-06-20 17:00:00
4248,P04248,APC Back-UPS 600VA paquete individual,Sistema de respaldo de energía de 600 VA,1783.7,68,0,2026-08-19 11:45:00,2026-08-24 17:45:00
4249,P04249,Rubbermaid Contenedor 10L paquete individual,Contenedor plástico para almacenamiento,211.04,93,1,2026-09-02 16:15:00,2026-09-06 17:15:00
4250,P04250,Gillette Mach3 paquete con 2 piezas,Rastrillo para afeitar con tres hojas,209.83,112,0,2026-05-20 18:45:00,2026-07-04 06:00:00
4251,P04251,Tefal Plancha Ultragliss modelo 2026,Plancha de vapor para ropa,1292.46,25,1,2026-02-08 09:30:00,2026-03-24 09:45:00
4252,P04252,Ninja Air Fryer 4L edición especial,Freidora de aire de 4 litros,1844.28,57,1,2026-08-04 19:15:00,2026-08-11 03:45:00
4253,P04253,JBL Tune 510BT,Audífonos inalámbricos Bluetooth,862.88,145,0,2026-04-19 12:45:00,2026-05-21 20:00:00
4254,P04254,Hamilton Beach Cafetera 12 tazas modelo 2026,Cafetera programable de 12 tazas,722.93,65,1,2026-05-26 10:30:00,2026-06-06 15:45:00
4255,P04255,Kingston NV2 1TB color azul,Unidad SSD NVMe M.2 de 1 TB,1347.52,35,0,2026-05-04 12:45:00,2026-06-15 01:15:00
4256,P04256,Philips Hervidor HD9350 modelo 2026,Hervidor eléctrico de acero inoxidable,1024.49,52,1,2026-02-22 17:30:00,2026-03-20 04:45:00
4257,P04257,Nivea Crema corporal edición especial,Crema hidratante para cuerpo,111.31,28,1,2026-05-15 15:45:00,2026-05-17 22:00:00
4258,P04258,Kong Classic M paquete con 2 piezas,Juguete resistente para perros,372.84,67,1,2026-05-21 19:15:00,2026-05-29 07:30:00
4259,P04259,BIC Bolígrafo Cristal paquete con 2 piezas,Bolígrafo de tinta azul,10.84,17,1,2026-06-01 11:15:00,2026-06-09 12:00:00
4260,P04260,Philips Hervidor HD9350 color azul,Hervidor eléctrico de acero inoxidable,958.8,43,1,2026-07-06 15:30:00,2026-08-20 16:00:00
4261,P04261,Kingston NV2 1TB modelo 2026,Unidad SSD NVMe M.2 de 1 TB,1506.13,12,1,2026-01-27 16:30:00,2026-03-13 22:15:00
4262,P04262,Pedigree Adulto 2kg,Alimento seco para perros adultos,153.33,78,0,2026-01-25 13:45:00,2026-02-10 21:00:00
4263,P04263,Kingston Fury Beast 8GB color rojo,Memoria RAM DDR4 de 8 GB,543.7,2,1,2026-01-01 15:45:00,2026-01-27 03:00:00
4264,P04264,Hamilton Beach Cafetera 12 tazas modelo 2026,Cafetera programable de 12 tazas,881.81,77,1,2026-01-13 12:00:00,2026-02-12 12:15:00
4265,P04265,Scribe Cuaderno profesional versión estándar,Cuaderno de hojas rayadas,83.56,70,1,2026-01-01 11:30:00,2026-01-30 17:45:00
4266,P04266,Everlast Guantes de boxeo 12 oz edición especial,Guantes de boxeo para entrenamiento,777.59,81,1,2026-07-25 08:15:00,2026-07-25 14:00:00
4267,P04267,Logitech Mouse M185,Mouse inalámbrico compacto con receptor USB,326.12,141,1,2026-05-01 12:30:00,2026-05-06 19:45:00
4268,P04268,BIC Bolígrafo Cristal presentación familiar,Bolígrafo de tinta azul,11.37,83,1,2026-05-28 17:30:00,2026-06-29 01:15:00
4269,P04269,Pyrex Recipiente de vidrio 1L color rojo,Recipiente de vidrio resistente al calor,233.95,119,1,2026-08-04 13:30:00,2026-08-08 15:00:00
4270,P04270,Kingston DataTraveler Exodia 64GB paquete con 2 piezas,Memoria USB 3.2 de 64 GB,132.82,141,1,2026-07-15 08:45:00,2026-07-20 13:00:00
4271,P04271,TP-Link Archer C6 paquete individual,Router inalámbrico Gigabit AC1200,1030.97,134,1,2026-03-25 13:45:00,2026-04-13 00:45:00
4272,P04272,Kingston DataTraveler Exodia 64GB paquete individual,Memoria USB 3.2 de 64 GB,134.35,49,1,2026-03-06 19:15:00,2026-04-12 06:15:00
4273,P04273,Vasconia Cacerola 24cm edición especial,Cacerola de aluminio con tapa,541.61,115,1,2026-04-15 12:00:00,2026-05-15 23:45:00
4274,P04274,T-fal Juego de sartenes 3 piezas paquete individual,Juego de sartenes antiadherentes,1171.61,76,1,2026-03-27 11:00:00,2026-05-09 16:45:00
4275,P04275,Whiskas Adulto 1.5kg paquete individual,Alimento seco para gatos adultos,164.19,24,1,2026-04-24 09:30:00,2026-05-16 18:45:00
4276,P04276,APC Back-UPS 600VA color rojo,Sistema de respaldo de energía de 600 VA,1722.56,58,1,2026-04-18 10:45:00,2026-04-22 10:45:00
4277,P04277,Nivea Crema corporal color negro,Crema hidratante para cuerpo,117.02,74,0,2026-08-12 16:00:00,2026-08-13 00:30:00
4278,P04278,Colgate Total 12 color rojo,Pasta dental de protección integral,71.85,34,1,2026-01-01 19:30:00,2026-01-26 20:30:00
4279,P04279,Hamilton Beach Cafetera 12 tazas color rojo,Cafetera programable de 12 tazas,868.12,141,0,2026-02-05 19:00:00,2026-03-16 04:15:00
4280,P04280,T-fal Juego de sartenes 3 piezas versión estándar,Juego de sartenes antiadherentes,1270.2,72,1,2026-06-04 19:00:00,2026-06-23 06:30:00
4281,P04281,Koblenz Aspiradora WD-2 paquete individual,Aspiradora para limpieza doméstica,1536.71,8,1,2026-02-02 11:45:00,2026-03-11 14:45:00
4282,P04282,Tramontina Juego de cuchillos 6 piezas color negro,Set de cuchillos para cocina,866.04,106,1,2026-02-28 11:45:00,2026-03-27 23:45:00
4283,P04283,Logitech Mouse M185 modelo 2026,Mouse inalámbrico compacto con receptor USB,385.14,13,1,2026-01-02 14:00:00,2026-01-21 14:30:00
4284,P04284,Amazon Basics Cable HDMI 2m,Cable HDMI de alta velocidad de 2 metros,231.72,21,1,2026-04-15 11:45:00,2026-05-03 19:15:00
4285,P04285,Castrol GTX 5W-30 1L color rojo,Aceite para motor de automóvil,162.16,144,1,2026-02-27 08:30:00,2026-03-30 09:30:00
4286,P04286,Pilot G2 color rojo,Bolígrafo de gel de tinta negra,40.81,143,1,2026-06-28 18:00:00,2026-07-21 19:45:00
4287,P04287,Kong Classic M color rojo,Juguete resistente para perros,337.82,18,0,2026-01-22 13:15:00,2026-03-05 00:45:00
4288,P04288,HP DeskJet 2875 color rojo,Impresora multifuncional inalámbrica,1967.05,46,0,2026-08-13 15:45:00,2026-09-12 03:45:00
4289,P04289,LG Monitor 24MP400-B,Monitor LED Full HD de 24 pulgadas,2915.78,100,1,2026-02-17 11:45:00,2026-03-21 18:15:00
4290,P04290,Kong Classic M color negro,Juguete resistente para perros,316.1,22,1,2026-08-13 08:45:00,2026-09-04 13:45:00
4291,P04291,Kong Classic M edición especial,Juguete resistente para perros,342.49,144,1,2026-01-21 13:15:00,2026-02-25 20:15:00
4292,P04292,Oster Licuadora clásica color negro,Licuadora de vaso para preparación de alimentos,954.81,82,1,2026-03-09 16:15:00,2026-03-24 20:00:00
4293,P04293,Logitech Mouse G203 edición especial,Mouse para gaming con sensor óptico,689.13,40,1,2026-03-13 17:45:00,2026-04-21 02:00:00
4294,P04294,Logitech Mouse G203 modelo 2026,Mouse para gaming con sensor óptico,716.6,77,1,2026-04-10 09:15:00,2026-05-01 15:00:00
4295,P04295,Avery Etiquetas adhesivas modelo 2026,Paquete de etiquetas autoadhesivas,136.14,93,1,2026-04-19 13:15:00,2026-05-24 14:00:00
4296,P04296,TP-Link Archer C6 modelo 2026,Router inalámbrico Gigabit AC1200,1099.28,82,1,2026-05-16 16:45:00,2026-06-20 21:00:00
4297,P04297,Cinsa Olla de presión 6L versión estándar,Olla de presión de aluminio de 6 litros,989.55,27,1,2026-08-03 11:30:00,2026-09-09 12:45:00
4298,P04298,Ninja Air Fryer 4L edición especial,Freidora de aire de 4 litros,1824.38,4,1,2026-01-12 17:45:00,2026-01-13 03:15:00
4299,P04299,Adidas Runfalcon 5 versión estándar,Calzado deportivo para correr,1489.5,18,1,2026-03-07 09:45:00,2026-03-27 17:30:00
4300,P04300,Everlast Guantes de boxeo 12 oz,Guantes de boxeo para entrenamiento,763.78,125,1,2026-02-21 14:15:00,2026-02-25 00:00:00
4301,P04301,Samsung Monitor T350 24 pulgadas presentación familiar,Monitor Full HD de 24 pulgadas con panel IPS,2479.4,3,0,2026-01-07 10:45:00,2026-02-18 10:45:00
4302,P04302,APC Back-UPS 600VA modelo 2026,Sistema de respaldo de energía de 600 VA,1678.55,33,1,2026-08-26 11:00:00,2026-09-23 23:00:00
4303,P04303,Puma Essentials Hoodie edición especial,Sudadera deportiva con capucha,919.7,83,1,2026-01-12 17:30:00,2026-02-25 03:00:00
4304,P04304,Oster Licuadora clásica versión estándar,Licuadora de vaso para preparación de alimentos,822.27,67,1,2026-01-30 11:00:00,2026-02-07 23:45:00
4305,P04305,Wilson Pelota de tenis Championship versión estándar,Pelota de tenis para entrenamiento,143.25,23,1,2026-06-18 12:30:00,2026-06-21 15:45:00
4306,P04306,BIC Bolígrafo Cristal presentación familiar,Bolígrafo de tinta azul,12.69,135,1,2026-02-06 08:15:00,2026-02-28 10:30:00
4307,P04307,Samsung Monitor T350 24 pulgadas presentación familiar,Monitor Full HD de 24 pulgadas con panel IPS,2522.18,24,1,2026-06-09 12:00:00,2026-07-08 13:00:00
4308,P04308,Everlast Guantes de boxeo 12 oz presentación familiar,Guantes de boxeo para entrenamiento,639.39,87,1,2026-01-06 17:45:00,2026-01-14 21:30:00
4309,P04309,Pilot G2 edición especial,Bolígrafo de gel de tinta negra,38.18,1,1,2026-04-09 09:45:00,2026-05-16 22:00:00
4310,P04310,Nivea Crema corporal presentación familiar,Crema hidratante para cuerpo,128.75,19,1,2026-02-11 10:45:00,2026-02-13 15:30:00
4311,P04311,Adidas Runfalcon 5 edición especial,Calzado deportivo para correr,1530.58,109,1,2026-08-07 17:45:00,2026-09-17 04:15:00
4312,P04312,Wilson Pelota de tenis Championship,Pelota de tenis para entrenamiento,137.4,58,1,2026-09-06 15:30:00,2026-10-02 01:00:00
4313,P04313,Nike Revolution 7 paquete individual,Tenis deportivos para entrenamiento,1724.53,41,1,2026-07-26 08:15:00,2026-08-06 17:45:00
4314,P04314,Logitech Mouse G203 color azul,Mouse para gaming con sensor óptico,673.25,142,1,2026-03-23 09:45:00,2026-04-25 11:00:00
4315,P04315,APC Back-UPS 600VA color rojo,Sistema de respaldo de energía de 600 VA,1567.6,76,1,2026-01-27 19:00:00,2026-02-22 01:15:00
4316,P04316,Bosch Bujía de encendido color rojo,Bujía para motor de gasolina,117.81,119,0,2026-07-31 09:45:00,2026-08-18 14:30:00
4317,P04317,Puma Essentials Hoodie versión estándar,Sudadera deportiva con capucha,943.35,10,0,2026-03-27 16:45:00,2026-04-24 00:15:00
4318,P04318,APC Back-UPS 600VA presentación familiar,Sistema de respaldo de energía de 600 VA,1782.99,90,1,2026-07-23 18:45:00,2026-08-20 22:15:00
4319,P04319,Koblenz Aspiradora WD-2 color negro,Aspiradora para limpieza doméstica,1498.91,29,0,2026-01-25 11:30:00,2026-02-24 12:15:00
4320,P04320,Sharpie Marcador permanente versión estándar,Marcador permanente de punta fina,38.59,63,1,2026-03-14 16:00:00,2026-04-24 18:00:00
4321,P04321,Kingston DataTraveler Exodia 64GB paquete con 2 piezas,Memoria USB 3.2 de 64 GB,139.17,140,0,2026-07-30 19:15:00,2026-08-10 08:00:00
4322,P04322,Logitech Mouse G203 color negro,Mouse para gaming con sensor óptico,646.67,135,1,2026-03-13 13:45:00,2026-03-24 20:45:00
4323,P04323,Staedtler Lápiz Noris HB paquete individual,Lápiz de grafito HB,15.82,27,1,2026-08-05 18:15:00,2026-09-10 21:30:00
4324,P04324,Cinsa Olla de presión 6L edición especial,Olla de presión de aluminio de 6 litros,1047.48,115,1,2026-04-09 17:30:00,2026-05-15 21:45:00
4325,P04325,Gillette Mach3 color azul,Rastrillo para afeitar con tres hojas,178.29,24,1,2026-03-16 10:15:00,2026-04-22 20:30:00
4326,P04326,SanDisk Ultra microSD 128GB,Tarjeta microSD de 128 GB,328.11,60,1,2026-06-11 15:45:00,2026-06-21 17:15:00
4327,P04327,Cinsa Olla de presión 6L modelo 2026,Olla de presión de aluminio de 6 litros,970.34,123,1,2026-01-05 19:45:00,2026-02-10 21:30:00
4328,P04328,Koblenz Aspiradora WD-2 paquete individual,Aspiradora para limpieza doméstica,1478.99,139,1,2026-06-21 14:45:00,2026-07-04 01:30:00
4329,P04329,Avery Etiquetas adhesivas versión estándar,Paquete de etiquetas autoadhesivas,139.53,35,1,2026-09-09 10:45:00,2026-10-06 19:45:00
4330,P04330,Sterilite Caja organizadora 40L paquete con 2 piezas,Caja plástica con tapa para almacenamiento,385.49,29,1,2026-08-20 18:45:00,2026-09-20 03:15:00
4331,P04331,Hamilton Beach Cafetera 12 tazas presentación familiar,Cafetera programable de 12 tazas,829.55,29,1,2026-05-13 19:15:00,2026-06-23 00:00:00
4332,P04332,SanDisk Ultra microSD 128GB paquete con 2 piezas,Tarjeta microSD de 128 GB,285.15,39,1,2026-04-08 09:00:00,2026-05-09 21:45:00
4333,P04333,Wilson Pelota de tenis Championship versión estándar,Pelota de tenis para entrenamiento,122.23,100,1,2026-01-20 16:00:00,2026-03-03 20:15:00
4334,P04334,Dove Jabón corporal paquete individual,Jabón corporal de uso diario,51.58,77,1,2026-02-28 08:45:00,2026-03-30 12:15:00
4335,P04335,APC Back-UPS 600VA versión estándar,Sistema de respaldo de energía de 600 VA,1864.09,4,0,2026-08-13 13:30:00,2026-08-17 15:30:00
4336,P04336,Hamilton Beach Cafetera 12 tazas,Cafetera programable de 12 tazas,874.68,121,1,2026-05-21 09:45:00,2026-06-22 12:15:00
4337,P04337,APC Back-UPS 600VA paquete individual,Sistema de respaldo de energía de 600 VA,1857.75,85,1,2026-08-15 13:45:00,2026-09-17 18:15:00
4338,P04338,BIC Bolígrafo Cristal paquete individual,Bolígrafo de tinta azul,12.87,45,1,2026-08-10 13:00:00,2026-09-12 20:45:00
4339,P04339,Philips Hervidor HD9350,Hervidor eléctrico de acero inoxidable,1102.02,80,1,2026-09-18 17:00:00,2026-10-15 22:30:00
4340,P04340,Koblenz Aspiradora WD-2 presentación familiar,Aspiradora para limpieza doméstica,1654.78,46,1,2026-03-22 09:30:00,2026-04-29 11:45:00
4341,P04341,APC Back-UPS 600VA versión estándar,Sistema de respaldo de energía de 600 VA,1715.9,69,1,2026-07-13 11:45:00,2026-08-07 18:00:00
4342,P04342,Pedigree Adulto 2kg versión estándar,Alimento seco para perros adultos,177.81,70,1,2026-03-21 17:45:00,2026-03-23 04:30:00
4343,P04343,Cinsa Olla de presión 6L color azul,Olla de presión de aluminio de 6 litros,981.85,101,0,2026-01-07 09:00:00,2026-01-09 20:45:00
4344,P04344,Dove Jabón corporal color negro,Jabón corporal de uso diario,53.21,36,0,2026-05-05 10:30:00,2026-05-10 17:15:00
4345,P04345,Staedtler Lápiz Noris HB color rojo,Lápiz de grafito HB,14.1,27,1,2026-05-23 10:45:00,2026-06-10 21:15:00
4346,P04346,Rubbermaid Contenedor 10L paquete individual,Contenedor plástico para almacenamiento,209.06,69,1,2026-08-03 13:30:00,2026-08-11 19:30:00
4347,P04347,Logitech Mouse G203,Mouse para gaming con sensor óptico,669.23,110,1,2026-04-30 15:00:00,2026-05-11 19:30:00
4348,P04348,Everlast Guantes de boxeo 12 oz modelo 2026,Guantes de boxeo para entrenamiento,754.47,68,1,2026-08-22 14:00:00,2026-09-22 21:15:00
4349,P04349,Philips Hervidor HD9350 paquete con 2 piezas,Hervidor eléctrico de acero inoxidable,987.31,141,0,2026-03-29 17:45:00,2026-04-06 23:45:00
4350,P04350,Ninja Air Fryer 4L modelo 2026,Freidora de aire de 4 litros,1914.33,49,0,2026-06-22 16:15:00,2026-07-29 01:00:00
4351,P04351,Kong Classic M color rojo,Juguete resistente para perros,321.48,77,0,2026-09-08 13:00:00,2026-10-05 16:30:00
4352,P04352,APC Back-UPS 600VA color negro,Sistema de respaldo de energía de 600 VA,1602.84,118,1,2026-08-22 12:15:00,2026-08-27 22:15:00
4353,P04353,Philips Hervidor HD9350 versión estándar,Hervidor eléctrico de acero inoxidable,1054.52,81,1,2026-03-11 13:45:00,2026-03-17 16:15:00
4354,P04354,Amazon Basics Cable HDMI 2m paquete con 2 piezas,Cable HDMI de alta velocidad de 2 metros,206.13,26,1,2026-09-12 19:30:00,2026-10-13 05:45:00
4355,P04355,Cinsa Olla de presión 6L paquete con 2 piezas,Olla de presión de aluminio de 6 litros,977.59,76,1,2026-08-17 19:45:00,2026-09-05 22:00:00
4356,P04356,Adidas Runfalcon 5 color rojo,Calzado deportivo para correr,1301.92,61,1,2026-04-30 14:00:00,2026-05-31 18:30:00
4357,P04357,Amazon Basics Cable HDMI 2m color azul,Cable HDMI de alta velocidad de 2 metros,214.95,94,1,2026-04-03 10:30:00,2026-05-06 21:15:00
4358,P04358,Castrol GTX 5W-30 1L versión estándar,Aceite para motor de automóvil,154.24,120,1,2026-05-03 15:00:00,2026-05-21 20:15:00
4359,P04359,Bosch Bujía de encendido paquete individual,Bujía para motor de gasolina,122.45,80,0,2026-02-27 18:45:00,2026-03-15 03:45:00
4360,P04360,Adidas Runfalcon 5 color negro,Calzado deportivo para correr,1547.75,13,1,2026-05-21 09:15:00,2026-06-07 15:00:00
4361,P04361,Kingston DataTraveler Exodia 64GB color azul,Memoria USB 3.2 de 64 GB,136.38,116,0,2026-06-09 15:00:00,2026-06-09 16:30:00
4362,P04362,Sterilite Caja organizadora 40L presentación familiar,Caja plástica con tapa para almacenamiento,374.95,91,1,2026-04-23 11:00:00,2026-05-24 12:00:00
4363,P04363,Oster Licuadora clásica color negro,Licuadora de vaso para preparación de alimentos,989.92,26,1,2026-06-14 13:00:00,2026-06-16 13:30:00
4364,P04364,Kingston NV2 1TB presentación familiar,Unidad SSD NVMe M.2 de 1 TB,1386.05,146,1,2026-01-22 17:00:00,2026-03-08 01:15:00
4365,P04365,Ninja Air Fryer 4L edición especial,Freidora de aire de 4 litros,2023.65,125,1,2026-05-25 09:45:00,2026-05-31 14:00:00
4366,P04366,Bosch Bujía de encendido presentación familiar,Bujía para motor de gasolina,119.42,15,1,2026-09-05 17:15:00,2026-10-20 22:00:00
4367,P04367,Colgate Total 12 paquete individual,Pasta dental de protección integral,72.2,28,0,2026-03-03 17:45:00,2026-03-12 20:45:00
4368,P04368,Everlast Guantes de boxeo 12 oz paquete con 2 piezas,Guantes de boxeo para entrenamiento,779.99,132,1,2026-04-11 18:30:00,2026-05-15 04:45:00
4369,P04369,Hamilton Beach Cafetera 12 tazas modelo 2026,Cafetera programable de 12 tazas,807.83,61,0,2026-07-06 19:15:00,2026-07-17 03:45:00
4370,P04370,Tefal Plancha Ultragliss presentación familiar,Plancha de vapor para ropa,1140.77,100,1,2026-03-31 16:45:00,2026-05-05 20:00:00
4371,P04371,Oster Licuadora clásica,Licuadora de vaso para preparación de alimentos,972.55,137,1,2026-05-19 19:00:00,2026-05-21 04:15:00
4372,P04372,Post-it Notas adhesivas 76x76mm paquete individual,Bloc de notas adhesivas amarillas,66.52,120,1,2026-03-04 17:00:00,2026-04-14 21:45:00
4373,P04373,Puma Essentials Hoodie paquete con 2 piezas,Sudadera deportiva con capucha,918.24,71,1,2026-02-20 11:45:00,2026-02-25 18:15:00
4374,P04374,Colgate Total 12 color negro,Pasta dental de protección integral,70.81,10,1,2026-07-25 16:15:00,2026-08-22 20:15:00
4375,P04375,Pedigree Adulto 2kg color rojo,Alimento seco para perros adultos,150.77,126,1,2026-03-24 15:15:00,2026-04-18 21:15:00
4376,P04376,Oster Licuadora clásica edición especial,Licuadora de vaso para preparación de alimentos,919.16,119,1,2026-08-27 17:30:00,2026-09-23 04:30:00
4377,P04377,Ninja Air Fryer 4L presentación familiar,Freidora de aire de 4 litros,2080.27,68,1,2026-09-04 19:15:00,2026-09-08 19:45:00
4378,P04378,Black+Decker Tostador 2 rebanadas paquete con 2 piezas,Tostador eléctrico de dos ranuras,537.45,113,0,2026-05-10 17:00:00,2026-06-19 19:00:00
4379,P04379,T-fal Juego de sartenes 3 piezas versión estándar,Juego de sartenes antiadherentes,1280.33,105,1,2026-03-30 15:15:00,2026-04-11 22:15:00
4380,P04380,Logitech Teclado K120 versión estándar,Teclado alámbrico USB de tamaño completo,365.47,103,1,2026-05-22 08:15:00,2026-07-05 10:15:00
4381,P04381,Tefal Plancha Ultragliss color negro,Plancha de vapor para ropa,1167.77,58,1,2026-04-29 13:30:00,2026-06-04 01:15:00
4382,P04382,Dove Jabón corporal modelo 2026,Jabón corporal de uso diario,48.25,107,0,2026-02-01 11:15:00,2026-03-17 11:30:00
4383,P04383,APC Back-UPS 600VA color azul,Sistema de respaldo de energía de 600 VA,1644.23,129,1,2026-02-25 13:30:00,2026-03-11 15:15:00
4384,P04384,SanDisk Ultra microSD 128GB paquete con 2 piezas,Tarjeta microSD de 128 GB,278.75,93,0,2026-04-29 14:15:00,2026-05-27 14:15:00
4385,P04385,Kingston NV2 1TB versión estándar,Unidad SSD NVMe M.2 de 1 TB,1438.17,27,1,2026-03-19 08:15:00,2026-04-28 09:15:00
4386,P04386,Scribe Cuaderno profesional paquete individual,Cuaderno de hojas rayadas,90.15,113,1,2026-03-19 09:15:00,2026-04-04 16:30:00
4387,P04387,Logitech Webcam C920s paquete individual,Cámara web Full HD con micrófono estéreo,1275.18,67,1,2026-01-16 17:30:00,2026-02-11 22:00:00
4388,P04388,Pilot G2 modelo 2026,Bolígrafo de gel de tinta negra,41.07,98,1,2026-01-23 12:30:00,2026-01-24 15:15:00
4389,P04389,Scribe Cuaderno profesional presentación familiar,Cuaderno de hojas rayadas,96.94,20,0,2026-06-26 08:45:00,2026-07-18 19:45:00
4390,P04390,LG Monitor 24MP400-B color negro,Monitor LED Full HD de 24 pulgadas,2629.01,97,1,2026-09-06 17:00:00,2026-09-22 03:15:00
4391,P04391,Vasconia Cacerola 24cm color negro,Cacerola de aluminio con tapa,489.12,90,0,2026-06-07 13:45:00,2026-07-09 14:45:00
4392,P04392,Pilot G2 presentación familiar,Bolígrafo de gel de tinta negra,42.47,62,1,2026-01-11 19:45:00,2026-02-19 20:45:00
4393,P04393,HP DeskJet 2875 color rojo,Impresora multifuncional inalámbrica,1883.29,100,1,2026-03-12 08:45:00,2026-04-18 15:00:00
4394,P04394,Puma Essentials Hoodie modelo 2026,Sudadera deportiva con capucha,1066.0,56,1,2026-05-26 16:45:00,2026-05-30 03:30:00
4395,P04395,Kong Classic M color negro,Juguete resistente para perros,384.7,8,1,2026-08-19 15:45:00,2026-09-27 22:00:00
4396,P04396,Oster Licuadora clásica color negro,Licuadora de vaso para preparación de alimentos,930.93,82,1,2026-03-25 13:15:00,2026-04-13 20:00:00
4397,P04397,Logitech Teclado K120 paquete con 2 piezas,Teclado alámbrico USB de tamaño completo,338.72,74,1,2026-02-10 13:00:00,2026-02-18 15:30:00
4398,P04398,APC Back-UPS 600VA paquete con 2 piezas,Sistema de respaldo de energía de 600 VA,1711.8,59,1,2026-07-13 15:45:00,2026-07-13 18:45:00
4399,P04399,Tramontina Sartén 24cm color azul,Sartén antiadherente de 24 centímetros,537.51,17,1,2026-02-16 13:00:00,2026-02-23 00:15:00
4400,P04400,Oster Licuadora clásica edición especial,Licuadora de vaso para preparación de alimentos,937.39,68,1,2026-02-10 11:15:00,2026-03-25 23:30:00
4401,P04401,Logitech Mouse M185 paquete individual,Mouse inalámbrico compacto con receptor USB,375.98,71,1,2026-01-17 16:30:00,2026-02-07 23:15:00
4402,P04402,Wilson Pelota de tenis Championship modelo 2026,Pelota de tenis para entrenamiento,131.54,78,1,2026-02-10 11:30:00,2026-02-24 22:00:00
4403,P04403,Sharpie Marcador permanente paquete con 2 piezas,Marcador permanente de punta fina,36.54,112,1,2026-01-03 19:15:00,2026-02-04 01:00:00
4404,P04404,Scribe Cuaderno profesional,Cuaderno de hojas rayadas,89.11,39,1,2026-05-31 18:45:00,2026-06-20 23:00:00
4405,P04405,Whiskas Adulto 1.5kg edición especial,Alimento seco para gatos adultos,160.41,92,1,2026-04-08 14:45:00,2026-05-06 17:00:00
4406,P04406,Wilson Pelota de tenis Championship versión estándar,Pelota de tenis para entrenamiento,132.13,10,1,2026-02-22 19:30:00,2026-03-11 06:45:00
4407,P04407,Post-it Notas adhesivas 76x76mm edición especial,Bloc de notas adhesivas amarillas,63.22,147,0,2026-07-15 19:30:00,2026-08-04 07:15:00
4408,P04408,Gillette Mach3 color negro,Rastrillo para afeitar con tres hojas,170.98,78,1,2026-09-06 15:45:00,2026-09-29 20:15:00
4409,P04409,Nike Revolution 7 edición especial,Tenis deportivos para entrenamiento,1513.71,2,1,2026-03-02 17:15:00,2026-03-29 21:45:00
4410,P04410,UGREEN Adaptador USB-C edición especial,Adaptador USB-C a USB 3.0,265.96,44,0,2026-01-16 15:15:00,2026-02-24 23:45:00
4411,P04411,Samsung Monitor T350 24 pulgadas,Monitor Full HD de 24 pulgadas con panel IPS,2526.05,33,0,2026-01-18 12:15:00,2026-02-03 13:00:00
4412,P04412,Kingston NV2 1TB modelo 2026,Unidad SSD NVMe M.2 de 1 TB,1542.59,95,1,2026-03-02 17:15:00,2026-04-15 21:15:00
4413,P04413,Sterilite Caja organizadora 40L paquete con 2 piezas,Caja plástica con tapa para almacenamiento,371.44,104,1,2026-09-12 10:00:00,2026-10-19 22:00:00
4414,P04414,Kingston NV2 1TB modelo 2026,Unidad SSD NVMe M.2 de 1 TB,1407.54,79,1,2026-02-27 17:45:00,2026-04-06 05:00:00
4415,P04415,Logitech Webcam C920s color rojo,Cámara web Full HD con micrófono estéreo,1348.35,57,0,2026-06-09 09:30:00,2026-07-09 21:30:00
4416,P04416,Castrol GTX 5W-30 1L color negro,Aceite para motor de automóvil,171.9,28,1,2026-01-10 10:30:00,2026-01-17 21:45:00
4417,P04417,Wilson Pelota de tenis Championship color rojo,Pelota de tenis para entrenamiento,117.7,87,1,2026-09-15 11:30:00,2026-09-21 16:15:00
4418,P04418,APC Back-UPS 600VA color negro,Sistema de respaldo de energía de 600 VA,1605.64,92,0,2026-04-25 15:45:00,2026-05-10 01:15:00
4419,P04419,BIC Bolígrafo Cristal modelo 2026,Bolígrafo de tinta azul,11.03,6,1,2026-09-17 12:30:00,2026-10-13 14:15:00
4420,P04420,Adidas Runfalcon 5 paquete con 2 piezas,Calzado deportivo para correr,1499.79,6,1,2026-09-11 10:45:00,2026-09-28 21:15:00
4421,P04421,Puma Essentials Hoodie modelo 2026,Sudadera deportiva con capucha,1016.6,61,1,2026-06-23 14:00:00,2026-07-28 23:30:00
4422,P04422,Nike Revolution 7 paquete individual,Tenis deportivos para entrenamiento,1472.3,72,1,2026-07-04 12:15:00,2026-08-18 18:15:00
4423,P04423,Logitech Webcam C920s color negro,Cámara web Full HD con micrófono estéreo,1348.3,104,1,2026-02-17 15:15:00,2026-03-12 18:30:00
4424,P04424,Kingston NV2 1TB color rojo,Unidad SSD NVMe M.2 de 1 TB,1267.79,90,1,2026-08-10 19:00:00,2026-08-22 06:45:00
4425,P04425,Bosch Bujía de encendido versión estándar,Bujía para motor de gasolina,116.21,68,0,2026-01-17 10:45:00,2026-01-31 15:45:00
4426,P04426,Logitech Teclado K120 color rojo,Teclado alámbrico USB de tamaño completo,301.33,12,1,2026-08-04 14:30:00,2026-08-25 00:30:00
4427,P04427,Vasconia Cacerola 24cm,Cacerola de aluminio con tapa,523.48,138,1,2026-05-08 16:30:00,2026-06-05 20:45:00
4428,P04428,Post-it Notas adhesivas 76x76mm color rojo,Bloc de notas adhesivas amarillas,71.75,124,1,2026-07-06 08:15:00,2026-08-20 14:30:00
4429,P04429,Nike Revolution 7 presentación familiar,Tenis deportivos para entrenamiento,1513.39,90,1,2026-05-29 10:45:00,2026-06-17 20:45:00
4430,P04430,Tramontina Sartén 24cm color negro,Sartén antiadherente de 24 centímetros,554.51,13,0,2026-04-16 11:15:00,2026-04-28 21:15:00
4431,P04431,HP DeskJet 2875 paquete con 2 piezas,Impresora multifuncional inalámbrica,1961.37,95,1,2026-05-15 10:00:00,2026-06-08 12:15:00
4432,P04432,Kingston Fury Beast 8GB paquete individual,Memoria RAM DDR4 de 8 GB,555.93,112,1,2026-09-12 11:30:00,2026-10-01 19:30:00
4433,P04433,Kong Classic M edición especial,Juguete resistente para perros,314.66,57,1,2026-03-13 14:15:00,2026-03-20 14:15:00
4434,P04434,Tramontina Juego de cuchillos 6 piezas paquete con 2 piezas,Set de cuchillos para cocina,747.96,139,1,2026-02-20 10:00:00,2026-02-21 14:00:00
4435,P04435,BIC Bolígrafo Cristal paquete con 2 piezas,Bolígrafo de tinta azul,13.06,76,1,2026-03-15 14:15:00,2026-04-17 22:15:00
4436,P04436,Puma Essentials Hoodie color negro,Sudadera deportiva con capucha,988.77,90,1,2026-04-27 16:30:00,2026-05-22 17:45:00
4437,P04437,Black+Decker Tostador 2 rebanadas modelo 2026,Tostador eléctrico de dos ranuras,505.03,149,1,2026-02-15 08:45:00,2026-03-28 17:00:00
4438,P04438,Dove Jabón corporal,Jabón corporal de uso diario,53.96,141,1,2026-05-27 18:15:00,2026-07-08 23:15:00
4439,P04439,Castrol GTX 5W-30 1L presentación familiar,Aceite para motor de automóvil,172.43,32,1,2026-06-30 16:30:00,2026-07-22 05:15:00
4440,P04440,Hamilton Beach Cafetera 12 tazas edición especial,Cafetera programable de 12 tazas,764.99,143,0,2026-04-06 18:00:00,2026-04-09 18:30:00
4441,P04441,Logitech Mouse G203 color azul,Mouse para gaming con sensor óptico,652.57,72,1,2026-06-02 19:15:00,2026-07-09 01:00:00
4442,P04442,Puma Essentials Hoodie paquete individual,Sudadera deportiva con capucha,978.12,80,1,2026-03-13 08:15:00,2026-04-17 17:15:00
4443,P04443,Logitech Mouse M185 color negro,Mouse inalámbrico compacto con receptor USB,325.45,141,1,2026-04-02 16:00:00,2026-05-05 03:30:00
4444,P04444,TP-Link Archer C6 color rojo,Router inalámbrico Gigabit AC1200,1019.75,25,1,2026-08-08 10:00:00,2026-09-13 11:00:00
4445,P04445,Pilot G2 versión estándar,Bolígrafo de gel de tinta negra,36.28,149,0,2026-08-09 17:00:00,2026-09-23 23:45:00
4446,P04446,Michelin Energy XM2+ edición especial,Neumático para automóvil,1805.01,113,1,2026-01-03 15:00:00,2026-01-16 23:30:00
4447,P04447,Sharpie Marcador permanente paquete con 2 piezas,Marcador permanente de punta fina,36.44,77,1,2026-01-23 08:15:00,2026-02-17 13:00:00
4448,P04448,Everlast Guantes de boxeo 12 oz presentación familiar,Guantes de boxeo para entrenamiento,630.39,65,1,2026-05-08 17:45:00,2026-06-04 18:30:00
4449,P04449,Gillette Mach3 edición especial,Rastrillo para afeitar con tres hojas,201.47,67,1,2026-07-16 10:45:00,2026-07-17 16:30:00
4450,P04450,Sterilite Caja organizadora 40L color negro,Caja plástica con tapa para almacenamiento,338.19,129,0,2026-04-07 17:15:00,2026-04-16 04:45:00
4451,P04451,Amazon Basics Cable HDMI 2m edición especial,Cable HDMI de alta velocidad de 2 metros,237.99,54,1,2026-02-09 17:45:00,2026-03-19 17:45:00
4452,P04452,Everlast Guantes de boxeo 12 oz color rojo,Guantes de boxeo para entrenamiento,684.25,84,1,2026-02-15 18:45:00,2026-02-19 07:00:00
4453,P04453,Logitech Webcam C920s paquete individual,Cámara web Full HD con micrófono estéreo,1317.31,1,0,2026-04-03 15:15:00,2026-04-25 16:30:00
4454,P04454,Pyrex Recipiente de vidrio 1L paquete individual,Recipiente de vidrio resistente al calor,256.37,143,0,2026-06-27 08:45:00,2026-07-09 10:00:00
4455,P04455,Tefal Plancha Ultragliss color azul,Plancha de vapor para ropa,1335.72,148,1,2026-02-23 15:45:00,2026-03-21 00:45:00
4456,P04456,Castrol GTX 5W-30 1L color rojo,Aceite para motor de automóvil,176.92,44,0,2026-06-10 19:45:00,2026-06-19 04:15:00
4457,P04457,Amazon Basics Cable HDMI 2m color azul,Cable HDMI de alta velocidad de 2 metros,245.14,84,1,2026-04-30 17:30:00,2026-05-30 03:30:00
4458,P04458,Cinsa Olla de presión 6L versión estándar,Olla de presión de aluminio de 6 litros,1055.02,38,1,2026-07-09 10:30:00,2026-08-20 10:30:00
4459,P04459,Tramontina Juego de cuchillos 6 piezas paquete con 2 piezas,Set de cuchillos para cocina,856.68,71,1,2026-01-26 14:45:00,2026-03-05 15:30:00
4460,P04460,SanDisk Ultra microSD 128GB presentación familiar,Tarjeta microSD de 128 GB,279.57,109,1,2026-07-02 12:30:00,2026-08-14 23:30:00
4461,P04461,Logitech Webcam C920s color negro,Cámara web Full HD con micrófono estéreo,1400.92,34,1,2026-05-04 08:30:00,2026-05-12 11:15:00
4462,P04462,Cinsa Olla de presión 6L presentación familiar,Olla de presión de aluminio de 6 litros,967.14,77,1,2026-01-27 14:15:00,2026-02-27 01:15:00
4463,P04463,Everlast Guantes de boxeo 12 oz edición especial,Guantes de boxeo para entrenamiento,639.09,0,1,2026-02-26 12:45:00,2026-04-11 22:00:00
4464,P04464,Logitech Webcam C920s paquete con 2 piezas,Cámara web Full HD con micrófono estéreo,1561.73,140,1,2026-08-27 08:15:00,2026-10-04 20:00:00
4465,P04465,Oster Licuadora clásica color azul,Licuadora de vaso para preparación de alimentos,934.24,106,0,2026-06-21 11:45:00,2026-06-27 13:15:00
4466,P04466,Staedtler Lápiz Noris HB,Lápiz de grafito HB,13.98,89,1,2026-05-14 18:15:00,2026-06-06 20:45:00
4467,P04467,Kingston Fury Beast 8GB paquete con 2 piezas,Memoria RAM DDR4 de 8 GB,542.5,99,1,2026-04-17 18:00:00,2026-04-20 01:45:00
4468,P04468,Vasconia Cacerola 24cm,Cacerola de aluminio con tapa,486.97,90,1,2026-05-14 18:00:00,2026-05-27 20:00:00
4469,P04469,Nivea Crema corporal paquete individual,Crema hidratante para cuerpo,124.61,94,1,2026-09-06 19:15:00,2026-10-01 23:15:00
4470,P04470,Kingston NV2 1TB,Unidad SSD NVMe M.2 de 1 TB,1460.75,41,1,2026-03-12 11:00:00,2026-04-22 20:15:00
4471,P04471,Puma Essentials Hoodie edición especial,Sudadera deportiva con capucha,965.42,105,1,2026-07-25 18:15:00,2026-08-11 21:30:00
4472,P04472,Samsung Monitor T350 24 pulgadas presentación familiar,Monitor Full HD de 24 pulgadas con panel IPS,2700.73,99,1,2026-06-28 12:15:00,2026-07-06 17:15:00
4473,P04473,Tefal Plancha Ultragliss color negro,Plancha de vapor para ropa,1197.78,133,1,2026-09-07 19:00:00,2026-10-12 22:00:00
4474,P04474,Adidas Runfalcon 5 paquete individual,Calzado deportivo para correr,1306.69,54,1,2026-05-07 13:15:00,2026-06-14 01:00:00
4475,P04475,Pedigree Adulto 2kg paquete con 2 piezas,Alimento seco para perros adultos,162.8,149,1,2026-07-08 16:30:00,2026-08-16 05:00:00
4476,P04476,TP-Link Archer C6 color azul,Router inalámbrico Gigabit AC1200,933.07,133,1,2026-09-18 15:15:00,2026-10-13 03:15:00
4477,P04477,Vasconia Cacerola 24cm paquete individual,Cacerola de aluminio con tapa,541.2,136,1,2026-04-10 16:30:00,2026-04-17 03:45:00
4478,P04478,Ninja Air Fryer 4L presentación familiar,Freidora de aire de 4 litros,1991.04,128,1,2026-01-10 13:45:00,2026-01-15 21:15:00
4479,P04479,Pedigree Adulto 2kg presentación familiar,Alimento seco para perros adultos,152.65,106,0,2026-02-05 18:30:00,2026-03-01 03:15:00
4480,P04480,Post-it Notas adhesivas 76x76mm color azul,Bloc de notas adhesivas amarillas,73.96,146,1,2026-07-04 19:45:00,2026-07-25 20:45:00
4481,P04481,Nike Revolution 7 color azul,Tenis deportivos para entrenamiento,1522.88,49,0,2026-03-27 12:30:00,2026-04-28 23:30:00
4482,P04482,Tefal Plancha Ultragliss color azul,Plancha de vapor para ropa,1242.35,32,1,2026-07-08 13:45:00,2026-08-16 00:00:00
4483,P04483,Oster Licuadora clásica versión estándar,Licuadora de vaso para preparación de alimentos,883.65,20,1,2026-03-22 09:15:00,2026-04-22 10:45:00
4484,P04484,Nike Revolution 7 paquete con 2 piezas,Tenis deportivos para entrenamiento,1573.83,90,1,2026-04-14 16:45:00,2026-04-17 00:15:00
4485,P04485,Pilot G2 modelo 2026,Bolígrafo de gel de tinta negra,38.38,33,0,2026-08-12 09:00:00,2026-09-20 11:15:00
4486,P04486,HP DeskJet 2875 paquete individual,Impresora multifuncional inalámbrica,1820.23,33,1,2026-05-08 16:00:00,2026-06-12 00:30:00
4487,P04487,Michelin Energy XM2+ versión estándar,Neumático para automóvil,1758.9,139,1,2026-04-08 11:15:00,2026-04-29 18:15:00
4488,P04488,Ninja Air Fryer 4L paquete individual,Freidora de aire de 4 litros,2103.5,79,1,2026-01-28 09:15:00,2026-03-09 09:15:00
4489,P04489,UGREEN Adaptador USB-C modelo 2026,Adaptador USB-C a USB 3.0,249.38,63,1,2026-03-31 14:00:00,2026-04-12 22:30:00
4490,P04490,UGREEN Adaptador USB-C presentación familiar,Adaptador USB-C a USB 3.0,275.13,38,1,2026-01-10 15:15:00,2026-02-02 17:45:00
4491,P04491,SanDisk Ultra microSD 128GB color azul,Tarjeta microSD de 128 GB,276.3,13,1,2026-04-11 16:15:00,2026-04-20 19:45:00
4492,P04492,Oster Licuadora clásica color rojo,Licuadora de vaso para preparación de alimentos,994.81,13,1,2026-02-10 17:15:00,2026-03-16 01:00:00
4493,P04493,JBL Go 4 paquete con 2 piezas,Bocina portátil Bluetooth,1215.11,150,1,2026-02-10 12:15:00,2026-02-18 13:45:00
4494,P04494,Pyrex Recipiente de vidrio 1L edición especial,Recipiente de vidrio resistente al calor,229.36,114,1,2026-07-05 09:15:00,2026-07-09 16:00:00
4495,P04495,TP-Link Archer C6 edición especial,Router inalámbrico Gigabit AC1200,917.66,42,1,2026-07-26 10:15:00,2026-07-31 17:30:00
4496,P04496,Kingston DataTraveler Exodia 64GB color negro,Memoria USB 3.2 de 64 GB,136.33,126,1,2026-06-13 14:30:00,2026-07-06 20:45:00
4497,P04497,LG Monitor 24MP400-B paquete individual,Monitor LED Full HD de 24 pulgadas,2650.57,58,1,2026-04-07 19:00:00,2026-04-29 04:15:00
4498,P04498,Pyrex Recipiente de vidrio 1L presentación familiar,Recipiente de vidrio resistente al calor,238.37,145,1,2026-08-31 19:00:00,2026-09-03 02:30:00
4499,P04499,Logitech Webcam C920s color rojo,Cámara web Full HD con micrófono estéreo,1433.64,144,0,2026-04-07 10:45:00,2026-04-11 17:45:00
4500,P04500,Michelin Energy XM2+ versión estándar,Neumático para automóvil,1987.03,150,1,2026-04-01 19:30:00,2026-04-11 03:45:00
4501,P04501,Everlast Guantes de boxeo 12 oz color rojo,Guantes de boxeo para entrenamiento,775.6,143,1,2026-03-20 11:45:00,2026-03-23 17:00:00
4502,P04502,Pilot G2 color negro,Bolígrafo de gel de tinta negra,40.2,19,0,2026-07-03 10:00:00,2026-07-30 17:45:00
4503,P04503,Pyrex Recipiente de vidrio 1L paquete con 2 piezas,Recipiente de vidrio resistente al calor,240.03,8,1,2026-07-07 09:15:00,2026-07-12 20:00:00
4504,P04504,Sterilite Caja organizadora 40L paquete con 2 piezas,Caja plástica con tapa para almacenamiento,369.05,150,1,2026-07-31 10:15:00,2026-08-22 12:30:00
4505,P04505,Sharpie Marcador permanente modelo 2026,Marcador permanente de punta fina,38.36,44,1,2026-05-16 13:30:00,2026-05-25 21:15:00
4506,P04506,Gillette Mach3 color negro,Rastrillo para afeitar con tres hojas,194.81,55,1,2026-02-17 19:15:00,2026-03-26 06:00:00
4507,P04507,Logitech Webcam C920s modelo 2026,Cámara web Full HD con micrófono estéreo,1537.85,59,1,2026-05-07 08:15:00,2026-05-12 09:00:00
4508,P04508,Adidas Runfalcon 5 versión estándar,Calzado deportivo para correr,1264.4,100,1,2026-02-13 09:30:00,2026-02-26 09:45:00
4509,P04509,Scribe Cuaderno profesional modelo 2026,Cuaderno de hojas rayadas,96.13,103,0,2026-02-27 09:45:00,2026-04-09 15:15:00
4510,P04510,Bosch Bujía de encendido color rojo,Bujía para motor de gasolina,125.56,76,1,2026-01-10 17:30:00,2026-02-19 04:45:00
4511,P04511,Tefal Plancha Ultragliss color azul,Plancha de vapor para ropa,1226.78,45,1,2026-04-13 14:45:00,2026-05-14 01:15:00
4512,P04512,Staedtler Lápiz Noris HB,Lápiz de grafito HB,14.44,19,1,2026-03-24 14:30:00,2026-04-04 23:45:00
4513,P04513,Ninja Air Fryer 4L paquete individual,Freidora de aire de 4 litros,1803.74,29,1,2026-01-18 10:45:00,2026-01-25 12:45:00
4514,P04514,Tramontina Sartén 24cm presentación familiar,Sartén antiadherente de 24 centímetros,515.54,45,1,2026-03-08 16:30:00,2026-03-26 01:30:00
4515,P04515,Avery Etiquetas adhesivas color rojo,Paquete de etiquetas autoadhesivas,132.68,72,1,2026-06-02 17:45:00,2026-06-29 20:45:00
4516,P04516,Avery Etiquetas adhesivas versión estándar,Paquete de etiquetas autoadhesivas,123.51,140,1,2026-04-22 17:30:00,2026-05-02 04:15:00
4517,P04517,APC Back-UPS 600VA paquete con 2 piezas,Sistema de respaldo de energía de 600 VA,1533.41,90,1,2026-01-12 09:30:00,2026-02-18 12:00:00
4518,P04518,SanDisk Ultra microSD 128GB modelo 2026,Tarjeta microSD de 128 GB,296.8,16,0,2026-09-16 11:45:00,2026-09-28 16:00:00
4519,P04519,Samsung Monitor T350 24 pulgadas color rojo,Monitor Full HD de 24 pulgadas con panel IPS,3009.08,47,1,2026-07-30 15:15:00,2026-09-11 17:00:00
4520,P04520,Rubbermaid Contenedor 10L color rojo,Contenedor plástico para almacenamiento,198.88,76,1,2026-01-04 10:15:00,2026-02-15 13:45:00
4521,P04521,JBL Go 4 edición especial,Bocina portátil Bluetooth,1012.67,15,1,2026-07-20 16:45:00,2026-08-23 16:45:00
4522,P04522,Gillette Mach3 modelo 2026,Rastrillo para afeitar con tres hojas,188.85,103,1,2026-05-14 14:00:00,2026-05-18 20:45:00
4523,P04523,Tramontina Sartén 24cm paquete con 2 piezas,Sartén antiadherente de 24 centímetros,529.31,17,0,2026-02-02 08:15:00,2026-02-11 12:45:00
4524,P04524,Black+Decker Tostador 2 rebanadas paquete con 2 piezas,Tostador eléctrico de dos ranuras,459.54,121,1,2026-04-01 11:00:00,2026-04-04 11:00:00
4525,P04525,Scotch-Brite Esponjas multiusos color rojo,Paquete de esponjas para limpieza doméstica,95.39,76,1,2026-08-23 08:30:00,2026-09-25 10:00:00
4526,P04526,Pilot G2 color rojo,Bolígrafo de gel de tinta negra,42.26,3,1,2026-08-13 17:30:00,2026-09-22 00:45:00
4527,P04527,Koblenz Aspiradora WD-2 paquete individual,Aspiradora para limpieza doméstica,1751.44,19,1,2026-05-18 12:15:00,2026-06-14 23:30:00
4528,P04528,APC Back-UPS 600VA modelo 2026,Sistema de respaldo de energía de 600 VA,1663.46,7,1,2026-09-01 12:00:00,2026-09-29 18:15:00
4529,P04529,UGREEN Adaptador USB-C color azul,Adaptador USB-C a USB 3.0,271.28,124,1,2026-03-10 13:30:00,2026-04-02 18:45:00
4530,P04530,Tefal Plancha Ultragliss presentación familiar,Plancha de vapor para ropa,1266.67,42,1,2026-06-07 11:00:00,2026-06-28 14:45:00
4531,P04531,Tramontina Juego de cuchillos 6 piezas paquete individual,Set de cuchillos para cocina,736.6,146,1,2026-04-05 12:00:00,2026-05-11 00:15:00
4532,P04532,BIC Bolígrafo Cristal presentación familiar,Bolígrafo de tinta azul,13.05,17,0,2026-05-22 13:00:00,2026-06-29 16:15:00
4533,P04533,Ninja Air Fryer 4L versión estándar,Freidora de aire de 4 litros,2018.6,133,1,2026-04-11 13:00:00,2026-04-30 00:15:00
4534,P04534,JBL Go 4 presentación familiar,Bocina portátil Bluetooth,1020.32,7,1,2026-03-10 14:45:00,2026-04-22 18:45:00
4535,P04535,Ninja Air Fryer 4L versión estándar,Freidora de aire de 4 litros,1805.79,87,1,2026-06-05 10:00:00,2026-06-18 19:00:00
4536,P04536,Rubbermaid Contenedor 10L color rojo,Contenedor plástico para almacenamiento,208.7,89,1,2026-05-20 11:45:00,2026-06-08 00:15:00
4537,P04537,Philips Hervidor HD9350 paquete individual,Hervidor eléctrico de acero inoxidable,1112.81,85,0,2026-01-19 16:30:00,2026-02-21 00:45:00
4538,P04538,Ninja Air Fryer 4L paquete individual,Freidora de aire de 4 litros,2027.23,14,1,2026-07-29 18:30:00,2026-08-05 05:45:00
4539,P04539,Logitech Teclado K120 color rojo,Teclado alámbrico USB de tamaño completo,342.41,110,1,2026-07-06 14:15:00,2026-07-18 23:30:00
4540,P04540,LG Monitor 24MP400-B edición especial,Monitor LED Full HD de 24 pulgadas,3003.14,118,1,2026-05-20 15:00:00,2026-06-03 21:00:00
4541,P04541,Staedtler Lápiz Noris HB color rojo,Lápiz de grafito HB,15.64,64,0,2026-07-21 15:30:00,2026-08-04 02:30:00
4542,P04542,JBL Tune 510BT edición especial,Audífonos inalámbricos Bluetooth,991.63,120,1,2026-05-19 13:30:00,2026-06-01 14:30:00
4543,P04543,Adidas Runfalcon 5 presentación familiar,Calzado deportivo para correr,1369.11,106,1,2026-02-24 08:30:00,2026-04-03 10:45:00
4544,P04544,Kingston NV2 1TB color rojo,Unidad SSD NVMe M.2 de 1 TB,1482.02,141,1,2026-04-25 16:00:00,2026-04-27 17:15:00
4545,P04545,LG Monitor 24MP400-B paquete con 2 piezas,Monitor LED Full HD de 24 pulgadas,2995.8,104,1,2026-04-29 10:15:00,2026-06-02 16:00:00
4546,P04546,Pedigree Adulto 2kg versión estándar,Alimento seco para perros adultos,151.21,8,0,2026-04-25 08:00:00,2026-05-26 20:15:00
4547,P04547,Puma Essentials Hoodie versión estándar,Sudadera deportiva con capucha,939.21,61,1,2026-03-11 09:30:00,2026-04-24 11:30:00
4548,P04548,HP DeskJet 2875 versión estándar,Impresora multifuncional inalámbrica,1753.24,43,1,2026-02-16 13:30:00,2026-03-17 21:15:00
4549,P04549,Sterilite Caja organizadora 40L versión estándar,Caja plástica con tapa para almacenamiento,345.61,32,1,2026-02-17 10:45:00,2026-03-29 17:00:00
4550,P04550,Sharpie Marcador permanente color rojo,Marcador permanente de punta fina,34.77,65,1,2026-08-01 19:30:00,2026-09-01 04:00:00
4551,P04551,Michelin Energy XM2+ modelo 2026,Neumático para automóvil,2086.74,12,1,2026-02-11 16:15:00,2026-03-23 16:45:00
4552,P04552,Gillette Mach3 modelo 2026,Rastrillo para afeitar con tres hojas,205.77,109,1,2026-02-06 17:00:00,2026-02-27 23:45:00
4553,P04553,Ninja Air Fryer 4L paquete con 2 piezas,Freidora de aire de 4 litros,1982.64,71,1,2026-06-25 17:45:00,2026-07-20 02:45:00
4554,P04554,Logitech Mouse G203 color negro,Mouse para gaming con sensor óptico,712.83,84,0,2026-05-12 09:45:00,2026-06-12 14:15:00
4555,P04555,Gillette Mach3 edición especial,Rastrillo para afeitar con tres hojas,181.66,28,1,2026-08-08 09:45:00,2026-09-14 12:15:00
4556,P04556,Pyrex Recipiente de vidrio 1L presentación familiar,Recipiente de vidrio resistente al calor,236.8,106,1,2026-08-03 11:30:00,2026-08-10 19:00:00
4557,P04557,JBL Tune 510BT presentación familiar,Audífonos inalámbricos Bluetooth,984.43,49,1,2026-02-15 13:15:00,2026-02-26 21:15:00
4558,P04558,Samsung Monitor T350 24 pulgadas edición especial,Monitor Full HD de 24 pulgadas con panel IPS,2862.04,50,1,2026-04-18 12:30:00,2026-04-24 13:45:00
4559,P04559,Tefal Plancha Ultragliss edición especial,Plancha de vapor para ropa,1085.18,30,0,2026-03-25 11:30:00,2026-04-04 14:00:00
4560,P04560,Black+Decker Tostador 2 rebanadas color azul,Tostador eléctrico de dos ranuras,533.01,56,1,2026-08-30 18:45:00,2026-09-22 05:30:00
4561,P04561,Nivea Crema corporal modelo 2026,Crema hidratante para cuerpo,118.18,75,1,2026-04-17 14:15:00,2026-05-24 19:00:00
4562,P04562,Everlast Guantes de boxeo 12 oz,Guantes de boxeo para entrenamiento,646.82,36,1,2026-08-04 17:15:00,2026-09-10 18:00:00
4563,P04563,T-fal Juego de sartenes 3 piezas paquete individual,Juego de sartenes antiadherentes,1261.36,44,1,2026-05-03 11:15:00,2026-06-10 15:30:00
4564,P04564,Vasconia Cacerola 24cm edición especial,Cacerola de aluminio con tapa,457.73,4,1,2026-01-25 13:00:00,2026-02-20 16:15:00
4565,P04565,Logitech Mouse G203 presentación familiar,Mouse para gaming con sensor óptico,699.9,45,1,2026-01-05 11:00:00,2026-02-19 22:45:00
4566,P04566,Michelin Energy XM2+,Neumático para automóvil,1862.03,50,1,2026-02-01 09:30:00,2026-03-05 14:45:00
4567,P04567,Adidas Runfalcon 5 versión estándar,Calzado deportivo para correr,1529.94,142,1,2026-06-05 13:15:00,2026-07-05 22:00:00
4568,P04568,Vasconia Cacerola 24cm,Cacerola de aluminio con tapa,500.3,44,0,2026-07-06 19:45:00,2026-07-30 22:00:00
4569,P04569,Scotch-Brite Esponjas multiusos paquete individual,Paquete de esponjas para limpieza doméstica,82.84,150,1,2026-05-24 10:45:00,2026-05-25 13:15:00
4570,P04570,Kong Classic M modelo 2026,Juguete resistente para perros,348.17,41,1,2026-01-04 10:15:00,2026-01-14 17:45:00
4571,P04571,Logitech Teclado K120 edición especial,Teclado alámbrico USB de tamaño completo,346.91,47,1,2026-07-21 18:30:00,2026-07-29 04:00:00
4572,P04572,Rubbermaid Contenedor 10L color azul,Contenedor plástico para almacenamiento,204.43,90,1,2026-03-10 10:45:00,2026-04-02 15:45:00
4573,P04573,Gillette Mach3 color azul,Rastrillo para afeitar con tres hojas,188.53,105,0,2026-03-08 17:00:00,2026-03-10 18:15:00
4574,P04574,Cinsa Olla de presión 6L color rojo,Olla de presión de aluminio de 6 litros,1065.39,80,1,2026-08-09 14:15:00,2026-09-18 17:15:00
4575,P04575,Vasconia Cacerola 24cm versión estándar,Cacerola de aluminio con tapa,484.87,27,1,2026-03-19 15:30:00,2026-04-16 01:00:00
4576,P04576,HP DeskJet 2875 paquete individual,Impresora multifuncional inalámbrica,1943.26,114,1,2026-08-28 08:30:00,2026-09-07 18:45:00
4577,P04577,Tefal Plancha Ultragliss color azul,Plancha de vapor para ropa,1105.3,106,0,2026-05-20 13:30:00,2026-06-14 20:45:00
4578,P04578,Michelin Energy XM2+ color negro,Neumático para automóvil,2058.6,150,0,2026-08-04 09:15:00,2026-08-06 10:15:00
4579,P04579,Koblenz Aspiradora WD-2 paquete individual,Aspiradora para limpieza doméstica,1501.46,127,1,2026-07-15 18:30:00,2026-07-28 05:45:00
4580,P04580,Pyrex Recipiente de vidrio 1L paquete con 2 piezas,Recipiente de vidrio resistente al calor,250.03,103,1,2026-06-23 18:30:00,2026-07-24 23:15:00
4581,P04581,Nike Revolution 7 versión estándar,Tenis deportivos para entrenamiento,1575.81,144,1,2026-03-30 09:15:00,2026-04-15 17:00:00
4582,P04582,Scotch-Brite Esponjas multiusos color negro,Paquete de esponjas para limpieza doméstica,81.49,0,1,2026-04-05 14:45:00,2026-04-22 18:30:00
4583,P04583,Puma Essentials Hoodie color negro,Sudadera deportiva con capucha,981.02,118,1,2026-06-24 09:15:00,2026-06-29 15:00:00
4584,P04584,BIC Bolígrafo Cristal,Bolígrafo de tinta azul,12.66,6,1,2026-03-05 10:00:00,2026-04-17 21:15:00
4585,P04585,Pedigree Adulto 2kg,Alimento seco para perros adultos,152.95,129,1,2026-04-14 08:45:00,2026-05-02 19:15:00
4586,P04586,Ninja Air Fryer 4L,Freidora de aire de 4 litros,1927.06,67,1,2026-01-04 14:15:00,2026-01-14 17:30:00
4587,P04587,Spalding TF-1000 edición especial,Balón de basquetbol para interiores,767.55,87,0,2026-01-07 12:45:00,2026-01-10 15:30:00
4588,P04588,Whiskas Adulto 1.5kg paquete individual,Alimento seco para gatos adultos,136.72,13,1,2026-05-24 19:15:00,2026-07-08 19:30:00
4589,P04589,Logitech Teclado K120 color azul,Teclado alámbrico USB de tamaño completo,344.37,127,1,2026-03-24 19:30:00,2026-04-28 21:00:00
4590,P04590,Wilson Pelota de tenis Championship,Pelota de tenis para entrenamiento,143.07,109,1,2026-07-29 13:30:00,2026-08-07 23:15:00
4591,P04591,Tramontina Sartén 24cm paquete con 2 piezas,Sartén antiadherente de 24 centímetros,521.63,47,0,2026-08-28 10:15:00,2026-10-06 15:00:00
4592,P04592,Logitech Mouse M185 color negro,Mouse inalámbrico compacto con receptor USB,333.84,22,1,2026-06-10 08:45:00,2026-07-25 18:15:00
4593,P04593,Black+Decker Tostador 2 rebanadas versión estándar,Tostador eléctrico de dos ranuras,534.38,49,0,2026-04-21 08:30:00,2026-04-22 12:00:00
4594,P04594,Kong Classic M paquete con 2 piezas,Juguete resistente para perros,368.33,46,1,2026-01-28 11:30:00,2026-03-09 19:00:00
4595,P04595,Tramontina Sartén 24cm color negro,Sartén antiadherente de 24 centímetros,474.45,15,1,2026-06-25 16:30:00,2026-08-09 21:00:00
4596,P04596,BIC Bolígrafo Cristal modelo 2026,Bolígrafo de tinta azul,11.31,68,1,2026-05-25 17:15:00,2026-07-09 05:00:00
4597,P04597,Sharpie Marcador permanente color rojo,Marcador permanente de punta fina,38.85,93,1,2026-07-16 13:00:00,2026-08-24 13:00:00
4598,P04598,TP-Link Archer C6 paquete con 2 piezas,Router inalámbrico Gigabit AC1200,955.18,1,1,2026-08-26 12:30:00,2026-10-06 00:45:00
4599,P04599,Cinsa Olla de presión 6L edición especial,Olla de presión de aluminio de 6 litros,932.85,85,1,2026-01-11 19:00:00,2026-01-25 04:30:00
4600,P04600,Scotch-Brite Esponjas multiusos color azul,Paquete de esponjas para limpieza doméstica,88.23,105,1,2026-02-10 10:15:00,2026-02-27 18:15:00
4601,P04601,Spalding TF-1000 color rojo,Balón de basquetbol para interiores,794.25,149,1,2026-07-03 11:15:00,2026-07-21 22:30:00
4602,P04602,Vasconia Cacerola 24cm modelo 2026,Cacerola de aluminio con tapa,490.09,137,1,2026-01-14 09:30:00,2026-02-24 21:45:00
4603,P04603,Black+Decker Tostador 2 rebanadas modelo 2026,Tostador eléctrico de dos ranuras,468.13,0,1,2026-06-13 15:00:00,2026-07-15 21:15:00
4604,P04604,Oster Licuadora clásica,Licuadora de vaso para preparación de alimentos,883.6,131,1,2026-08-09 14:30:00,2026-09-01 01:45:00
4605,P04605,Kingston Fury Beast 8GB versión estándar,Memoria RAM DDR4 de 8 GB,533.55,15,1,2026-09-03 17:45:00,2026-09-13 03:00:00
4606,P04606,Kingston DataTraveler Exodia 64GB presentación familiar,Memoria USB 3.2 de 64 GB,140.9,48,1,2026-06-19 09:30:00,2026-07-10 10:30:00
4607,P04607,Sharpie Marcador permanente edición especial,Marcador permanente de punta fina,34.37,1,1,2026-06-03 10:00:00,2026-06-11 11:15:00
4608,P04608,Philips Hervidor HD9350,Hervidor eléctrico de acero inoxidable,977.17,24,1,2026-06-26 17:15:00,2026-06-28 02:15:00
4609,P04609,JBL Tune 510BT modelo 2026,Audífonos inalámbricos Bluetooth,868.42,1,1,2026-04-08 16:45:00,2026-04-12 23:30:00
4610,P04610,Gillette Mach3 edición especial,Rastrillo para afeitar con tres hojas,188.84,148,1,2026-08-13 15:15:00,2026-09-10 03:30:00
4611,P04611,Staedtler Lápiz Noris HB paquete individual,Lápiz de grafito HB,14.66,108,1,2026-06-30 09:30:00,2026-08-11 11:00:00
4612,P04612,Post-it Notas adhesivas 76x76mm color azul,Bloc de notas adhesivas amarillas,71.01,69,1,2026-03-18 12:15:00,2026-04-06 15:45:00
4613,P04613,TP-Link Archer C6 paquete individual,Router inalámbrico Gigabit AC1200,933.75,60,1,2026-08-08 15:45:00,2026-08-22 04:15:00
4614,P04614,Logitech Mouse M185 color negro,Mouse inalámbrico compacto con receptor USB,336.96,118,0,2026-05-27 08:30:00,2026-05-30 20:30:00
4615,P04615,Wilson Pelota de tenis Championship color azul,Pelota de tenis para entrenamiento,128.35,88,1,2026-01-19 08:30:00,2026-02-25 11:15:00
4616,P04616,Tramontina Juego de cuchillos 6 piezas edición especial,Set de cuchillos para cocina,839.89,52,1,2026-09-06 15:15:00,2026-10-18 16:45:00
4617,P04617,T-fal Juego de sartenes 3 piezas edición especial,Juego de sartenes antiadherentes,1082.23,140,1,2026-03-17 15:00:00,2026-04-03 15:45:00
4618,P04618,Colgate Total 12,Pasta dental de protección integral,72.36,41,1,2026-02-23 14:30:00,2026-02-23 20:15:00
4619,P04619,LG Monitor 24MP400-B modelo 2026,Monitor LED Full HD de 24 pulgadas,3009.76,144,1,2026-01-31 16:45:00,2026-02-16 02:15:00
4620,P04620,Kingston NV2 1TB paquete con 2 piezas,Unidad SSD NVMe M.2 de 1 TB,1515.0,130,1,2026-06-05 11:30:00,2026-07-06 21:00:00
4621,P04621,Vasconia Cacerola 24cm paquete con 2 piezas,Cacerola de aluminio con tapa,504.08,116,1,2026-04-14 11:30:00,2026-05-01 19:00:00
4622,P04622,UGREEN Adaptador USB-C versión estándar,Adaptador USB-C a USB 3.0,254.38,82,1,2026-06-16 12:00:00,2026-07-07 12:30:00
4623,P04623,Kong Classic M edición especial,Juguete resistente para perros,366.17,54,1,2026-07-13 16:45:00,2026-07-24 00:30:00
4624,P04624,Rubbermaid Contenedor 10L,Contenedor plástico para almacenamiento,215.98,14,1,2026-09-06 16:15:00,2026-09-26 04:15:00
4625,P04625,Tramontina Sartén 24cm presentación familiar,Sartén antiadherente de 24 centímetros,526.65,32,1,2026-07-14 14:00:00,2026-07-17 14:15:00
4626,P04626,Michelin Energy XM2+ edición especial,Neumático para automóvil,1745.86,140,0,2026-02-23 09:00:00,2026-03-01 17:15:00
4627,P04627,Tefal Plancha Ultragliss paquete con 2 piezas,Plancha de vapor para ropa,1176.21,93,1,2026-02-05 18:30:00,2026-02-25 03:00:00
4628,P04628,Koblenz Aspiradora WD-2 color rojo,Aspiradora para limpieza doméstica,1547.72,49,1,2026-04-28 12:30:00,2026-04-28 23:45:00
4629,P04629,Pedigree Adulto 2kg color negro,Alimento seco para perros adultos,162.1,97,1,2026-07-28 16:30:00,2026-07-30 23:15:00
4630,P04630,Pilot G2 presentación familiar,Bolígrafo de gel de tinta negra,39.6,97,1,2026-07-26 08:45:00,2026-08-25 19:00:00
4631,P04631,T-fal Juego de sartenes 3 piezas color rojo,Juego de sartenes antiadherentes,1303.71,125,1,2026-07-06 18:15:00,2026-08-14 23:15:00
4632,P04632,Pedigree Adulto 2kg presentación familiar,Alimento seco para perros adultos,168.6,34,1,2026-03-22 11:15:00,2026-04-04 16:15:00
4633,P04633,Sterilite Caja organizadora 40L paquete individual,Caja plástica con tapa para almacenamiento,385.91,149,1,2026-03-21 16:45:00,2026-05-03 22:00:00
4634,P04634,Tramontina Sartén 24cm,Sartén antiadherente de 24 centímetros,467.7,128,1,2026-06-16 19:00:00,2026-06-29 03:30:00
4635,P04635,Rubbermaid Contenedor 10L color rojo,Contenedor plástico para almacenamiento,195.9,15,1,2026-04-06 19:00:00,2026-04-30 03:45:00
4636,P04636,Samsung Monitor T350 24 pulgadas color negro,Monitor Full HD de 24 pulgadas con panel IPS,2982.83,103,1,2026-03-10 16:00:00,2026-04-23 01:15:00
4637,P04637,JBL Go 4 color rojo,Bocina portátil Bluetooth,1204.87,145,1,2026-05-29 14:30:00,2026-06-07 17:00:00
4638,P04638,Vasconia Cacerola 24cm color azul,Cacerola de aluminio con tapa,554.21,95,1,2026-05-28 12:00:00,2026-07-04 23:00:00
4639,P04639,Koblenz Aspiradora WD-2 edición especial,Aspiradora para limpieza doméstica,1506.07,47,1,2026-09-13 11:15:00,2026-10-01 17:00:00
4640,P04640,Hamilton Beach Cafetera 12 tazas color azul,Cafetera programable de 12 tazas,745.62,135,1,2026-06-22 17:30:00,2026-07-22 17:30:00
4641,P04641,Pedigree Adulto 2kg paquete individual,Alimento seco para perros adultos,163.12,2,1,2026-06-05 12:30:00,2026-07-03 15:00:00
4642,P04642,BIC Bolígrafo Cristal modelo 2026,Bolígrafo de tinta azul,11.9,68,0,2026-08-21 09:30:00,2026-09-21 17:30:00
4643,P04643,Logitech Webcam C920s versión estándar,Cámara web Full HD con micrófono estéreo,1402.7,58,1,2026-06-02 10:45:00,2026-06-26 14:00:00
4644,P04644,Logitech Webcam C920s color azul,Cámara web Full HD con micrófono estéreo,1427.88,101,1,2026-03-20 15:00:00,2026-04-19 23:15:00
4645,P04645,Kingston NV2 1TB modelo 2026,Unidad SSD NVMe M.2 de 1 TB,1524.58,9,1,2026-03-21 15:15:00,2026-04-21 03:30:00
4646,P04646,Castrol GTX 5W-30 1L paquete con 2 piezas,Aceite para motor de automóvil,150.02,71,1,2026-03-20 19:45:00,2026-04-10 07:30:00
4647,P04647,Puma Essentials Hoodie,Sudadera deportiva con capucha,934.46,15,1,2026-07-15 12:45:00,2026-07-26 00:45:00
4648,P04648,BIC Bolígrafo Cristal color rojo,Bolígrafo de tinta azul,11.96,64,1,2026-06-16 16:00:00,2026-07-10 22:30:00
4649,P04649,Colgate Total 12 color negro,Pasta dental de protección integral,74.52,121,1,2026-05-27 19:00:00,2026-06-07 04:30:00
4650,P04650,Scribe Cuaderno profesional presentación familiar,Cuaderno de hojas rayadas,86.84,68,0,2026-03-03 15:00:00,2026-03-26 18:15:00
4651,P04651,Sterilite Caja organizadora 40L color negro,Caja plástica con tapa para almacenamiento,335.77,51,1,2026-05-15 09:45:00,2026-06-17 13:45:00
4652,P04652,Tramontina Juego de cuchillos 6 piezas color azul,Set de cuchillos para cocina,781.24,73,1,2026-05-28 09:45:00,2026-07-09 16:45:00
4653,P04653,Whiskas Adulto 1.5kg paquete con 2 piezas,Alimento seco para gatos adultos,164.77,25,0,2026-09-09 12:15:00,2026-09-28 16:00:00
4654,P04654,Hamilton Beach Cafetera 12 tazas paquete individual,Cafetera programable de 12 tazas,751.9,58,1,2026-09-10 19:45:00,2026-09-11 22:00:00
4655,P04655,Puma Essentials Hoodie modelo 2026,Sudadera deportiva con capucha,907.07,3,1,2026-02-22 19:00:00,2026-03-13 06:15:00
4656,P04656,Colgate Total 12 presentación familiar,Pasta dental de protección integral,64.74,52,1,2026-08-02 18:00:00,2026-08-05 04:15:00
4657,P04657,Gillette Mach3 versión estándar,Rastrillo para afeitar con tres hojas,204.39,42,1,2026-04-14 08:45:00,2026-05-01 13:00:00
4658,P04658,Avery Etiquetas adhesivas color negro,Paquete de etiquetas autoadhesivas,129.35,81,1,2026-04-04 17:45:00,2026-05-01 05:00:00
4659,P04659,Logitech Mouse M185 edición especial,Mouse inalámbrico compacto con receptor USB,357.56,149,0,2026-09-09 16:00:00,2026-09-26 20:15:00
4660,P04660,Tramontina Juego de cuchillos 6 piezas color rojo,Set de cuchillos para cocina,850.39,63,1,2026-01-06 15:00:00,2026-02-15 21:30:00
4661,P04661,Logitech Webcam C920s versión estándar,Cámara web Full HD con micrófono estéreo,1380.87,76,1,2026-04-26 17:15:00,2026-05-24 20:45:00
4662,P04662,Pyrex Recipiente de vidrio 1L color azul,Recipiente de vidrio resistente al calor,238.24,41,1,2026-01-29 14:30:00,2026-02-23 15:45:00
4663,P04663,Puma Essentials Hoodie color azul,Sudadera deportiva con capucha,1032.09,143,1,2026-04-16 09:00:00,2026-05-02 14:45:00
4664,P04664,Rubbermaid Contenedor 10L modelo 2026,Contenedor plástico para almacenamiento,213.28,130,1,2026-02-18 09:15:00,2026-03-24 16:00:00
4665,P04665,Pedigree Adulto 2kg color azul,Alimento seco para perros adultos,176.94,128,1,2026-03-14 19:15:00,2026-04-19 05:30:00
4666,P04666,Gillette Mach3 presentación familiar,Rastrillo para afeitar con tres hojas,199.85,140,0,2026-01-02 12:45:00,2026-01-26 14:30:00
4667,P04667,Pedigree Adulto 2kg presentación familiar,Alimento seco para perros adultos,160.05,77,1,2026-04-21 19:45:00,2026-04-22 00:00:00
4668,P04668,Cinsa Olla de presión 6L,Olla de presión de aluminio de 6 litros,1057.26,106,1,2026-08-17 17:00:00,2026-09-01 22:45:00
4669,P04669,Logitech Mouse G203 paquete individual,Mouse para gaming con sensor óptico,688.7,50,1,2026-07-14 19:15:00,2026-07-16 02:15:00
4670,P04670,T-fal Juego de sartenes 3 piezas paquete individual,Juego de sartenes antiadherentes,1294.92,65,1,2026-05-06 15:15:00,2026-06-04 17:15:00
4671,P04671,Logitech Teclado K120,Teclado alámbrico USB de tamaño completo,337.55,85,1,2026-03-11 18:15:00,2026-03-25 01:30:00
4672,P04672,Kingston NV2 1TB color rojo,Unidad SSD NVMe M.2 de 1 TB,1413.41,121,0,2026-03-06 11:30:00,2026-04-05 21:15:00
4673,P04673,Scribe Cuaderno profesional color negro,Cuaderno de hojas rayadas,88.83,33,1,2026-04-06 19:15:00,2026-05-07 05:45:00
4674,P04674,Wilson Pelota de tenis Championship color negro,Pelota de tenis para entrenamiento,125.22,56,1,2026-04-25 19:30:00,2026-04-30 23:30:00
4675,P04675,Oster Licuadora clásica versión estándar,Licuadora de vaso para preparación de alimentos,856.46,133,1,2026-02-25 17:45:00,2026-04-01 19:30:00
4676,P04676,T-fal Juego de sartenes 3 piezas paquete con 2 piezas,Juego de sartenes antiadherentes,1280.88,79,1,2026-03-09 15:15:00,2026-04-06 18:00:00
4677,P04677,Logitech Mouse G203 versión estándar,Mouse para gaming con sensor óptico,710.94,141,1,2026-04-29 11:30:00,2026-05-28 21:15:00
4678,P04678,Colgate Total 12,Pasta dental de protección integral,65.66,90,1,2026-05-15 14:00:00,2026-05-23 00:30:00
4679,P04679,Ninja Air Fryer 4L color azul,Freidora de aire de 4 litros,1879.48,24,1,2026-01-21 19:45:00,2026-03-03 22:15:00
4680,P04680,Kingston DataTraveler Exodia 64GB edición especial,Memoria USB 3.2 de 64 GB,146.45,55,0,2026-06-26 17:45:00,2026-08-09 20:45:00
4681,P04681,Gillette Mach3 paquete individual,Rastrillo para afeitar con tres hojas,192.66,58,1,2026-08-22 17:30:00,2026-09-05 05:45:00
4682,P04682,Kingston Fury Beast 8GB presentación familiar,Memoria RAM DDR4 de 8 GB,543.66,81,1,2026-08-01 14:45:00,2026-08-15 23:00:00
4683,P04683,Koblenz Aspiradora WD-2 color rojo,Aspiradora para limpieza doméstica,1672.54,103,1,2026-08-11 16:00:00,2026-08-20 20:00:00
4684,P04684,JBL Go 4 versión estándar,Bocina portátil Bluetooth,1037.62,19,1,2026-03-20 16:45:00,2026-04-20 21:30:00
4685,P04685,Kong Classic M modelo 2026,Juguete resistente para perros,340.55,125,1,2026-07-22 14:30:00,2026-07-28 14:30:00
4686,P04686,Pedigree Adulto 2kg edición especial,Alimento seco para perros adultos,161.48,62,1,2026-03-28 19:00:00,2026-05-02 20:15:00
4687,P04687,Kong Classic M color rojo,Juguete resistente para perros,315.2,10,1,2026-03-11 11:15:00,2026-03-16 15:30:00
4688,P04688,Black+Decker Tostador 2 rebanadas color azul,Tostador eléctrico de dos ranuras,499.05,7,1,2026-06-03 08:00:00,2026-06-20 19:00:00
4689,P04689,Puma Essentials Hoodie modelo 2026,Sudadera deportiva con capucha,1034.9,111,1,2026-06-17 17:00:00,2026-06-26 04:00:00
4690,P04690,Tefal Plancha Ultragliss color negro,Plancha de vapor para ropa,1268.07,41,1,2026-02-02 18:30:00,2026-03-07 02:45:00
4691,P04691,Logitech Teclado K120 paquete individual,Teclado alámbrico USB de tamaño completo,335.21,134,1,2026-06-24 15:45:00,2026-07-02 00:45:00
4692,P04692,Ninja Air Fryer 4L,Freidora de aire de 4 litros,1851.58,90,1,2026-07-22 13:00:00,2026-08-24 17:15:00
4693,P04693,Oster Licuadora clásica,Licuadora de vaso para preparación de alimentos,915.08,2,0,2026-03-30 10:30:00,2026-04-20 16:15:00
4694,P04694,Kong Classic M,Juguete resistente para perros,358.2,45,1,2026-09-07 12:45:00,2026-09-07 13:45:00
4695,P04695,Whiskas Adulto 1.5kg modelo 2026,Alimento seco para gatos adultos,158.42,16,1,2026-04-02 09:00:00,2026-05-03 13:45:00
4696,P04696,Logitech Mouse G203 versión estándar,Mouse para gaming con sensor óptico,780.31,107,1,2026-02-03 10:30:00,2026-03-11 13:00:00
4697,P04697,BIC Bolígrafo Cristal modelo 2026,Bolígrafo de tinta azul,12.6,131,1,2026-07-01 16:30:00,2026-07-18 05:00:00
4698,P04698,Tefal Plancha Ultragliss color rojo,Plancha de vapor para ropa,1327.0,56,1,2026-05-04 16:00:00,2026-06-01 03:45:00
4699,P04699,Scotch-Brite Esponjas multiusos color rojo,Paquete de esponjas para limpieza doméstica,88.98,39,1,2026-08-07 08:45:00,2026-08-26 17:15:00
4700,P04700,Samsung Monitor T350 24 pulgadas color negro,Monitor Full HD de 24 pulgadas con panel IPS,2812.33,51,1,2026-07-21 17:45:00,2026-08-06 03:00:00
4701,P04701,Logitech Mouse G203 edición especial,Mouse para gaming con sensor óptico,768.4,131,1,2026-02-17 11:45:00,2026-02-21 15:45:00
4702,P04702,SanDisk Ultra microSD 128GB edición especial,Tarjeta microSD de 128 GB,289.47,133,1,2026-07-23 19:00:00,2026-09-02 00:00:00
4703,P04703,JBL Tune 510BT color rojo,Audífonos inalámbricos Bluetooth,974.1,97,1,2026-08-07 10:15:00,2026-08-22 15:45:00
4704,P04704,Logitech Mouse G203 presentación familiar,Mouse para gaming con sensor óptico,629.59,82,1,2026-01-20 13:00:00,2026-02-23 01:15:00
4705,P04705,Koblenz Aspiradora WD-2 color rojo,Aspiradora para limpieza doméstica,1722.29,85,1,2026-05-01 09:45:00,2026-05-09 12:15:00
4706,P04706,Wilson Pelota de tenis Championship paquete individual,Pelota de tenis para entrenamiento,118.14,45,0,2026-07-22 12:00:00,2026-08-03 23:30:00
4707,P04707,Pilot G2 color azul,Bolígrafo de gel de tinta negra,42.72,93,0,2026-07-27 19:45:00,2026-08-30 03:30:00
4708,P04708,Oster Licuadora clásica versión estándar,Licuadora de vaso para preparación de alimentos,845.03,41,1,2026-09-18 15:45:00,2026-10-31 23:15:00
4709,P04709,Avery Etiquetas adhesivas paquete individual,Paquete de etiquetas autoadhesivas,121.21,98,1,2026-03-24 08:45:00,2026-03-29 17:00:00
4710,P04710,Spalding TF-1000 paquete con 2 piezas,Balón de basquetbol para interiores,846.87,17,1,2026-01-01 13:45:00,2026-01-02 22:15:00
4711,P04711,Kingston DataTraveler Exodia 64GB,Memoria USB 3.2 de 64 GB,146.5,21,0,2026-05-17 09:15:00,2026-05-30 18:15:00
4712,P04712,Bosch Bujía de encendido versión estándar,Bujía para motor de gasolina,139.71,85,1,2026-05-08 09:30:00,2026-05-25 15:00:00
4713,P04713,Castrol GTX 5W-30 1L paquete individual,Aceite para motor de automóvil,158.98,22,1,2026-08-03 13:30:00,2026-09-13 19:45:00
4714,P04714,LG Monitor 24MP400-B presentación familiar,Monitor LED Full HD de 24 pulgadas,2613.32,107,1,2026-07-31 14:15:00,2026-09-14 18:30:00
4715,P04715,Samsung Monitor T350 24 pulgadas,Monitor Full HD de 24 pulgadas con panel IPS,2461.25,121,1,2026-03-22 09:45:00,2026-03-24 13:30:00
4716,P04716,Wilson Pelota de tenis Championship edición especial,Pelota de tenis para entrenamiento,133.57,62,1,2026-05-18 15:00:00,2026-06-15 02:30:00
4717,P04717,Nivea Crema corporal modelo 2026,Crema hidratante para cuerpo,118.61,131,1,2026-02-04 17:15:00,2026-02-24 05:30:00
4718,P04718,Hamilton Beach Cafetera 12 tazas color azul,Cafetera programable de 12 tazas,870.44,120,1,2026-03-09 10:00:00,2026-03-20 14:30:00
4719,P04719,Adidas Runfalcon 5 modelo 2026,Calzado deportivo para correr,1263.47,85,1,2026-04-14 16:45:00,2026-05-27 20:15:00
4720,P04720,Tramontina Sartén 24cm versión estándar,Sartén antiadherente de 24 centímetros,521.95,70,0,2026-02-11 17:45:00,2026-03-21 05:15:00
4721,P04721,Puma Essentials Hoodie paquete individual,Sudadera deportiva con capucha,1064.02,65,0,2026-06-23 19:00:00,2026-07-05 00:00:00
4722,P04722,TP-Link Archer C6 versión estándar,Router inalámbrico Gigabit AC1200,1087.68,29,1,2026-07-01 10:00:00,2026-08-02 21:30:00
4723,P04723,UGREEN Adaptador USB-C,Adaptador USB-C a USB 3.0,240.38,81,1,2026-03-28 12:00:00,2026-04-10 17:45:00
4724,P04724,Amazon Basics Cable HDMI 2m color azul,Cable HDMI de alta velocidad de 2 metros,211.14,49,1,2026-05-27 10:15:00,2026-05-30 12:30:00
4725,P04725,Tramontina Sartén 24cm paquete con 2 piezas,Sartén antiadherente de 24 centímetros,509.07,118,1,2026-03-26 15:00:00,2026-03-30 00:00:00
4726,P04726,Hamilton Beach Cafetera 12 tazas color negro,Cafetera programable de 12 tazas,779.38,8,0,2026-06-21 16:15:00,2026-07-04 22:30:00
4727,P04727,Wilson Pelota de tenis Championship modelo 2026,Pelota de tenis para entrenamiento,125.35,63,1,2026-01-19 18:45:00,2026-02-03 20:15:00
4728,P04728,Black+Decker Tostador 2 rebanadas color azul,Tostador eléctrico de dos ranuras,528.16,82,1,2026-04-15 09:45:00,2026-04-20 15:00:00
4729,P04729,Rubbermaid Contenedor 10L paquete individual,Contenedor plástico para almacenamiento,192.82,13,0,2026-02-03 16:15:00,2026-02-10 03:15:00
4730,P04730,Kingston Fury Beast 8GB paquete con 2 piezas,Memoria RAM DDR4 de 8 GB,483.24,92,1,2026-08-12 13:00:00,2026-09-25 15:45:00
4731,P04731,TP-Link Archer C6 color azul,Router inalámbrico Gigabit AC1200,1048.24,150,1,2026-05-05 09:00:00,2026-06-15 13:45:00
4732,P04732,Tramontina Sartén 24cm color rojo,Sartén antiadherente de 24 centímetros,541.48,61,1,2026-06-30 16:30:00,2026-08-15 01:30:00
4733,P04733,T-fal Juego de sartenes 3 piezas edición especial,Juego de sartenes antiadherentes,1332.54,111,1,2026-05-30 19:15:00,2026-06-20 21:45:00
4734,P04734,Kingston DataTraveler Exodia 64GB,Memoria USB 3.2 de 64 GB,129.37,2,1,2026-06-05 19:45:00,2026-06-15 05:30:00
4735,P04735,Puma Essentials Hoodie presentación familiar,Sudadera deportiva con capucha,1054.96,38,1,2026-03-13 16:45:00,2026-03-31 01:45:00
4736,P04736,Amazon Basics Cable HDMI 2m edición especial,Cable HDMI de alta velocidad de 2 metros,197.59,125,1,2026-04-15 08:45:00,2026-05-25 18:00:00
4737,P04737,Bosch Bujía de encendido edición especial,Bujía para motor de gasolina,135.54,90,1,2026-04-30 11:45:00,2026-05-25 12:15:00
4738,P04738,Ninja Air Fryer 4L edición especial,Freidora de aire de 4 litros,1762.45,10,1,2026-09-10 08:45:00,2026-10-05 17:15:00
4739,P04739,Dove Jabón corporal presentación familiar,Jabón corporal de uso diario,49.28,11,1,2026-06-26 09:15:00,2026-08-05 10:00:00
4740,P04740,Bosch Bujía de encendido edición especial,Bujía para motor de gasolina,132.26,138,1,2026-07-13 12:15:00,2026-08-02 00:15:00
4741,P04741,TP-Link Archer C6 paquete individual,Router inalámbrico Gigabit AC1200,958.83,73,1,2026-01-19 12:15:00,2026-02-20 15:45:00
4742,P04742,Tefal Plancha Ultragliss color azul,Plancha de vapor para ropa,1291.45,48,1,2026-06-20 19:30:00,2026-07-13 00:00:00
4743,P04743,Tramontina Sartén 24cm presentación familiar,Sartén antiadherente de 24 centímetros,498.74,100,1,2026-08-04 17:30:00,2026-08-28 17:45:00
4744,P04744,Ninja Air Fryer 4L paquete con 2 piezas,Freidora de aire de 4 litros,1917.55,10,1,2026-08-06 15:30:00,2026-09-11 22:15:00
4745,P04745,T-fal Juego de sartenes 3 piezas edición especial,Juego de sartenes antiadherentes,1232.96,50,0,2026-01-26 11:00:00,2026-01-30 17:00:00
4746,P04746,Scotch-Brite Esponjas multiusos paquete con 2 piezas,Paquete de esponjas para limpieza doméstica,84.47,106,0,2026-06-12 18:15:00,2026-07-09 05:30:00
4747,P04747,BIC Bolígrafo Cristal modelo 2026,Bolígrafo de tinta azul,12.33,6,1,2026-01-04 13:30:00,2026-02-04 18:30:00
4748,P04748,Whiskas Adulto 1.5kg paquete con 2 piezas,Alimento seco para gatos adultos,134.26,127,1,2026-03-02 16:30:00,2026-04-14 01:15:00
4749,P04749,JBL Go 4 paquete con 2 piezas,Bocina portátil Bluetooth,1187.3,89,1,2026-06-08 17:45:00,2026-07-04 05:15:00
4750,P04750,Logitech Webcam C920s,Cámara web Full HD con micrófono estéreo,1554.46,110,0,2026-07-14 13:15:00,2026-08-22 20:45:00
4751,P04751,Nike Revolution 7 versión estándar,Tenis deportivos para entrenamiento,1597.73,79,1,2026-04-16 15:15:00,2026-04-28 02:15:00
4752,P04752,APC Back-UPS 600VA color negro,Sistema de respaldo de energía de 600 VA,1899.21,10,0,2026-07-12 13:15:00,2026-07-12 19:30:00
4753,P04753,Kingston NV2 1TB,Unidad SSD NVMe M.2 de 1 TB,1323.44,22,1,2026-01-08 19:15:00,2026-01-22 00:45:00
4754,P04754,Gillette Mach3 edición especial,Rastrillo para afeitar con tres hojas,207.28,42,1,2026-02-24 19:00:00,2026-04-01 03:15:00
4755,P04755,Hamilton Beach Cafetera 12 tazas color azul,Cafetera programable de 12 tazas,772.55,8,0,2026-06-19 15:30:00,2026-06-22 04:00:00
4756,P04756,Dove Jabón corporal edición especial,Jabón corporal de uso diario,51.11,67,1,2026-02-21 14:45:00,2026-03-28 23:45:00
4757,P04757,Hamilton Beach Cafetera 12 tazas color negro,Cafetera programable de 12 tazas,761.7,34,1,2026-05-03 15:30:00,2026-05-17 15:30:00
4758,P04758,Avery Etiquetas adhesivas paquete individual,Paquete de etiquetas autoadhesivas,126.69,149,1,2026-06-22 13:30:00,2026-08-01 17:00:00
4759,P04759,LG Monitor 24MP400-B modelo 2026,Monitor LED Full HD de 24 pulgadas,2893.48,104,1,2026-01-24 10:15:00,2026-02-25 21:00:00
4760,P04760,Everlast Guantes de boxeo 12 oz color rojo,Guantes de boxeo para entrenamiento,675.69,50,1,2026-07-17 17:15:00,2026-08-23 01:30:00
4761,P04761,Koblenz Aspiradora WD-2 versión estándar,Aspiradora para limpieza doméstica,1533.82,83,1,2026-09-13 13:45:00,2026-09-25 14:45:00
4762,P04762,Ninja Air Fryer 4L color rojo,Freidora de aire de 4 litros,1943.78,127,1,2026-02-03 16:15:00,2026-03-20 17:00:00
4763,P04763,JBL Tune 510BT modelo 2026,Audífonos inalámbricos Bluetooth,882.14,91,1,2026-09-14 13:30:00,2026-09-17 19:30:00
4764,P04764,T-fal Juego de sartenes 3 piezas color azul,Juego de sartenes antiadherentes,1171.94,145,1,2026-08-19 14:45:00,2026-10-02 18:00:00
4765,P04765,Kingston DataTraveler Exodia 64GB color rojo,Memoria USB 3.2 de 64 GB,141.86,75,0,2026-03-27 19:30:00,2026-04-26 03:15:00
4766,P04766,Gillette Mach3,Rastrillo para afeitar con tres hojas,195.8,85,1,2026-03-22 11:45:00,2026-04-30 17:30:00
4767,P04767,Adidas Runfalcon 5 presentación familiar,Calzado deportivo para correr,1339.53,81,1,2026-02-09 13:45:00,2026-02-10 20:15:00
4768,P04768,SanDisk Ultra microSD 128GB,Tarjeta microSD de 128 GB,294.35,74,0,2026-03-18 11:15:00,2026-04-08 16:00:00
4769,P04769,UGREEN Adaptador USB-C modelo 2026,Adaptador USB-C a USB 3.0,247.65,74,1,2026-02-01 10:00:00,2026-02-25 21:00:00
4770,P04770,Kingston Fury Beast 8GB modelo 2026,Memoria RAM DDR4 de 8 GB,545.05,135,1,2026-02-25 13:45:00,2026-02-25 21:00:00
4771,P04771,Puma Essentials Hoodie presentación familiar,Sudadera deportiva con capucha,1101.08,19,1,2026-01-24 11:45:00,2026-03-05 22:15:00
4772,P04772,Philips Hervidor HD9350 paquete con 2 piezas,Hervidor eléctrico de acero inoxidable,1070.97,60,1,2026-05-25 11:45:00,2026-06-01 12:45:00
4773,P04773,Logitech Mouse M185 versión estándar,Mouse inalámbrico compacto con receptor USB,369.72,60,1,2026-05-25 18:30:00,2026-07-06 01:30:00
4774,P04774,Everlast Guantes de boxeo 12 oz presentación familiar,Guantes de boxeo para entrenamiento,679.02,36,1,2026-02-10 15:15:00,2026-03-10 03:15:00
4775,P04775,Cinsa Olla de presión 6L,Olla de presión de aluminio de 6 litros,1059.11,34,1,2026-02-06 18:30:00,2026-02-26 02:30:00
4776,P04776,Spalding TF-1000 color azul,Balón de basquetbol para interiores,753.85,108,0,2026-08-22 15:00:00,2026-09-05 18:15:00
4777,P04777,T-fal Juego de sartenes 3 piezas edición especial,Juego de sartenes antiadherentes,1182.55,26,1,2026-04-01 10:15:00,2026-04-10 18:45:00
4778,P04778,Tramontina Juego de cuchillos 6 piezas presentación familiar,Set de cuchillos para cocina,775.65,142,0,2026-07-03 13:45:00,2026-07-12 00:30:00
4779,P04779,Gillette Mach3 color rojo,Rastrillo para afeitar con tres hojas,180.12,56,1,2026-06-11 09:45:00,2026-06-17 11:30:00
4780,P04780,Logitech Teclado K120,Teclado alámbrico USB de tamaño completo,299.59,2,0,2026-04-20 18:00:00,2026-04-23 20:15:00
4781,P04781,Avery Etiquetas adhesivas edición especial,Paquete de etiquetas autoadhesivas,123.49,82,1,2026-08-31 11:45:00,2026-10-11 16:15:00
4782,P04782,Pyrex Recipiente de vidrio 1L color negro,Recipiente de vidrio resistente al calor,219.23,58,1,2026-01-18 13:30:00,2026-02-15 01:45:00
4783,P04783,Scotch-Brite Esponjas multiusos paquete con 2 piezas,Paquete de esponjas para limpieza doméstica,90.67,90,1,2026-05-16 10:00:00,2026-05-22 10:45:00
4784,P04784,Hamilton Beach Cafetera 12 tazas color azul,Cafetera programable de 12 tazas,778.42,65,0,2026-03-20 11:15:00,2026-04-06 12:00:00
4785,P04785,Bosch Bujía de encendido color azul,Bujía para motor de gasolina,121.24,139,0,2026-03-05 12:45:00,2026-04-13 22:45:00
4786,P04786,Everlast Guantes de boxeo 12 oz presentación familiar,Guantes de boxeo para entrenamiento,717.13,116,0,2026-03-01 19:00:00,2026-03-28 00:00:00
4787,P04787,Pilot G2 color rojo,Bolígrafo de gel de tinta negra,41.38,80,0,2026-01-31 12:00:00,2026-01-31 19:00:00
4788,P04788,Adidas Runfalcon 5 modelo 2026,Calzado deportivo para correr,1471.89,62,1,2026-03-05 11:30:00,2026-04-08 21:00:00
4789,P04789,UGREEN Adaptador USB-C edición especial,Adaptador USB-C a USB 3.0,271.9,77,1,2026-03-23 10:45:00,2026-03-28 21:30:00
4790,P04790,Tramontina Sartén 24cm,Sartén antiadherente de 24 centímetros,530.56,47,0,2026-05-27 08:15:00,2026-06-25 10:30:00
4791,P04791,BIC Bolígrafo Cristal color negro,Bolígrafo de tinta azul,11.27,57,0,2026-03-23 14:15:00,2026-03-30 02:15:00
4792,P04792,Logitech Teclado K120 presentación familiar,Teclado alámbrico USB de tamaño completo,346.35,33,1,2026-06-17 12:15:00,2026-06-21 00:30:00
4793,P04793,Pyrex Recipiente de vidrio 1L color rojo,Recipiente de vidrio resistente al calor,239.77,58,0,2026-05-16 09:00:00,2026-05-25 21:45:00
4794,P04794,Pyrex Recipiente de vidrio 1L edición especial,Recipiente de vidrio resistente al calor,235.87,103,1,2026-03-07 17:15:00,2026-04-13 01:45:00
4795,P04795,Oster Licuadora clásica edición especial,Licuadora de vaso para preparación de alimentos,860.61,128,1,2026-07-18 16:15:00,2026-08-17 01:00:00
4796,P04796,Oster Licuadora clásica paquete con 2 piezas,Licuadora de vaso para preparación de alimentos,886.86,122,1,2026-05-16 10:45:00,2026-06-12 18:30:00
4797,P04797,HP DeskJet 2875 edición especial,Impresora multifuncional inalámbrica,1745.24,16,0,2026-08-31 10:45:00,2026-10-12 13:15:00
4798,P04798,Scribe Cuaderno profesional versión estándar,Cuaderno de hojas rayadas,80.57,119,1,2026-07-01 14:45:00,2026-08-06 20:00:00
4799,P04799,APC Back-UPS 600VA,Sistema de respaldo de energía de 600 VA,1604.16,22,1,2026-09-01 15:45:00,2026-09-08 22:15:00
4800,P04800,Spalding TF-1000 color azul,Balón de basquetbol para interiores,809.56,124,0,2026-09-07 18:15:00,2026-10-22 00:15:00
4801,P04801,Gillette Mach3 versión estándar,Rastrillo para afeitar con tres hojas,193.45,2,1,2026-07-31 09:30:00,2026-08-05 10:45:00
4802,P04802,Sterilite Caja organizadora 40L color rojo,Caja plástica con tapa para almacenamiento,385.63,32,1,2026-07-03 19:15:00,2026-07-24 02:45:00
4803,P04803,T-fal Juego de sartenes 3 piezas modelo 2026,Juego de sartenes antiadherentes,1336.94,38,0,2026-05-06 18:45:00,2026-06-07 23:30:00
4804,P04804,Pyrex Recipiente de vidrio 1L presentación familiar,Recipiente de vidrio resistente al calor,235.82,41,0,2026-04-24 12:00:00,2026-05-21 23:30:00
4805,P04805,Nike Revolution 7 versión estándar,Tenis deportivos para entrenamiento,1492.47,62,0,2026-01-14 19:30:00,2026-01-27 22:00:00
4806,P04806,Wilson Pelota de tenis Championship color rojo,Pelota de tenis para entrenamiento,137.88,16,0,2026-05-31 13:15:00,2026-06-06 14:15:00
4807,P04807,Sterilite Caja organizadora 40L versión estándar,Caja plástica con tapa para almacenamiento,369.58,144,1,2026-02-22 17:15:00,2026-03-09 21:15:00
4808,P04808,Nike Revolution 7 edición especial,Tenis deportivos para entrenamiento,1605.3,33,0,2026-03-05 11:45:00,2026-03-18 12:15:00
4809,P04809,Nivea Crema corporal edición especial,Crema hidratante para cuerpo,119.29,26,1,2026-03-24 09:30:00,2026-03-29 14:45:00
4810,P04810,JBL Go 4 presentación familiar,Bocina portátil Bluetooth,1090.98,88,1,2026-05-30 08:15:00,2026-06-11 20:00:00
4811,P04811,Nike Revolution 7 color negro,Tenis deportivos para entrenamiento,1762.91,62,1,2026-05-06 15:45:00,2026-06-10 19:45:00
4812,P04812,Scribe Cuaderno profesional versión estándar,Cuaderno de hojas rayadas,87.87,141,1,2026-08-22 17:15:00,2026-09-13 01:00:00
4813,P04813,Hamilton Beach Cafetera 12 tazas color negro,Cafetera programable de 12 tazas,811.0,47,1,2026-06-23 18:00:00,2026-07-19 06:30:00
4814,P04814,Spalding TF-1000 color azul,Balón de basquetbol para interiores,796.15,48,1,2026-01-05 10:30:00,2026-01-27 18:00:00
4815,P04815,Whiskas Adulto 1.5kg edición especial,Alimento seco para gatos adultos,165.82,73,0,2026-04-12 08:15:00,2026-05-11 16:30:00
4816,P04816,Koblenz Aspiradora WD-2 edición especial,Aspiradora para limpieza doméstica,1474.5,0,1,2026-04-09 11:15:00,2026-05-13 14:00:00
4817,P04817,Pedigree Adulto 2kg paquete individual,Alimento seco para perros adultos,175.64,87,1,2026-03-18 10:00:00,2026-03-30 21:30:00
4818,P04818,Tefal Plancha Ultragliss edición especial,Plancha de vapor para ropa,1303.84,64,0,2026-04-25 15:30:00,2026-05-06 00:45:00
4819,P04819,Vasconia Cacerola 24cm,Cacerola de aluminio con tapa,525.81,129,0,2026-01-27 11:15:00,2026-02-18 21:15:00
4820,P04820,Koblenz Aspiradora WD-2 color rojo,Aspiradora para limpieza doméstica,1790.42,47,1,2026-02-28 19:15:00,2026-03-14 06:30:00
4821,P04821,Dove Jabón corporal,Jabón corporal de uso diario,49.57,78,0,2026-06-21 18:15:00,2026-07-03 19:30:00
4822,P04822,TP-Link Archer C6 color rojo,Router inalámbrico Gigabit AC1200,948.65,127,0,2026-03-08 19:00:00,2026-04-12 19:45:00
4823,P04823,Philips Hervidor HD9350 paquete con 2 piezas,Hervidor eléctrico de acero inoxidable,923.43,28,0,2026-06-20 13:00:00,2026-06-28 20:45:00
4824,P04824,Bosch Bujía de encendido paquete individual,Bujía para motor de gasolina,128.07,125,0,2026-03-20 11:45:00,2026-04-13 13:15:00
4825,P04825,Logitech Webcam C920s color azul,Cámara web Full HD con micrófono estéreo,1483.46,62,1,2026-04-29 09:45:00,2026-05-19 19:30:00
4826,P04826,Logitech Mouse G203 color negro,Mouse para gaming con sensor óptico,694.16,37,1,2026-04-20 12:30:00,2026-05-13 23:15:00
4827,P04827,Pilot G2 paquete individual,Bolígrafo de gel de tinta negra,38.89,128,1,2026-08-01 09:45:00,2026-08-16 14:45:00
4828,P04828,Post-it Notas adhesivas 76x76mm paquete individual,Bloc de notas adhesivas amarillas,71.9,43,1,2026-02-27 17:30:00,2026-03-09 05:15:00
4829,P04829,Wilson Pelota de tenis Championship presentación familiar,Pelota de tenis para entrenamiento,138.46,98,1,2026-04-06 17:30:00,2026-04-20 00:15:00
4830,P04830,Staedtler Lápiz Noris HB paquete individual,Lápiz de grafito HB,15.7,49,1,2026-06-05 18:30:00,2026-06-06 22:45:00
4831,P04831,Ninja Air Fryer 4L color rojo,Freidora de aire de 4 litros,2069.85,27,1,2026-01-21 19:45:00,2026-02-19 23:45:00
4832,P04832,Rubbermaid Contenedor 10L paquete con 2 piezas,Contenedor plástico para almacenamiento,213.64,56,0,2026-04-13 12:30:00,2026-04-15 01:15:00
4833,P04833,Samsung Monitor T350 24 pulgadas color azul,Monitor Full HD de 24 pulgadas con panel IPS,2871.62,58,1,2026-07-10 19:30:00,2026-07-22 23:45:00
4834,P04834,Sterilite Caja organizadora 40L edición especial,Caja plástica con tapa para almacenamiento,348.35,18,1,2026-03-26 08:30:00,2026-04-01 13:45:00
4835,P04835,Koblenz Aspiradora WD-2 paquete con 2 piezas,Aspiradora para limpieza doméstica,1588.37,22,1,2026-05-09 18:30:00,2026-06-06 07:00:00
4836,P04836,Post-it Notas adhesivas 76x76mm color rojo,Bloc de notas adhesivas amarillas,68.95,68,1,2026-09-10 13:15:00,2026-09-29 01:00:00
4837,P04837,Kingston NV2 1TB color negro,Unidad SSD NVMe M.2 de 1 TB,1307.82,54,0,2026-07-17 11:15:00,2026-08-11 21:15:00
4838,P04838,Scribe Cuaderno profesional versión estándar,Cuaderno de hojas rayadas,90.74,100,1,2026-06-19 11:00:00,2026-06-26 14:30:00
4839,P04839,Whiskas Adulto 1.5kg color negro,Alimento seco para gatos adultos,156.99,135,1,2026-01-14 18:00:00,2026-02-08 01:00:00
4840,P04840,Cinsa Olla de presión 6L paquete con 2 piezas,Olla de presión de aluminio de 6 litros,989.16,20,1,2026-08-08 13:00:00,2026-08-08 13:30:00
4841,P04841,Bosch Bujía de encendido presentación familiar,Bujía para motor de gasolina,144.05,134,1,2026-06-14 19:15:00,2026-07-24 08:00:00
4842,P04842,Tramontina Sartén 24cm modelo 2026,Sartén antiadherente de 24 centímetros,484.89,139,0,2026-03-31 17:45:00,2026-04-05 23:45:00
4843,P04843,Cinsa Olla de presión 6L modelo 2026,Olla de presión de aluminio de 6 litros,944.65,145,1,2026-07-11 15:15:00,2026-08-20 01:45:00
4844,P04844,Tramontina Sartén 24cm color azul,Sartén antiadherente de 24 centímetros,540.21,98,1,2026-01-24 13:15:00,2026-02-11 21:00:00
4845,P04845,JBL Tune 510BT paquete con 2 piezas,Audífonos inalámbricos Bluetooth,961.23,4,1,2026-07-08 13:15:00,2026-08-23 00:30:00
4846,P04846,Logitech Teclado K120 paquete individual,Teclado alámbrico USB de tamaño completo,329.56,94,1,2026-03-26 09:15:00,2026-05-08 12:45:00
4847,P04847,Hamilton Beach Cafetera 12 tazas paquete individual,Cafetera programable de 12 tazas,842.76,13,1,2026-05-21 10:00:00,2026-06-01 12:15:00
4848,P04848,Logitech Teclado K120 color negro,Teclado alámbrico USB de tamaño completo,320.66,32,1,2026-02-18 17:45:00,2026-03-09 02:00:00
4849,P04849,Nivea Crema corporal color rojo,Crema hidratante para cuerpo,112.77,133,1,2026-03-17 13:45:00,2026-03-26 00:00:00
4850,P04850,Adidas Runfalcon 5 versión estándar,Calzado deportivo para correr,1318.67,116,0,2026-05-05 13:30:00,2026-06-05 20:15:00
4851,P04851,Cinsa Olla de presión 6L,Olla de presión de aluminio de 6 litros,973.73,97,1,2026-05-06 12:15:00,2026-06-06 23:15:00
4852,P04852,T-fal Juego de sartenes 3 piezas presentación familiar,Juego de sartenes antiadherentes,1215.32,94,0,2026-01-08 08:00:00,2026-02-14 11:00:00
4853,P04853,Kingston DataTraveler Exodia 64GB presentación familiar,Memoria USB 3.2 de 64 GB,154.41,58,1,2026-08-21 15:15:00,2026-09-09 23:00:00
4854,P04854,SanDisk Ultra microSD 128GB paquete individual,Tarjeta microSD de 128 GB,323.64,95,1,2026-01-15 19:30:00,2026-02-28 00:15:00
4855,P04855,TP-Link Archer C6 paquete con 2 piezas,Router inalámbrico Gigabit AC1200,920.47,19,1,2026-01-31 11:00:00,2026-02-13 20:45:00
4856,P04856,Logitech Mouse M185 versión estándar,Mouse inalámbrico compacto con receptor USB,328.68,142,0,2026-03-29 17:30:00,2026-04-24 17:30:00
4857,P04857,Whiskas Adulto 1.5kg presentación familiar,Alimento seco para gatos adultos,151.78,4,1,2026-02-27 18:00:00,2026-03-31 00:45:00
4858,P04858,Kingston DataTraveler Exodia 64GB color negro,Memoria USB 3.2 de 64 GB,147.08,114,0,2026-05-09 08:30:00,2026-06-01 14:15:00
4859,P04859,BIC Bolígrafo Cristal,Bolígrafo de tinta azul,12.18,48,1,2026-02-22 17:00:00,2026-03-19 04:30:00
4860,P04860,HP DeskJet 2875 versión estándar,Impresora multifuncional inalámbrica,1901.05,33,1,2026-01-28 11:45:00,2026-02-17 16:30:00
4861,P04861,Michelin Energy XM2+,Neumático para automóvil,1770.2,1,1,2026-05-05 18:45:00,2026-06-15 04:15:00
4862,P04862,Bosch Bujía de encendido paquete con 2 piezas,Bujía para motor de gasolina,116.6,38,1,2026-06-23 17:30:00,2026-07-16 01:00:00
4863,P04863,Kingston DataTraveler Exodia 64GB paquete con 2 piezas,Memoria USB 3.2 de 64 GB,150.35,84,1,2026-03-01 16:45:00,2026-04-07 20:00:00
4864,P04864,Adidas Runfalcon 5 color negro,Calzado deportivo para correr,1498.64,113,1,2026-04-10 08:00:00,2026-05-19 14:30:00
4865,P04865,Sharpie Marcador permanente color negro,Marcador permanente de punta fina,35.72,29,1,2026-03-30 17:00:00,2026-04-20 04:15:00
4866,P04866,Pyrex Recipiente de vidrio 1L versión estándar,Recipiente de vidrio resistente al calor,249.88,24,0,2026-02-10 08:00:00,2026-03-22 20:45:00
4867,P04867,Puma Essentials Hoodie color negro,Sudadera deportiva con capucha,916.62,108,1,2026-07-22 15:00:00,2026-07-25 16:30:00
4868,P04868,Cinsa Olla de presión 6L,Olla de presión de aluminio de 6 litros,994.92,103,1,2026-08-15 10:30:00,2026-08-16 18:00:00
4869,P04869,Kingston DataTraveler Exodia 64GB presentación familiar,Memoria USB 3.2 de 64 GB,144.45,54,0,2026-06-02 09:45:00,2026-07-15 22:30:00
4870,P04870,APC Back-UPS 600VA color azul,Sistema de respaldo de energía de 600 VA,1857.5,20,1,2026-04-19 09:15:00,2026-05-25 18:30:00
4871,P04871,Tramontina Juego de cuchillos 6 piezas color negro,Set de cuchillos para cocina,862.97,45,1,2026-03-13 10:30:00,2026-03-26 11:00:00
4872,P04872,Whiskas Adulto 1.5kg edición especial,Alimento seco para gatos adultos,162.0,131,1,2026-06-06 13:15:00,2026-06-14 23:45:00
4873,P04873,Scotch-Brite Esponjas multiusos paquete individual,Paquete de esponjas para limpieza doméstica,93.62,75,1,2026-06-30 10:30:00,2026-07-13 15:15:00
4874,P04874,Kong Classic M color rojo,Juguete resistente para perros,337.9,129,1,2026-07-26 12:45:00,2026-08-30 15:00:00
4875,P04875,T-fal Juego de sartenes 3 piezas paquete con 2 piezas,Juego de sartenes antiadherentes,1113.45,112,1,2026-09-15 14:00:00,2026-09-24 15:45:00
4876,P04876,Tefal Plancha Ultragliss presentación familiar,Plancha de vapor para ropa,1243.16,61,1,2026-04-10 11:30:00,2026-04-18 13:45:00
4877,P04877,Rubbermaid Contenedor 10L color negro,Contenedor plástico para almacenamiento,195.31,4,0,2026-03-14 17:00:00,2026-03-20 03:45:00
4878,P04878,Kingston Fury Beast 8GB edición especial,Memoria RAM DDR4 de 8 GB,513.5,95,0,2026-07-08 16:45:00,2026-08-11 05:00:00
4879,P04879,Logitech Mouse M185 modelo 2026,Mouse inalámbrico compacto con receptor USB,339.07,35,1,2026-02-03 13:45:00,2026-03-16 02:00:00
4880,P04880,APC Back-UPS 600VA color rojo,Sistema de respaldo de energía de 600 VA,1546.92,77,0,2026-04-13 18:30:00,2026-05-07 19:45:00
4881,P04881,Wilson Pelota de tenis Championship presentación familiar,Pelota de tenis para entrenamiento,139.05,17,1,2026-04-17 18:30:00,2026-05-13 19:45:00
4882,P04882,Philips Hervidor HD9350 color negro,Hervidor eléctrico de acero inoxidable,985.84,21,1,2026-07-24 19:00:00,2026-08-20 21:00:00
4883,P04883,Scotch-Brite Esponjas multiusos paquete con 2 piezas,Paquete de esponjas para limpieza doméstica,88.06,101,1,2026-01-04 19:15:00,2026-02-11 03:00:00
4884,P04884,Sharpie Marcador permanente color rojo,Marcador permanente de punta fina,31.93,98,1,2026-01-28 16:30:00,2026-02-04 21:15:00
4885,P04885,Adidas Runfalcon 5 paquete individual,Calzado deportivo para correr,1378.43,43,0,2026-04-27 19:30:00,2026-05-24 04:15:00
4886,P04886,Michelin Energy XM2+ paquete individual,Neumático para automóvil,1756.67,95,1,2026-07-20 19:00:00,2026-08-13 07:00:00
4887,P04887,BIC Bolígrafo Cristal edición especial,Bolígrafo de tinta azul,11.98,5,1,2026-08-29 15:00:00,2026-10-10 15:00:00
4888,P04888,Hamilton Beach Cafetera 12 tazas color rojo,Cafetera programable de 12 tazas,823.71,144,1,2026-07-10 14:30:00,2026-08-07 22:45:00
4889,P04889,Tramontina Sartén 24cm modelo 2026,Sartén antiadherente de 24 centímetros,555.41,132,0,2026-04-19 18:45:00,2026-05-02 00:45:00
4890,P04890,Philips Hervidor HD9350 paquete con 2 piezas,Hervidor eléctrico de acero inoxidable,1049.6,147,1,2026-01-08 12:15:00,2026-02-05 14:15:00
4891,P04891,Kong Classic M color rojo,Juguete resistente para perros,315.81,116,1,2026-03-28 12:15:00,2026-04-11 22:45:00
4892,P04892,Kingston DataTraveler Exodia 64GB color rojo,Memoria USB 3.2 de 64 GB,137.87,102,1,2026-03-01 17:00:00,2026-04-12 02:00:00
4893,P04893,Amazon Basics Cable HDMI 2m color azul,Cable HDMI de alta velocidad de 2 metros,228.02,54,0,2026-06-01 08:00:00,2026-07-11 19:30:00
4894,P04894,APC Back-UPS 600VA paquete con 2 piezas,Sistema de respaldo de energía de 600 VA,1774.38,31,0,2026-09-02 16:45:00,2026-09-06 19:00:00
4895,P04895,Scotch-Brite Esponjas multiusos,Paquete de esponjas para limpieza doméstica,84.81,124,0,2026-06-09 17:15:00,2026-07-09 01:30:00
4896,P04896,Tefal Plancha Ultragliss color azul,Plancha de vapor para ropa,1207.66,44,1,2026-02-15 11:15:00,2026-02-27 23:30:00
4897,P04897,Scribe Cuaderno profesional color rojo,Cuaderno de hojas rayadas,96.2,14,1,2026-09-15 19:15:00,2026-09-21 05:00:00
4898,P04898,Oster Licuadora clásica presentación familiar,Licuadora de vaso para preparación de alimentos,938.75,45,0,2026-02-17 08:15:00,2026-03-22 10:00:00
4899,P04899,Logitech Mouse G203 color rojo,Mouse para gaming con sensor óptico,737.29,50,1,2026-01-29 17:15:00,2026-02-04 02:15:00
4900,P04900,Cinsa Olla de presión 6L modelo 2026,Olla de presión de aluminio de 6 litros,1089.47,114,1,2026-03-03 19:00:00,2026-03-13 19:15:00
4901,P04901,Kingston Fury Beast 8GB paquete individual,Memoria RAM DDR4 de 8 GB,548.5,21,1,2026-04-07 18:45:00,2026-05-18 05:00:00
4902,P04902,Tefal Plancha Ultragliss modelo 2026,Plancha de vapor para ropa,1259.87,53,1,2026-09-09 12:15:00,2026-10-17 23:00:00
4903,P04903,UGREEN Adaptador USB-C paquete individual,Adaptador USB-C a USB 3.0,237.97,87,1,2026-05-10 12:15:00,2026-05-31 00:00:00
4904,P04904,Black+Decker Tostador 2 rebanadas color negro,Tostador eléctrico de dos ranuras,503.89,76,1,2026-04-17 09:15:00,2026-05-21 10:45:00
4905,P04905,Gillette Mach3 paquete individual,Rastrillo para afeitar con tres hojas,180.86,72,1,2026-07-12 09:15:00,2026-07-14 18:30:00
4906,P04906,Amazon Basics Cable HDMI 2m modelo 2026,Cable HDMI de alta velocidad de 2 metros,197.39,147,1,2026-03-11 13:00:00,2026-03-16 01:30:00
4907,P04907,Nivea Crema corporal,Crema hidratante para cuerpo,107.45,16,1,2026-02-15 12:00:00,2026-03-20 23:30:00
4908,P04908,Black+Decker Tostador 2 rebanadas paquete individual,Tostador eléctrico de dos ranuras,481.64,15,1,2026-05-29 14:15:00,2026-06-10 20:45:00
4909,P04909,Tramontina Juego de cuchillos 6 piezas edición especial,Set de cuchillos para cocina,868.09,5,1,2026-03-23 15:45:00,2026-04-08 23:30:00
4910,P04910,SanDisk Ultra microSD 128GB versión estándar,Tarjeta microSD de 128 GB,269.44,41,1,2026-08-29 11:45:00,2026-10-13 11:45:00
4911,P04911,Kingston NV2 1TB presentación familiar,Unidad SSD NVMe M.2 de 1 TB,1557.9,57,1,2026-07-23 16:15:00,2026-08-01 04:45:00
4912,P04912,Dove Jabón corporal color negro,Jabón corporal de uso diario,47.33,85,0,2026-02-16 12:45:00,2026-03-19 16:30:00
4913,P04913,Dove Jabón corporal,Jabón corporal de uso diario,47.75,68,1,2026-07-16 18:30:00,2026-08-29 05:30:00
4914,P04914,Philips Hervidor HD9350 color rojo,Hervidor eléctrico de acero inoxidable,1052.46,29,1,2026-03-27 12:00:00,2026-05-02 00:45:00
4915,P04915,Black+Decker Tostador 2 rebanadas versión estándar,Tostador eléctrico de dos ranuras,492.71,139,0,2026-09-15 10:00:00,2026-10-01 22:30:00
4916,P04916,Scotch-Brite Esponjas multiusos color azul,Paquete de esponjas para limpieza doméstica,89.06,88,1,2026-05-14 19:30:00,2026-06-01 21:15:00
4917,P04917,Hamilton Beach Cafetera 12 tazas,Cafetera programable de 12 tazas,751.02,72,0,2026-06-12 14:30:00,2026-07-21 20:30:00
4918,P04918,Pyrex Recipiente de vidrio 1L paquete individual,Recipiente de vidrio resistente al calor,223.58,84,1,2026-03-02 14:00:00,2026-03-09 19:45:00
4919,P04919,Scribe Cuaderno profesional presentación familiar,Cuaderno de hojas rayadas,94.51,128,1,2026-02-16 08:45:00,2026-03-02 14:00:00
4920,P04920,Hamilton Beach Cafetera 12 tazas modelo 2026,Cafetera programable de 12 tazas,739.71,72,0,2026-06-21 09:00:00,2026-08-01 14:00:00
4921,P04921,JBL Go 4 modelo 2026,Bocina portátil Bluetooth,1167.58,81,1,2026-08-17 13:30:00,2026-09-01 20:00:00
4922,P04922,Sharpie Marcador permanente edición especial,Marcador permanente de punta fina,35.52,2,1,2026-01-14 18:30:00,2026-02-06 19:00:00
4923,P04923,Ninja Air Fryer 4L color rojo,Freidora de aire de 4 litros,2023.19,22,1,2026-01-22 11:00:00,2026-02-11 23:45:00
4924,P04924,Michelin Energy XM2+ paquete con 2 piezas,Neumático para automóvil,1876.72,114,1,2026-07-15 18:45:00,2026-07-20 20:30:00
4925,P04925,Logitech Teclado K120 modelo 2026,Teclado alámbrico USB de tamaño completo,328.59,129,1,2026-05-04 18:45:00,2026-05-11 19:00:00
4926,P04926,Kingston Fury Beast 8GB presentación familiar,Memoria RAM DDR4 de 8 GB,529.02,76,0,2026-02-25 14:45:00,2026-03-16 18:30:00
4927,P04927,Staedtler Lápiz Noris HB edición especial,Lápiz de grafito HB,14.12,136,1,2026-01-25 17:15:00,2026-01-29 00:30:00
4928,P04928,Hamilton Beach Cafetera 12 tazas paquete con 2 piezas,Cafetera programable de 12 tazas,839.98,133,1,2026-01-02 09:15:00,2026-01-20 20:15:00
4929,P04929,Cinsa Olla de presión 6L,Olla de presión de aluminio de 6 litros,951.28,55,1,2026-04-23 16:30:00,2026-05-21 20:15:00
4930,P04930,HP DeskJet 2875,Impresora multifuncional inalámbrica,1851.04,14,1,2026-07-17 13:45:00,2026-07-19 00:45:00
4931,P04931,JBL Go 4 versión estándar,Bocina portátil Bluetooth,1131.73,100,1,2026-08-26 11:00:00,2026-09-23 18:30:00
4932,P04932,BIC Bolígrafo Cristal versión estándar,Bolígrafo de tinta azul,12.87,113,0,2026-04-02 10:45:00,2026-04-25 12:00:00
4933,P04933,Rubbermaid Contenedor 10L edición especial,Contenedor plástico para almacenamiento,214.11,134,1,2026-02-01 08:45:00,2026-02-11 15:15:00
4934,P04934,Adidas Runfalcon 5 color rojo,Calzado deportivo para correr,1372.6,35,1,2026-01-12 11:30:00,2026-02-21 20:45:00
4935,P04935,Logitech Webcam C920s color azul,Cámara web Full HD con micrófono estéreo,1429.17,128,1,2026-04-10 12:00:00,2026-05-17 19:00:00
4936,P04936,Cinsa Olla de presión 6L color azul,Olla de presión de aluminio de 6 litros,963.77,136,1,2026-08-04 19:00:00,2026-09-03 03:15:00
4937,P04937,Adidas Runfalcon 5,Calzado deportivo para correr,1280.62,128,1,2026-03-26 18:45:00,2026-04-30 05:30:00
4938,P04938,Castrol GTX 5W-30 1L color negro,Aceite para motor de automóvil,150.01,97,1,2026-01-18 13:15:00,2026-02-01 15:30:00
4939,P04939,Philips Hervidor HD9350 presentación familiar,Hervidor eléctrico de acero inoxidable,1009.36,75,1,2026-09-18 11:00:00,2026-10-31 20:30:00
4940,P04940,Logitech Teclado K120 color azul,Teclado alámbrico USB de tamaño completo,303.6,118,1,2026-02-05 11:00:00,2026-03-07 19:00:00
4941,P04941,Scotch-Brite Esponjas multiusos versión estándar,Paquete de esponjas para limpieza doméstica,82.22,45,1,2026-08-06 10:30:00,2026-09-11 14:30:00
4942,P04942,Philips Hervidor HD9350 modelo 2026,Hervidor eléctrico de acero inoxidable,1103.61,101,1,2026-04-08 09:00:00,2026-05-11 12:00:00
4943,P04943,Logitech Teclado K120 color negro,Teclado alámbrico USB de tamaño completo,305.12,88,1,2026-02-04 18:45:00,2026-03-21 04:45:00
4944,P04944,Wilson Pelota de tenis Championship,Pelota de tenis para entrenamiento,143.15,44,1,2026-06-06 15:00:00,2026-06-30 00:45:00
4945,P04945,Pilot G2 presentación familiar,Bolígrafo de gel de tinta negra,42.72,9,1,2026-02-06 16:30:00,2026-02-25 04:30:00
4946,P04946,Kingston Fury Beast 8GB color rojo,Memoria RAM DDR4 de 8 GB,509.08,60,1,2026-07-20 12:15:00,2026-08-18 14:15:00
4947,P04947,Cinsa Olla de presión 6L versión estándar,Olla de presión de aluminio de 6 litros,1111.35,91,1,2026-01-28 12:45:00,2026-02-12 20:45:00
4948,P04948,Philips Hervidor HD9350 paquete individual,Hervidor eléctrico de acero inoxidable,1095.9,84,1,2026-07-19 17:15:00,2026-08-12 06:00:00
4949,P04949,Spalding TF-1000 paquete individual,Balón de basquetbol para interiores,725.18,49,1,2026-06-06 15:15:00,2026-06-26 19:00:00
4950,P04950,Rubbermaid Contenedor 10L paquete con 2 piezas,Contenedor plástico para almacenamiento,181.14,109,1,2026-04-02 18:00:00,2026-04-27 20:45:00
4951,P04951,TP-Link Archer C6 paquete con 2 piezas,Router inalámbrico Gigabit AC1200,976.45,59,1,2026-06-03 10:15:00,2026-06-27 18:00:00
4952,P04952,Vasconia Cacerola 24cm,Cacerola de aluminio con tapa,554.73,14,1,2026-04-08 08:15:00,2026-04-25 08:30:00
4953,P04953,Scotch-Brite Esponjas multiusos presentación familiar,Paquete de esponjas para limpieza doméstica,85.86,79,0,2026-03-08 09:15:00,2026-03-31 12:00:00
4954,P04954,Castrol GTX 5W-30 1L edición especial,Aceite para motor de automóvil,151.58,20,0,2026-05-10 09:30:00,2026-06-16 19:45:00
4955,P04955,Sharpie Marcador permanente paquete con 2 piezas,Marcador permanente de punta fina,34.57,76,1,2026-04-27 17:00:00,2026-06-10 21:30:00
4956,P04956,Nivea Crema corporal paquete con 2 piezas,Crema hidratante para cuerpo,122.05,49,1,2026-03-21 09:45:00,2026-04-07 18:15:00
4957,P04957,Pedigree Adulto 2kg versión estándar,Alimento seco para perros adultos,153.55,139,1,2026-05-23 15:45:00,2026-06-09 22:45:00
4958,P04958,Logitech Teclado K120 edición especial,Teclado alámbrico USB de tamaño completo,350.58,131,1,2026-01-31 13:30:00,2026-02-13 21:30:00
4959,P04959,Wilson Pelota de tenis Championship paquete con 2 piezas,Pelota de tenis para entrenamiento,142.14,13,1,2026-08-03 16:45:00,2026-08-13 01:00:00
4960,P04960,Adidas Runfalcon 5 presentación familiar,Calzado deportivo para correr,1393.99,78,1,2026-06-06 13:30:00,2026-07-16 21:15:00
4961,P04961,JBL Go 4 color rojo,Bocina portátil Bluetooth,1009.96,21,1,2026-02-26 08:00:00,2026-03-22 08:00:00
4962,P04962,Scotch-Brite Esponjas multiusos edición especial,Paquete de esponjas para limpieza doméstica,86.51,101,0,2026-03-27 16:45:00,2026-04-09 00:45:00
4963,P04963,Scribe Cuaderno profesional paquete individual,Cuaderno de hojas rayadas,81.39,142,1,2026-02-19 18:15:00,2026-03-19 03:30:00
4964,P04964,Wilson Pelota de tenis Championship paquete individual,Pelota de tenis para entrenamiento,135.95,117,1,2026-05-28 18:30:00,2026-07-01 20:45:00
4965,P04965,Tramontina Sartén 24cm color rojo,Sartén antiadherente de 24 centímetros,540.62,11,1,2026-05-11 18:15:00,2026-05-17 23:45:00
4966,P04966,Sterilite Caja organizadora 40L edición especial,Caja plástica con tapa para almacenamiento,353.95,49,1,2026-05-07 13:45:00,2026-06-15 14:45:00
4967,P04967,Cinsa Olla de presión 6L presentación familiar,Olla de presión de aluminio de 6 litros,948.7,107,1,2026-06-23 09:30:00,2026-07-21 20:15:00
4968,P04968,Tramontina Juego de cuchillos 6 piezas edición especial,Set de cuchillos para cocina,833.93,40,1,2026-05-23 17:15:00,2026-06-09 18:00:00
4969,P04969,Kingston Fury Beast 8GB color negro,Memoria RAM DDR4 de 8 GB,510.37,11,0,2026-02-10 16:00:00,2026-02-11 21:15:00
4970,P04970,Pedigree Adulto 2kg paquete individual,Alimento seco para perros adultos,174.08,109,1,2026-06-04 17:15:00,2026-07-05 18:15:00
4971,P04971,Colgate Total 12 modelo 2026,Pasta dental de protección integral,72.51,125,1,2026-02-16 16:45:00,2026-03-19 01:30:00
4972,P04972,Rubbermaid Contenedor 10L paquete individual,Contenedor plástico para almacenamiento,215.5,18,1,2026-08-26 19:00:00,2026-10-06 20:45:00
4973,P04973,JBL Go 4 versión estándar,Bocina portátil Bluetooth,1181.91,38,1,2026-08-02 09:00:00,2026-09-16 09:30:00
4974,P04974,Sharpie Marcador permanente,Marcador permanente de punta fina,34.34,139,1,2026-01-23 12:45:00,2026-01-30 20:00:00
4975,P04975,JBL Go 4 presentación familiar,Bocina portátil Bluetooth,1054.75,64,0,2026-07-11 09:45:00,2026-08-03 13:00:00
4976,P04976,Michelin Energy XM2+ paquete individual,Neumático para automóvil,1841.85,41,0,2026-06-08 13:00:00,2026-07-10 13:30:00
4977,P04977,HP DeskJet 2875 paquete individual,Impresora multifuncional inalámbrica,1824.67,67,1,2026-07-25 16:00:00,2026-08-29 20:00:00
4978,P04978,Spalding TF-1000 paquete con 2 piezas,Balón de basquetbol para interiores,847.39,36,1,2026-07-02 16:30:00,2026-08-02 21:00:00
4979,P04979,Tramontina Sartén 24cm modelo 2026,Sartén antiadherente de 24 centímetros,491.68,148,0,2026-02-26 13:15:00,2026-03-27 20:30:00
4980,P04980,Adidas Runfalcon 5 versión estándar,Calzado deportivo para correr,1493.68,41,1,2026-02-03 08:30:00,2026-03-20 20:45:00
4981,P04981,Vasconia Cacerola 24cm presentación familiar,Cacerola de aluminio con tapa,505.81,103,1,2026-03-11 09:45:00,2026-03-24 21:45:00
4982,P04982,Castrol GTX 5W-30 1L versión estándar,Aceite para motor de automóvil,143.73,131,0,2026-01-02 09:30:00,2026-01-12 14:00:00
4983,P04983,Rubbermaid Contenedor 10L modelo 2026,Contenedor plástico para almacenamiento,221.38,140,1,2026-01-10 10:00:00,2026-01-24 22:30:00
4984,P04984,Nivea Crema corporal paquete con 2 piezas,Crema hidratante para cuerpo,128.35,126,1,2026-05-19 17:45:00,2026-05-28 01:30:00
4985,P04985,Hamilton Beach Cafetera 12 tazas color rojo,Cafetera programable de 12 tazas,795.4,31,1,2026-03-19 19:45:00,2026-03-29 00:15:00
4986,P04986,Scotch-Brite Esponjas multiusos edición especial,Paquete de esponjas para limpieza doméstica,92.68,114,1,2026-07-26 19:00:00,2026-08-13 03:15:00
4987,P04987,Puma Essentials Hoodie color rojo,Sudadera deportiva con capucha,923.69,105,1,2026-04-23 17:15:00,2026-06-07 01:00:00
4988,P04988,Avery Etiquetas adhesivas color rojo,Paquete de etiquetas autoadhesivas,116.16,10,1,2026-05-09 19:45:00,2026-05-26 06:15:00
4989,P04989,Michelin Energy XM2+ paquete individual,Neumático para automóvil,1850.96,49,1,2026-01-22 09:00:00,2026-02-21 21:15:00
4990,P04990,Samsung Monitor T350 24 pulgadas paquete individual,Monitor Full HD de 24 pulgadas con panel IPS,2454.4,42,1,2026-05-09 09:15:00,2026-06-11 20:30:00
4991,P04991,APC Back-UPS 600VA color rojo,Sistema de respaldo de energía de 600 VA,1760.94,95,1,2026-08-09 08:15:00,2026-09-01 18:00:00
4992,P04992,LG Monitor 24MP400-B paquete individual,Monitor LED Full HD de 24 pulgadas,2996.82,11,1,2026-01-13 08:00:00,2026-02-09 17:15:00
4993,P04993,Ninja Air Fryer 4L presentación familiar,Freidora de aire de 4 litros,1779.36,118,1,2026-03-21 15:00:00,2026-04-19 00:00:00
4994,P04994,Samsung Monitor T350 24 pulgadas versión estándar,Monitor Full HD de 24 pulgadas con panel IPS,2475.41,129,1,2026-02-05 16:15:00,2026-02-20 00:00:00
4995,P04995,Adidas Runfalcon 5 color negro,Calzado deportivo para correr,1416.03,57,0,2026-07-24 19:45:00,2026-09-06 08:00:00
4996,P04996,JBL Tune 510BT modelo 2026,Audífonos inalámbricos Bluetooth,866.75,123,1,2026-08-04 11:30:00,2026-09-17 16:15:00
4997,P04997,Tefal Plancha Ultragliss edición especial,Plancha de vapor para ropa,1149.04,35,1,2026-01-16 18:15:00,2026-02-11 04:15:00
4998,P04998,Pilot G2 paquete individual,Bolígrafo de gel de tinta negra,38.72,143,1,2026-08-24 11:45:00,2026-09-14 13:45:00
4999,P04999,Logitech Mouse M185 color rojo,Mouse inalámbrico compacto con receptor USB,370.8,15,1,2026-06-01 14:45:00,2026-07-10 21:45:00
5000,P05000,Oster Licuadora clásica paquete con 2 piezas,Licuadora de vaso para preparación de alimentos,841.21,30,1,2026-01-21 13:30:00,2026-01-28 00:15:00
